SET FOREIGN_KEY_CHECKS = 0;

DROP TABLE IF EXISTS  `fxy_financial_account_sets`;
CREATE TABLE `fxy_financial_account_sets` (
  `id` int(11) NOT NULL AUTO_INCREMENT,
  `company_name` varchar(64) COLLATE utf8mb4_bin NOT NULL COMMENT '单位名称',
  `enable_date` date NOT NULL COMMENT '账套启用年月',
  `credit_code` varchar(64) COLLATE utf8mb4_bin DEFAULT NULL COMMENT '统一社会信用代码',
  `accounting_standards` smallint(6) NOT NULL COMMENT '0.企业会计准则、1.企业会计准则、2.民间非营利组织会计制度',
  `address` varchar(128) COLLATE utf8mb4_bin DEFAULT NULL COMMENT '单位所在地',
  `cashier_module` tinyint(4) NOT NULL DEFAULT '0' COMMENT '是否启用出纳模块',
  `industry` smallint(6) DEFAULT NULL COMMENT '行业',
  `fixed_asset_module` tinyint(4) NOT NULL DEFAULT '0' COMMENT '是否启用固定资产模块',
  `vat_type` smallint(6) NOT NULL DEFAULT '0' COMMENT '增值税种类\n0.小规模纳税人、1.一般纳税人',
  `voucher_reviewed` tinyint(4) NOT NULL DEFAULT '0' COMMENT '凭证是否需要审核',
  `create_date` timestamp NOT NULL DEFAULT CURRENT_TIMESTAMP,
  `creator_id` int(11) NOT NULL COMMENT '创建人',
  `current_account_date` date DEFAULT NULL COMMENT '当前记账年月',
  `encoding` varchar(64) COLLATE utf8mb4_bin NOT NULL DEFAULT '4-2-2-2',
  PRIMARY KEY (`id`) USING BTREE,
  UNIQUE KEY `fxy_financial_account_sets_creator_id_company_name_uindex` (`creator_id`,`company_name`) USING BTREE
) ENGINE=InnoDB AUTO_INCREMENT=115 DEFAULT CHARSET=utf8mb4 COLLATE=utf8mb4_bin COMMENT='账套';

insert into `fxy_financial_account_sets`(`id`,`company_name`,`enable_date`,`credit_code`,`accounting_standards`,`address`,`cashier_module`,`industry`,`fixed_asset_module`,`vat_type`,`voucher_reviewed`,`create_date`,`creator_id`,`current_account_date`,`encoding`) values
(92,'杭州财汇餐谋科技有限公司','2020-02-01','',0,null,0,null,0,0,0,'2020-02-12 15:20:14',17,'2020-02-01','4-2-2-2'),
(93,' 延边万盟','2020-01-01','',0,null,0,0,0,0,0,'2020-02-26 17:04:01',20,'2020-01-01','4-2-2-2'),
(94,'杭州财汇餐谋科技有限公司','2020-01-01','',0,null,0,null,0,0,1,'2020-03-01 00:00:00',19,'2020-03-31','4-2-2-2'),
(95,'米伴警方地铁店','2020-01-01','',0,null,0,null,0,0,1,'2020-03-08 00:00:00',19,'2020-02-29','4-2-2-2'),
(96,'珍财软件','2022-02-01','',0,null,0,null,0,0,1,'2022-02-18 00:00:00',19,'2022-02-01','4-2-2-2'),
(97,'大西洋果汁','2022-02-01','',0,null,0,null,0,0,0,'2022-02-18 22:22:37',19,'2022-02-01','4-2-2-2'),
(98,'试用账号','2022-01-01','',0,'230000',0,8,0,0,1,'2022-02-19 11:06:26',22,'2022-01-01','4-2-2-2'),
(110,'沪小二','2022-01-01','',0,null,0,null,0,0,0,'2022-02-24 20:51:58',19,'2022-02-28','4-2-2-2'),
(111,'寻味麦香','2022-01-01','',0,null,0,null,0,0,0,'2022-03-02 23:10:30',19,'2022-01-01','4-2-2-2'),
(112,'KOKO-杭州三坝店','2018-08-01','',0,null,0,null,0,0,0,'2022-03-10 21:41:54',23,'2018-08-01','4-2-2-2'),
(113,'珍财集团','2022-04-01','',0,null,0,null,0,0,0,'2022-04-15 16:35:13',17,'2022-04-01','4-2-2-2'),
(114,'MMMMM','2022-04-01','',0,null,0,null,0,0,0,'2022-04-15 16:35:56',19,'2022-04-01','4-2-2-2');
DROP TABLE IF EXISTS  `fxy_financial_accounting_category`;
CREATE TABLE `fxy_financial_accounting_category` (
  `id` int(11) NOT NULL AUTO_INCREMENT,
  `name` varchar(32) COLLATE utf8mb4_bin NOT NULL COMMENT '辅助核算类别名称',
  `custom_columns` varchar(512) COLLATE utf8mb4_bin DEFAULT NULL,
  `system_default` bit(1) NOT NULL DEFAULT b'0' COMMENT '是否为系统默认',
  `account_sets_id` int(11) DEFAULT NULL,
  `can_edit` bit(1) NOT NULL DEFAULT b'1',
  PRIMARY KEY (`id`) USING BTREE,
  UNIQUE KEY `fxy_financial_accounting category_account_sets_id_name_uindex` (`account_sets_id`,`name`) USING BTREE
) ENGINE=InnoDB AUTO_INCREMENT=693 DEFAULT CHARSET=utf8mb4 COLLATE=utf8mb4_bin COMMENT='核算类别';

insert into `fxy_financial_accounting_category`(`id`,`name`,`custom_columns`,`system_default`,`account_sets_id`,`can_edit`) values
(539,'客户','助记码,客户类别,经营地址,联系人,手机,税号',b'1',92,b'0'),
(540,'供应商','助记码,供应商类别,经营地址,联系人,手机,税号',b'1',92,b'0'),
(541,'职员','助记码,性别,部门编码,部门名称,职务,岗位,手机,出生日期,入职日期,离职日期',b'1',92,b'0'),
(542,'部门','助记码,负责人,手机,成立日期,撤销日期',b'1',92,b'0'),
(543,'项目','助记码,负责部门,负责人,手机,开始日期,验收日期',b'1',92,b'0'),
(544,'存货','助记码,规格型号,存货类别,计量单位,启用日期,停用日期',b'1',92,b'0'),
(545,'现金流','现金流类别,助记码',b'1',92,b'0'),
(546,'客户','助记码,客户类别,经营地址,联系人,手机,税号',b'1',93,b'0'),
(547,'供应商','助记码,供应商类别,经营地址,联系人,手机,税号',b'1',93,b'0'),
(548,'职员','助记码,性别,部门编码,部门名称,职务,岗位,手机,出生日期,入职日期,离职日期',b'1',93,b'0'),
(549,'部门','助记码,负责人,手机,成立日期,撤销日期',b'1',93,b'0'),
(550,'项目','助记码,负责部门,负责人,手机,开始日期,验收日期',b'1',93,b'0'),
(551,'存货','助记码,规格型号,存货类别,计量单位,启用日期,停用日期',b'1',93,b'0'),
(552,'现金流','现金流类别,助记码',b'1',93,b'0'),
(553,'客户','助记码,客户类别,经营地址,联系人,手机,税号',b'1',94,b'0'),
(554,'供应商','助记码,供应商类别,经营地址,联系人,手机,税号',b'1',94,b'0'),
(555,'职员','助记码,性别,部门编码,部门名称,职务,岗位,手机,出生日期,入职日期,离职日期',b'1',94,b'0'),
(556,'部门','助记码,负责人,手机,成立日期,撤销日期',b'1',94,b'0'),
(557,'项目','助记码,负责部门,负责人,手机,开始日期,验收日期',b'1',94,b'0'),
(558,'存货','助记码,规格型号,存货类别,计量单位,启用日期,停用日期',b'1',94,b'0'),
(559,'现金流','现金流类别,助记码',b'1',94,b'0'),
(560,'客户','助记码,客户类别,经营地址,联系人,手机,税号',b'1',95,b'0'),
(561,'供应商','助记码,供应商类别,经营地址,联系人,手机,税号',b'1',95,b'0'),
(562,'职员','助记码,性别,部门编码,部门名称,职务,岗位,手机,出生日期,入职日期,离职日期',b'1',95,b'0'),
(563,'部门','助记码,负责人,手机,成立日期,撤销日期',b'1',95,b'0'),
(564,'项目','助记码,负责部门,负责人,手机,开始日期,验收日期',b'1',95,b'0'),
(565,'存货','助记码,规格型号,存货类别,计量单位,启用日期,停用日期',b'1',95,b'0'),
(566,'现金流','现金流类别,助记码',b'1',95,b'0'),
(567,'客户','助记码,客户类别,经营地址,联系人,手机,税号',b'1',96,b'0'),
(568,'供应商','助记码,供应商类别,经营地址,联系人,手机,税号',b'1',96,b'0'),
(569,'职员','助记码,性别,部门编码,部门名称,职务,岗位,手机,出生日期,入职日期,离职日期',b'1',96,b'0'),
(570,'部门','助记码,负责人,手机,成立日期,撤销日期',b'1',96,b'0'),
(571,'项目','助记码,负责部门,负责人,手机,开始日期,验收日期',b'1',96,b'0'),
(572,'存货','助记码,规格型号,存货类别,计量单位,启用日期,停用日期',b'1',96,b'0'),
(573,'现金流','现金流类别,助记码',b'1',96,b'0'),
(574,'客户','助记码,客户类别,经营地址,联系人,手机,税号',b'1',97,b'0'),
(575,'供应商','助记码,供应商类别,经营地址,联系人,手机,税号',b'1',97,b'0'),
(576,'职员','助记码,性别,部门编码,部门名称,职务,岗位,手机,出生日期,入职日期,离职日期',b'1',97,b'0'),
(577,'部门','助记码,负责人,手机,成立日期,撤销日期',b'1',97,b'0'),
(578,'项目','助记码,负责部门,负责人,手机,开始日期,验收日期',b'1',97,b'0'),
(579,'存货','助记码,规格型号,存货类别,计量单位,启用日期,停用日期',b'1',97,b'0'),
(580,'现金流','现金流类别,助记码',b'1',97,b'0'),
(581,'客户','助记码,客户类别,经营地址,联系人,手机,税号',b'1',98,b'0'),
(582,'供应商','助记码,供应商类别,经营地址,联系人,手机,税号',b'1',98,b'0'),
(583,'职员','助记码,性别,部门编码,部门名称,职务,岗位,手机,出生日期,入职日期,离职日期',b'1',98,b'0'),
(584,'部门','助记码,负责人,手机,成立日期,撤销日期',b'1',98,b'0'),
(585,'项目','助记码,负责部门,负责人,手机,开始日期,验收日期',b'1',98,b'0'),
(586,'存货','助记码,规格型号,存货类别,计量单位,启用日期,停用日期',b'1',98,b'0'),
(587,'现金流','现金流类别,助记码',b'1',98,b'0'),
(588,'客户','助记码,客户类别,经营地址,联系人,手机,税号',b'1',99,b'0'),
(589,'供应商','助记码,供应商类别,经营地址,联系人,手机,税号',b'1',99,b'0'),
(590,'职员','助记码,性别,部门编码,部门名称,职务,岗位,手机,出生日期,入职日期,离职日期',b'1',99,b'0'),
(591,'部门','助记码,负责人,手机,成立日期,撤销日期',b'1',99,b'0'),
(592,'项目','助记码,负责部门,负责人,手机,开始日期,验收日期',b'1',99,b'0'),
(593,'存货','助记码,规格型号,存货类别,计量单位,启用日期,停用日期',b'1',99,b'0'),
(594,'现金流','现金流类别,助记码',b'1',99,b'0'),
(595,'客户','助记码,客户类别,经营地址,联系人,手机,税号',b'1',100,b'0'),
(596,'供应商','助记码,供应商类别,经营地址,联系人,手机,税号',b'1',100,b'0'),
(597,'职员','助记码,性别,部门编码,部门名称,职务,岗位,手机,出生日期,入职日期,离职日期',b'1',100,b'0'),
(598,'部门','助记码,负责人,手机,成立日期,撤销日期',b'1',100,b'0'),
(599,'项目','助记码,负责部门,负责人,手机,开始日期,验收日期',b'1',100,b'0'),
(600,'存货','助记码,规格型号,存货类别,计量单位,启用日期,停用日期',b'1',100,b'0'),
(601,'现金流','现金流类别,助记码',b'1',100,b'0'),
(651,'客户','助记码,客户类别,经营地址,联系人,手机,税号',b'1',109,b'0'),
(652,'供应商','助记码,供应商类别,经营地址,联系人,手机,税号',b'1',109,b'0'),
(653,'职员','助记码,性别,部门编码,部门名称,职务,岗位,手机,出生日期,入职日期,离职日期',b'1',109,b'0'),
(654,'部门','助记码,负责人,手机,成立日期,撤销日期',b'1',109,b'0'),
(655,'项目','助记码,负责部门,负责人,手机,开始日期,验收日期',b'1',109,b'0'),
(656,'存货','助记码,规格型号,存货类别,计量单位,启用日期,停用日期',b'1',109,b'0'),
(657,'现金流','现金流类别,助记码',b'1',109,b'0'),
(658,'客户','助记码,客户类别,经营地址,联系人,手机,税号',b'1',110,b'0'),
(659,'供应商','助记码,供应商类别,经营地址,联系人,手机,税号',b'1',110,b'0'),
(660,'职员','助记码,性别,部门编码,部门名称,职务,岗位,手机,出生日期,入职日期,离职日期',b'1',110,b'0'),
(661,'部门','助记码,负责人,手机,成立日期,撤销日期',b'1',110,b'0'),
(662,'项目','助记码,负责部门,负责人,手机,开始日期,验收日期',b'1',110,b'0'),
(663,'存货','助记码,规格型号,存货类别,计量单位,启用日期,停用日期',b'1',110,b'0'),
(664,'现金流','现金流类别,助记码',b'1',110,b'0'),
(665,'客户','助记码,客户类别,经营地址,联系人,手机,税号',b'1',111,b'0'),
(666,'供应商','助记码,供应商类别,经营地址,联系人,手机,税号',b'1',111,b'0'),
(667,'职员','助记码,性别,部门编码,部门名称,职务,岗位,手机,出生日期,入职日期,离职日期',b'1',111,b'0'),
(668,'部门','助记码,负责人,手机,成立日期,撤销日期',b'1',111,b'0'),
(669,'项目','助记码,负责部门,负责人,手机,开始日期,验收日期',b'1',111,b'0'),
(670,'存货','助记码,规格型号,存货类别,计量单位,启用日期,停用日期',b'1',111,b'0'),
(671,'现金流','现金流类别,助记码',b'1',111,b'0'),
(672,'客户','助记码,客户类别,经营地址,联系人,手机,税号',b'1',112,b'0'),
(673,'供应商','助记码,供应商类别,经营地址,联系人,手机,税号',b'1',112,b'0'),
(674,'职员','助记码,性别,部门编码,部门名称,职务,岗位,手机,出生日期,入职日期,离职日期',b'1',112,b'0'),
(675,'部门','助记码,负责人,手机,成立日期,撤销日期',b'1',112,b'0'),
(676,'项目','助记码,负责部门,负责人,手机,开始日期,验收日期',b'1',112,b'0'),
(677,'存货','助记码,规格型号,存货类别,计量单位,启用日期,停用日期',b'1',112,b'0'),
(678,'现金流','现金流类别,助记码',b'1',112,b'0'),
(679,'客户','助记码,客户类别,经营地址,联系人,手机,税号',b'1',113,b'0'),
(680,'供应商','助记码,供应商类别,经营地址,联系人,手机,税号',b'1',113,b'0'),
(681,'职员','助记码,性别,部门编码,部门名称,职务,岗位,手机,出生日期,入职日期,离职日期',b'1',113,b'0'),
(682,'部门','助记码,负责人,手机,成立日期,撤销日期',b'1',113,b'0'),
(683,'项目','助记码,负责部门,负责人,手机,开始日期,验收日期',b'1',113,b'0'),
(684,'存货','助记码,规格型号,存货类别,计量单位,启用日期,停用日期',b'1',113,b'0'),
(685,'现金流','现金流类别,助记码',b'1',113,b'0'),
(686,'客户','助记码,客户类别,经营地址,联系人,手机,税号',b'1',114,b'0'),
(687,'供应商','助记码,供应商类别,经营地址,联系人,手机,税号',b'1',114,b'0'),
(688,'职员','助记码,性别,部门编码,部门名称,职务,岗位,手机,出生日期,入职日期,离职日期',b'1',114,b'0'),
(689,'部门','助记码,负责人,手机,成立日期,撤销日期',b'1',114,b'0'),
(690,'项目','助记码,负责部门,负责人,手机,开始日期,验收日期',b'1',114,b'0'),
(691,'存货','助记码,规格型号,存货类别,计量单位,启用日期,停用日期',b'1',114,b'0'),
(692,'现金流','现金流类别,助记码',b'1',114,b'0');
DROP TABLE IF EXISTS  `fxy_financial_accounting_category_details`;
CREATE TABLE `fxy_financial_accounting_category_details` (
  `id` int(11) NOT NULL AUTO_INCREMENT,
  `code` varchar(64) COLLATE utf8mb4_bin NOT NULL COMMENT '编码',
  `name` varchar(128) COLLATE utf8mb4_bin NOT NULL COMMENT '名称',
  `remark` varchar(512) COLLATE utf8mb4_bin DEFAULT NULL COMMENT '备注',
  `enable` bit(1) NOT NULL DEFAULT b'1' COMMENT '是否启用',
  `accounting_category_id` int(11) DEFAULT NULL,
  `cus_column_0` varchar(256) COLLATE utf8mb4_bin DEFAULT NULL,
  `cus_column_1` varchar(256) COLLATE utf8mb4_bin DEFAULT NULL,
  `cus_column_2` varchar(256) COLLATE utf8mb4_bin DEFAULT NULL,
  `cus_column_3` varchar(256) COLLATE utf8mb4_bin DEFAULT NULL,
  `cus_column_4` varchar(256) COLLATE utf8mb4_bin DEFAULT NULL,
  `cus_column_5` varchar(256) COLLATE utf8mb4_bin DEFAULT NULL,
  `cus_column_6` varchar(256) COLLATE utf8mb4_bin DEFAULT NULL,
  `cus_column_7` varchar(256) COLLATE utf8mb4_bin DEFAULT NULL,
  `cus_column_8` varchar(256) COLLATE utf8mb4_bin DEFAULT NULL,
  `cus_column_9` varchar(256) COLLATE utf8mb4_bin DEFAULT NULL,
  `cus_column_10` varchar(256) COLLATE utf8mb4_bin DEFAULT NULL,
  `cus_column_11` varchar(256) COLLATE utf8mb4_bin DEFAULT NULL,
  `cus_column_12` varchar(256) COLLATE utf8mb4_bin DEFAULT NULL,
  `cus_column_13` varchar(256) COLLATE utf8mb4_bin DEFAULT NULL,
  `cus_column_14` varchar(256) COLLATE utf8mb4_bin DEFAULT NULL,
  `cus_column_15` varchar(256) COLLATE utf8mb4_bin DEFAULT NULL,
  PRIMARY KEY (`id`) USING BTREE,
  UNIQUE KEY `fxy_financial_category_details_category_id_code_uindex` (`accounting_category_id`,`code`) USING BTREE
) ENGINE=InnoDB DEFAULT CHARSET=utf8mb4 COLLATE=utf8mb4_bin COMMENT='辅助核算类别明细列表';

DROP TABLE IF EXISTS  `fxy_financial_checkout`;
CREATE TABLE `fxy_financial_checkout` (
  `id` int(11) NOT NULL AUTO_INCREMENT,
  `account_sets_id` int(11) DEFAULT NULL,
  `check_year` int(11) DEFAULT NULL,
  `check_month` int(11) DEFAULT NULL,
  `status` int(11) NOT NULL DEFAULT '0' COMMENT '0,未结转损益、未结账,1,已结转损益、未结账,2,已结转损益、已结账',
  `check_date` date DEFAULT NULL,
  PRIMARY KEY (`id`) USING BTREE
) ENGINE=InnoDB AUTO_INCREMENT=190 DEFAULT CHARSET=utf8mb4 COLLATE=utf8mb4_bin COMMENT='期末结转';

insert into `fxy_financial_checkout`(`id`,`account_sets_id`,`check_year`,`check_month`,`status`,`check_date`) values
(171,92,2020,2,0,null),
(172,93,2020,1,0,null),
(173,94,2020,1,2,'2020-01-01'),
(174,95,2020,1,2,'2020-01-01'),
(175,95,2020,2,0,null),
(176,94,2020,2,0,null),
(177,96,2022,2,0,null),
(178,94,2020,3,0,null),
(179,97,2022,2,0,null),
(180,98,2022,1,0,null),
(181,99,2022,2,0,null),
(182,100,2022,2,0,null),
(183,109,2022,2,0,null),
(184,110,2022,1,0,null),
(185,110,2022,2,0,'2022-02-28'),
(186,111,2022,1,0,null),
(187,112,2018,8,0,null),
(188,113,2022,4,0,null),
(189,114,2022,4,0,null);
DROP TABLE IF EXISTS  `fxy_financial_currency`;
CREATE TABLE `fxy_financial_currency` (
  `id` int(11) NOT NULL AUTO_INCREMENT,
  `code` varchar(12) COLLATE utf8mb4_bin NOT NULL COMMENT '编码 ',
  `name` varchar(64) COLLATE utf8mb4_bin NOT NULL COMMENT '名称 ',
  `exchange_rate` double NOT NULL COMMENT '汇率 ',
  `local_currency` bit(1) DEFAULT b'0' COMMENT '是否本位币',
  `account_sets_id` int(11) NOT NULL COMMENT '所属账套',
  PRIMARY KEY (`id`) USING BTREE,
  UNIQUE KEY `fxy_financial_currency_account_sets_id_code_uindex` (`account_sets_id`,`code`) USING BTREE
) ENGINE=InnoDB AUTO_INCREMENT=112 DEFAULT CHARSET=utf8mb4 COLLATE=utf8mb4_bin COMMENT='币别';

insert into `fxy_financial_currency`(`id`,`code`,`name`,`exchange_rate`,`local_currency`,`account_sets_id`) values
(90,'RMB','人民币',1,b'1',92),
(91,'RMB','人民币',1,b'1',93),
(92,'RMB','人民币',1,b'1',94),
(93,'RMB','人民币',1,b'1',95),
(94,'RMB','人民币',1,b'1',96),
(95,'RMB','人民币',1,b'1',97),
(96,'RMB','人民币',1,b'1',98),
(97,'RMB','人民币',1,b'1',99),
(98,'RMB','人民币',1,b'1',100),
(106,'RMB','人民币',1,b'1',109),
(107,'RMB','人民币',1,b'1',110),
(108,'RMB','人民币',1,b'1',111),
(109,'RMB','人民币',1,b'1',112),
(110,'RMB','人民币',1,b'1',113),
(111,'RMB','人民币',1,b'1',114);
DROP TABLE IF EXISTS  `fxy_financial_organization`;
CREATE TABLE `fxy_financial_organization` (
  `id` int(11) NOT NULL AUTO_INCREMENT,
  `type` int(11) DEFAULT NULL,
  `code` varchar(32) COLLATE utf8mb4_bin NOT NULL COMMENT '编码',
  `name` varchar(64) COLLATE utf8mb4_bin NOT NULL COMMENT '名称',
  `linkman` varchar(32) COLLATE utf8mb4_bin DEFAULT NULL COMMENT '联系人',
  `telephone` varchar(32) COLLATE utf8mb4_bin DEFAULT NULL COMMENT '联系电话',
  `status` bit(1) NOT NULL DEFAULT b'1' COMMENT '状态',
  `parent_id` int(11) DEFAULT NULL COMMENT '上级',
  `account_sets_id` int(11) DEFAULT NULL,
  PRIMARY KEY (`id`) USING BTREE,
  KEY `fxy_financial_organization_account_sets_id_name_index` (`account_sets_id`,`name`) USING BTREE
) ENGINE=InnoDB AUTO_INCREMENT=10675 DEFAULT CHARSET=utf8mb4 COLLATE=utf8mb4_bin COMMENT='组织机构';

insert into `fxy_financial_organization`(`id`,`type`,`code`,`name`,`linkman`,`telephone`,`status`,`parent_id`,`account_sets_id`) values
(10644,0,'01','杭州财汇餐谋科技有限公司','','',b'1',null,94),
(10645,1,'100','分公司1','','',b'1',10644,94),
(10646,1,'101','分公司2','','',b'1',10644,94),
(10647,1,'103','分公司3','','',b'1',10644,94),
(10648,0,'01','米伴警方地铁店','','',b'1',null,95),
(10649,1,'01','AAAAA','','',b'1',10648,95),
(10650,1,'02','BBBBB','','',b'1',10648,95),
(10651,0,'100','珍财软件',null,null,b'1',null,96),
(10652,0,'975956','大西洋果汁',null,null,b'1',null,97),
(10653,0,'985000','试用账号',null,null,b'1',null,98),
(10654,1,'方正店','方正店','','',b'1',null,98),
(10664,0,'1094950','AA',null,null,b'1',null,109),
(10665,0,'1107491','沪小二',null,null,b'1',null,110),
(10666,0,'1119949','寻味麦香',null,null,b'1',null,111),
(10667,1,'01','AAAAA','','',b'1',null,96),
(10668,1,'02','BBBBB','','',b'1',null,96),
(10669,0,'1123301','KOKO-杭州三坝店',null,null,b'1',null,112),
(10670,0,'1135061','珍财集团',null,null,b'1',null,113),
(10671,0,'1140167','MMMMM',null,null,b'1',null,114),
(10672,1,'02','哈西大街店','','',b'1',null,94),
(10673,1,'03','群力店','','',b'1',null,94),
(10674,1,'03','CCCCC','','',b'1',null,96);
DROP TABLE IF EXISTS  `fxy_financial_report_template`;
CREATE TABLE `fxy_financial_report_template` (
  `id` int(11) NOT NULL AUTO_INCREMENT,
  `name` varchar(128) NOT NULL,
  `account_sets_id` int(11) DEFAULT NULL,
  `template_key` varchar(128) NOT NULL,
  `type` int(11) NOT NULL DEFAULT '0' COMMENT '报表类型：0普通报表，1资产报表',
  `is_default` bit(1) NOT NULL DEFAULT b'1',
  PRIMARY KEY (`id`) USING BTREE,
  UNIQUE KEY `fxy_report_template_account_sets_id_template_key_uindex` (`account_sets_id`,`template_key`) USING BTREE
) ENGINE=InnoDB AUTO_INCREMENT=192 DEFAULT CHARSET=utf8;

insert into `fxy_financial_report_template`(`id`,`name`,`account_sets_id`,`template_key`,`type`,`is_default`) values
(147,'利润表',92,'lrb',0,b'1'),
(148,'现金流量表',92,'xjllb',2,b'1'),
(149,'资产负债表',92,'zcfzb',1,b'1'),
(150,'利润表',93,'lrb',0,b'1'),
(151,'现金流量表',93,'xjllb',2,b'1'),
(152,'资产负债表',93,'zcfzb',1,b'1'),
(153,'利润表',94,'lrb',0,b'1'),
(154,'现金流量表',94,'xjllb',2,b'1'),
(155,'资产负债表',94,'zcfzb',1,b'1'),
(156,'利润表',95,'lrb',0,b'1'),
(157,'现金流量表',95,'xjllb',2,b'1'),
(158,'资产负债表',95,'zcfzb',1,b'1'),
(159,'利润表',96,'lrb',0,b'1'),
(160,'现金流量表',96,'xjllb',2,b'1'),
(161,'资产负债表',96,'zcfzb',1,b'1'),
(162,'利润表',97,'lrb',0,b'1'),
(163,'现金流量表',97,'xjllb',2,b'1'),
(164,'资产负债表',97,'zcfzb',1,b'1'),
(165,'利润表',98,'lrb',0,b'1'),
(166,'现金流量表',98,'xjllb',2,b'1'),
(167,'资产负债表',98,'zcfzb',1,b'1'),
(174,'利润表',109,'lrb',0,b'1'),
(175,'现金流量表',109,'xjllb',2,b'1'),
(176,'资产负债表',109,'zcfzb',1,b'1'),
(177,'利润表',110,'lrb',0,b'1'),
(178,'现金流量表',110,'xjllb',2,b'1'),
(179,'资产负债表',110,'zcfzb',1,b'1'),
(180,'利润表',111,'lrb',0,b'1'),
(181,'现金流量表',111,'xjllb',2,b'1'),
(182,'资产负债表',111,'zcfzb',1,b'1'),
(183,'利润表',112,'lrb',0,b'1'),
(184,'现金流量表',112,'xjllb',2,b'1'),
(185,'资产负债表',112,'zcfzb',1,b'1'),
(186,'利润表',113,'lrb',0,b'1'),
(187,'现金流量表',113,'xjllb',2,b'1'),
(188,'资产负债表',113,'zcfzb',1,b'1'),
(189,'利润表',114,'lrb',0,b'1'),
(190,'现金流量表',114,'xjllb',2,b'1'),
(191,'资产负债表',114,'zcfzb',1,b'1');
DROP TABLE IF EXISTS  `fxy_financial_report_template_items`;
CREATE TABLE `fxy_financial_report_template_items` (
  `id` int(11) NOT NULL AUTO_INCREMENT,
  `template_id` int(11) NOT NULL,
  `title` varchar(256) NOT NULL COMMENT '标题',
  `parent_id` int(11) DEFAULT NULL,
  `line_num` int(11) NOT NULL DEFAULT '-1' COMMENT '行次',
  `type` int(11) DEFAULT NULL COMMENT '资产负载类型时需要设置\n0,资产 1,负债 2，所有者权益',
  `sources` int(11) NOT NULL DEFAULT '0' COMMENT '取数来原:0,表外公式,1,表内公式',
  `level` int(11) NOT NULL DEFAULT '1' COMMENT '层级',
  `is_bolder` bit(1) NOT NULL DEFAULT b'0' COMMENT '是否加粗标题',
  `is_folding` bit(1) NOT NULL DEFAULT b'0' COMMENT '是否可以折叠',
  `is_classified` bit(1) NOT NULL DEFAULT b'0' COMMENT '是否是归类项，归类项没有行号',
  `pos` int(11) NOT NULL DEFAULT '1' COMMENT '显示位置',
  PRIMARY KEY (`id`) USING BTREE,
  KEY `fxy_report_template_items_fxy_report_template_id_fk` (`template_id`) USING BTREE,
  KEY `fxy_report_template_items_fxy_report_template_items_id_fk` (`parent_id`) USING BTREE
) ENGINE=InnoDB AUTO_INCREMENT=3919 DEFAULT CHARSET=utf8;

insert into `fxy_financial_report_template_items`(`id`,`template_id`,`title`,`parent_id`,`line_num`,`type`,`sources`,`level`,`is_bolder`,`is_folding`,`is_classified`,`pos`) values
(2194,147,'一、营业外收入',null,1,null,0,1,b'1',b'1',b'0',1),
(2195,147,'减：营业成本',2194,2,null,0,2,b'0',b'1',b'0',2),
(2196,147,'税金及附加',2195,3,0,0,3,b'0',b'0',b'0',3),
(2197,147,'其中:消费税',2196,4,0,0,4,b'0',b'0',b'0',4),
(2198,147,'营业税',2196,5,0,0,4,b'0',b'0',b'0',5),
(2199,147,'城市维护建设税',2196,6,0,0,4,b'0',b'0',b'0',6),
(2200,147,'资源税',2196,7,0,0,4,b'0',b'0',b'0',7),
(2201,147,'土地增值税',2196,8,0,0,4,b'0',b'0',b'0',8),
(2202,147,'城镇土地使用税、房产税、车船税、印花税',2196,9,0,0,4,b'0',b'0',b'0',9),
(2203,147,'教育费附加、矿产资源补偿费、排污费',2196,10,0,0,4,b'0',b'0',b'0',10),
(2204,147,'销售费用',2195,11,0,0,3,b'0',b'0',b'0',11),
(2205,147,'其中：商品维修费',2204,12,0,0,4,b'0',b'0',b'0',12),
(2206,147,'广告费和业务宣传费',2204,13,0,0,4,b'0',b'0',b'0',13),
(2207,147,'管理费用',2195,14,0,0,3,b'0',b'0',b'0',14),
(2208,147,'其中：开办费',2207,15,0,0,4,b'0',b'0',b'0',15),
(2209,147,'业务招待费',2207,16,0,0,4,b'0',b'0',b'0',16),
(2210,147,'研究费用',2207,17,0,0,4,b'0',b'0',b'0',17),
(2211,147,'财务费用',2195,18,0,0,3,b'0',b'0',b'0',18),
(2212,147,'其中：利息费用（收入以\'-\'号填列）',2211,19,0,0,4,b'0',b'0',b'0',19),
(2213,147,'投资收益（损失以“-”号填列）',2195,20,0,0,3,b'0',b'0',b'0',20),
(2214,147,'二、营业利润（亏损失以\'-\'填列）',null,21,null,1,1,b'1',b'1',b'0',21),
(2215,147,'加：营业外收入',2214,22,0,0,2,b'0',b'0',b'0',22),
(2216,147,'其中：政府补助',2215,23,0,0,3,b'0',b'0',b'0',23),
(2217,147,'减：营业外支出',2214,24,0,0,2,b'0',b'0',b'0',24),
(2218,147,'其中：坏账损失',2217,25,0,0,3,b'0',b'0',b'0',25),
(2219,147,'无法收回的长期债券投资损失',2217,26,0,0,3,b'0',b'0',b'0',26),
(2220,147,'无法收回的长期股权投资损失',2217,27,0,0,3,b'0',b'0',b'0',27),
(2221,147,'自然灾害等不可抗力因素造成的损失',2217,28,0,0,3,b'0',b'0',b'0',28),
(2222,147,'税收滞纳金',2217,29,0,0,3,b'0',b'0',b'0',29),
(2223,147,'三、利润总额（亏损失以“-”号填列）',null,30,null,1,1,b'1',b'1',b'0',30),
(2224,147,' 减：所得税费用',2223,31,0,0,2,b'0',b'0',b'0',31),
(2225,147,'四、净利润（亏损失以“-”号填列）',null,32,null,1,1,b'1',b'1',b'0',32),
(2226,148,'一、经营活动产生的现金流量：',null,1,0,0,1,b'1',b'0',b'0',1),
(2227,148,'销售产成品、商品、提供劳务收到的现金',null,2,0,0,1,b'0',b'0',b'0',2),
(2228,148,'收到其他与经营活动有关的现金',null,3,0,0,1,b'0',b'0',b'0',3),
(2229,148,'购买原材料、商品、接受劳务支付的现金',null,4,0,0,1,b'0',b'0',b'0',4),
(2230,148,'支付的职工薪酬',null,5,0,0,1,b'0',b'0',b'0',5),
(2231,148,'支付的税费',null,6,0,0,1,b'0',b'0',b'0',6),
(2232,148,'支付其他与经营活动有关的现金',null,7,0,0,1,b'0',b'0',b'0',7),
(2233,148,'经营活动产生的现金流量净额',null,8,0,0,1,b'0',b'0',b'0',8),
(2234,148,'二、投资活动产生的现金流量：',null,9,0,0,1,b'1',b'0',b'0',9),
(2235,148,'收回短期投资、长期债券投资和长期股权投资收到的现金',null,10,0,0,1,b'0',b'0',b'0',10),
(2236,148,'取得投资收益收到的现金',null,11,0,0,1,b'0',b'0',b'0',11),
(2237,148,'处置固定资产、无形资产和其他非流动资产收回的现金净额',null,12,0,0,1,b'0',b'0',b'0',12),
(2238,148,'短期投资、长期债券投资和长期股权投资支付的现金',null,13,0,0,1,b'0',b'0',b'0',13),
(2239,148,'购建固定资产、无形资产和其他非流动资产支付的现金',null,14,0,0,1,b'0',b'0',b'0',14),
(2240,148,'投资活动产生的现金流量净额',null,15,0,0,1,b'0',b'0',b'0',15),
(2241,148,'三、筹资活动产生的现金流量：',null,16,0,0,1,b'1',b'0',b'0',16),
(2242,148,'取得借款收到的现金',null,17,0,0,1,b'0',b'0',b'0',17),
(2243,148,'吸收投资者投资收到的现金',null,18,0,0,1,b'0',b'0',b'0',18),
(2244,148,'偿还借款本金支付的现金',null,19,0,0,1,b'0',b'0',b'0',19),
(2245,148,'偿还借款利息支付的现金',null,20,0,0,1,b'0',b'0',b'0',20),
(2246,148,'分配利润支付的现金',null,21,0,0,1,b'0',b'0',b'0',21),
(2247,148,'筹资活动产生的现金流量净额',null,22,0,0,1,b'0',b'0',b'0',22),
(2248,148,'四、现金净增加额',null,23,0,0,1,b'1',b'0',b'0',23),
(2249,148,'加：期初现金余额',null,24,0,0,1,b'0',b'0',b'0',24),
(2250,148,'五、期末现金余额',null,25,0,0,1,b'1',b'0',b'0',25),
(2251,149,'流动资产',null,1,0,0,1,b'1',b'0',b'0',1),
(2252,149,'货币资金',null,2,0,0,1,b'0',b'0',b'0',1),
(2253,149,'短期投资',null,3,0,0,1,b'0',b'0',b'0',3),
(2254,149,'应收票据',null,4,0,0,1,b'0',b'0',b'0',4),
(2255,149,'应收账款',null,5,0,0,1,b'0',b'0',b'0',5),
(2256,149,'预付账款',null,6,0,0,1,b'0',b'0',b'0',6),
(2257,149,'应收股利',null,7,0,0,1,b'0',b'0',b'0',7),
(2258,149,'应收利息',null,8,0,0,1,b'0',b'0',b'0',8),
(2259,149,'其他应收款',null,9,0,0,1,b'0',b'0',b'0',9),
(2260,149,'存货',null,10,0,0,1,b'0',b'1',b'0',10),
(2261,149,'其中：原材料',2260,11,0,0,2,b'0',b'0',b'0',11),
(2262,149,'在产品',2260,12,0,0,2,b'0',b'0',b'0',12),
(2263,149,'库存商品',2260,13,0,0,2,b'0',b'0',b'0',13),
(2264,149,'周转材料',2260,14,0,0,2,b'0',b'0',b'0',14),
(2265,149,'其他流动资产',null,15,0,0,1,b'0',b'0',b'0',15),
(2266,149,'流动资产合计',null,16,0,0,1,b'0',b'0',b'0',16),
(2267,149,'非流动资产',null,17,0,0,1,b'1',b'0',b'0',17),
(2268,149,'长期债券投资',null,18,0,0,1,b'0',b'0',b'0',18),
(2269,149,'长期股权投资',null,19,0,0,1,b'0',b'0',b'0',19),
(2270,149,'固定资产原价编辑',null,20,0,0,1,b'0',b'0',b'0',20),
(2271,149,'减：累计折旧',null,21,0,0,1,b'0',b'0',b'0',21),
(2272,149,'固定资产账面价值',null,22,0,0,1,b'0',b'0',b'0',22),
(2273,149,'在建工程',null,23,0,0,1,b'0',b'0',b'0',23),
(2274,149,'工程物资',null,24,0,0,1,b'0',b'0',b'0',24),
(2275,149,'固定资产清理',null,25,0,0,1,b'0',b'0',b'0',25),
(2276,149,'生产性生物资产',null,26,0,0,1,b'0',b'0',b'0',26),
(2277,149,'无形资产',null,27,0,0,1,b'0',b'0',b'0',27),
(2278,149,'开发支出',null,28,0,0,1,b'0',b'0',b'0',28),
(2279,149,'长期待摊费用',null,29,0,0,1,b'0',b'0',b'0',29),
(2280,149,'其他非流动资产',null,30,0,0,1,b'0',b'0',b'0',30),
(2281,149,'非流动资产合计',null,31,0,0,1,b'0',b'0',b'0',31),
(2282,149,'资产合计',null,32,0,0,1,b'1',b'0',b'0',32),
(2283,149,'流动负债',null,33,1,0,1,b'1',b'0',b'0',33),
(2284,149,'短期借款',null,34,1,0,1,b'0',b'0',b'0',34),
(2285,149,'应付票据',null,35,1,0,1,b'0',b'0',b'0',35),
(2286,149,'应付账款',null,36,1,0,1,b'0',b'0',b'0',36),
(2287,149,'预收账款',null,37,1,0,1,b'0',b'0',b'0',37),
(2288,149,'应付职工薪酬',null,38,1,0,1,b'0',b'0',b'0',38),
(2289,149,'应交税费',null,39,1,0,1,b'0',b'0',b'0',39),
(2290,149,'应付利息',null,40,1,0,1,b'0',b'0',b'0',40),
(2291,149,'应付利润',null,41,1,0,1,b'0',b'0',b'0',41),
(2292,149,'其他应付款',null,42,1,0,1,b'0',b'0',b'0',42),
(2293,149,'其他流动负债',null,43,1,0,1,b'0',b'0',b'0',43),
(2294,149,'流动负债合计',null,44,1,0,1,b'0',b'0',b'0',44),
(2295,149,'非流动负债',null,45,1,0,1,b'1',b'0',b'0',45),
(2296,149,'长期借款',null,46,1,0,1,b'0',b'0',b'0',46),
(2297,149,'长期应付款',null,47,1,0,1,b'0',b'0',b'0',47),
(2298,149,'递延收益',null,48,1,0,1,b'0',b'0',b'0',48),
(2299,149,'其他非流动负债',null,49,1,0,1,b'0',b'0',b'0',49),
(2300,149,'非流动负债合计',null,50,1,0,1,b'0',b'0',b'0',50),
(2301,149,'负债合计',null,51,1,0,1,b'1',b'0',b'0',51),
(2302,149,'所有者权益（或股东权益）',null,52,2,0,1,b'1',b'0',b'0',52),
(2303,149,'实收资本（或股本）',null,53,2,0,1,b'0',b'0',b'0',53),
(2304,149,'资本公积',null,54,2,0,1,b'0',b'0',b'0',54),
(2305,149,'盈余公积',null,55,2,0,1,b'0',b'0',b'0',55),
(2306,149,'未分配利润',null,56,2,0,1,b'0',b'0',b'0',56),
(2307,149,'所有者权益（或股东权益）合计',null,57,2,0,1,b'0',b'0',b'0',57),
(2308,149,'负债和所有者权益（或股东权益）',null,58,2,0,1,b'1',b'0',b'0',58),
(2309,150,'一、营业外收入',null,1,null,0,1,b'1',b'1',b'0',1),
(2310,150,'减：营业成本',2309,2,null,0,2,b'0',b'1',b'0',2),
(2311,150,'税金及附加',2310,3,0,0,3,b'0',b'0',b'0',3),
(2312,150,'其中:消费税',2311,4,0,0,4,b'0',b'0',b'0',4),
(2313,150,'营业税',2311,5,0,0,4,b'0',b'0',b'0',5),
(2314,150,'城市维护建设税',2311,6,0,0,4,b'0',b'0',b'0',6),
(2315,150,'资源税',2311,7,0,0,4,b'0',b'0',b'0',7),
(2316,150,'土地增值税',2311,8,0,0,4,b'0',b'0',b'0',8),
(2317,150,'城镇土地使用税、房产税、车船税、印花税',2311,9,0,0,4,b'0',b'0',b'0',9),
(2318,150,'教育费附加、矿产资源补偿费、排污费',2311,10,0,0,4,b'0',b'0',b'0',10),
(2319,150,'销售费用',2310,11,0,0,3,b'0',b'0',b'0',11),
(2320,150,'其中：商品维修费',2319,12,0,0,4,b'0',b'0',b'0',12),
(2321,150,'广告费和业务宣传费',2319,13,0,0,4,b'0',b'0',b'0',13),
(2322,150,'管理费用',2310,14,0,0,3,b'0',b'0',b'0',14),
(2323,150,'其中：开办费',2322,15,0,0,4,b'0',b'0',b'0',15),
(2324,150,'业务招待费',2322,16,0,0,4,b'0',b'0',b'0',16),
(2325,150,'研究费用',2322,17,0,0,4,b'0',b'0',b'0',17),
(2326,150,'财务费用',2310,18,0,0,3,b'0',b'0',b'0',18),
(2327,150,'其中：利息费用（收入以\'-\'号填列）',2326,19,0,0,4,b'0',b'0',b'0',19),
(2328,150,'投资收益（损失以“-”号填列）',2310,20,0,0,3,b'0',b'0',b'0',20),
(2329,150,'二、营业利润（亏损失以\'-\'填列）',null,21,null,1,1,b'1',b'1',b'0',21),
(2330,150,'加：营业外收入',2329,22,0,0,2,b'0',b'0',b'0',22),
(2331,150,'其中：政府补助',2330,23,0,0,3,b'0',b'0',b'0',23),
(2332,150,'减：营业外支出',2329,24,0,0,2,b'0',b'0',b'0',24),
(2333,150,'其中：坏账损失',2332,25,0,0,3,b'0',b'0',b'0',25),
(2334,150,'无法收回的长期债券投资损失',2332,26,0,0,3,b'0',b'0',b'0',26),
(2335,150,'无法收回的长期股权投资损失',2332,27,0,0,3,b'0',b'0',b'0',27),
(2336,150,'自然灾害等不可抗力因素造成的损失',2332,28,0,0,3,b'0',b'0',b'0',28),
(2337,150,'税收滞纳金',2332,29,0,0,3,b'0',b'0',b'0',29),
(2338,150,'三、利润总额（亏损失以“-”号填列）',null,30,null,1,1,b'1',b'1',b'0',30),
(2339,150,' 减：所得税费用',2338,31,0,0,2,b'0',b'0',b'0',31),
(2340,150,'四、净利润（亏损失以“-”号填列）',null,32,null,1,1,b'1',b'1',b'0',32),
(2341,151,'一、经营活动产生的现金流量：',null,1,0,0,1,b'1',b'0',b'0',1),
(2342,151,'销售产成品、商品、提供劳务收到的现金',null,2,0,0,1,b'0',b'0',b'0',2),
(2343,151,'收到其他与经营活动有关的现金',null,3,0,0,1,b'0',b'0',b'0',3),
(2344,151,'购买原材料、商品、接受劳务支付的现金',null,4,0,0,1,b'0',b'0',b'0',4),
(2345,151,'支付的职工薪酬',null,5,0,0,1,b'0',b'0',b'0',5),
(2346,151,'支付的税费',null,6,0,0,1,b'0',b'0',b'0',6),
(2347,151,'支付其他与经营活动有关的现金',null,7,0,0,1,b'0',b'0',b'0',7),
(2348,151,'经营活动产生的现金流量净额',null,8,0,0,1,b'0',b'0',b'0',8),
(2349,151,'二、投资活动产生的现金流量：',null,9,0,0,1,b'1',b'0',b'0',9),
(2350,151,'收回短期投资、长期债券投资和长期股权投资收到的现金',null,10,0,0,1,b'0',b'0',b'0',10),
(2351,151,'取得投资收益收到的现金',null,11,0,0,1,b'0',b'0',b'0',11),
(2352,151,'处置固定资产、无形资产和其他非流动资产收回的现金净额',null,12,0,0,1,b'0',b'0',b'0',12),
(2353,151,'短期投资、长期债券投资和长期股权投资支付的现金',null,13,0,0,1,b'0',b'0',b'0',13),
(2354,151,'购建固定资产、无形资产和其他非流动资产支付的现金',null,14,0,0,1,b'0',b'0',b'0',14),
(2355,151,'投资活动产生的现金流量净额',null,15,0,0,1,b'0',b'0',b'0',15),
(2356,151,'三、筹资活动产生的现金流量：',null,16,0,0,1,b'1',b'0',b'0',16),
(2357,151,'取得借款收到的现金',null,17,0,0,1,b'0',b'0',b'0',17),
(2358,151,'吸收投资者投资收到的现金',null,18,0,0,1,b'0',b'0',b'0',18),
(2359,151,'偿还借款本金支付的现金',null,19,0,0,1,b'0',b'0',b'0',19),
(2360,151,'偿还借款利息支付的现金',null,20,0,0,1,b'0',b'0',b'0',20),
(2361,151,'分配利润支付的现金',null,21,0,0,1,b'0',b'0',b'0',21),
(2362,151,'筹资活动产生的现金流量净额',null,22,0,0,1,b'0',b'0',b'0',22),
(2363,151,'四、现金净增加额',null,23,0,0,1,b'1',b'0',b'0',23),
(2364,151,'加：期初现金余额',null,24,0,0,1,b'0',b'0',b'0',24),
(2365,151,'五、期末现金余额',null,25,0,0,1,b'1',b'0',b'0',25),
(2366,152,'流动资产',null,1,0,0,1,b'1',b'0',b'0',1),
(2367,152,'货币资金',null,2,0,0,1,b'0',b'0',b'0',1),
(2368,152,'短期投资',null,3,0,0,1,b'0',b'0',b'0',3),
(2369,152,'应收票据',null,4,0,0,1,b'0',b'0',b'0',4),
(2370,152,'应收账款',null,5,0,0,1,b'0',b'0',b'0',5),
(2371,152,'预付账款',null,6,0,0,1,b'0',b'0',b'0',6),
(2372,152,'应收股利',null,7,0,0,1,b'0',b'0',b'0',7),
(2373,152,'应收利息',null,8,0,0,1,b'0',b'0',b'0',8),
(2374,152,'其他应收款',null,9,0,0,1,b'0',b'0',b'0',9),
(2375,152,'存货',null,10,0,0,1,b'0',b'1',b'0',10),
(2376,152,'其中：原材料',2375,11,0,0,2,b'0',b'0',b'0',11),
(2377,152,'在产品',2375,12,0,0,2,b'0',b'0',b'0',12),
(2378,152,'库存商品',2375,13,0,0,2,b'0',b'0',b'0',13),
(2379,152,'周转材料',2375,14,0,0,2,b'0',b'0',b'0',14),
(2380,152,'其他流动资产',null,15,0,0,1,b'0',b'0',b'0',15),
(2381,152,'流动资产合计',null,16,0,0,1,b'0',b'0',b'0',16),
(2382,152,'非流动资产',null,17,0,0,1,b'1',b'0',b'0',17),
(2383,152,'长期债券投资',null,18,0,0,1,b'0',b'0',b'0',18),
(2384,152,'长期股权投资',null,19,0,0,1,b'0',b'0',b'0',19),
(2385,152,'固定资产原价编辑',null,20,0,0,1,b'0',b'0',b'0',20),
(2386,152,'减：累计折旧',null,21,0,0,1,b'0',b'0',b'0',21),
(2387,152,'固定资产账面价值',null,22,0,0,1,b'0',b'0',b'0',22),
(2388,152,'在建工程',null,23,0,0,1,b'0',b'0',b'0',23),
(2389,152,'工程物资',null,24,0,0,1,b'0',b'0',b'0',24),
(2390,152,'固定资产清理',null,25,0,0,1,b'0',b'0',b'0',25),
(2391,152,'生产性生物资产',null,26,0,0,1,b'0',b'0',b'0',26),
(2392,152,'无形资产',null,27,0,0,1,b'0',b'0',b'0',27),
(2393,152,'开发支出',null,28,0,0,1,b'0',b'0',b'0',28),
(2394,152,'长期待摊费用',null,29,0,0,1,b'0',b'0',b'0',29),
(2395,152,'其他非流动资产',null,30,0,0,1,b'0',b'0',b'0',30),
(2396,152,'非流动资产合计',null,31,0,0,1,b'0',b'0',b'0',31),
(2397,152,'资产合计',null,32,0,0,1,b'1',b'0',b'0',32),
(2398,152,'流动负债',null,33,1,0,1,b'1',b'0',b'0',33),
(2399,152,'短期借款',null,34,1,0,1,b'0',b'0',b'0',34),
(2400,152,'应付票据',null,35,1,0,1,b'0',b'0',b'0',35),
(2401,152,'应付账款',null,36,1,0,1,b'0',b'0',b'0',36),
(2402,152,'预收账款',null,37,1,0,1,b'0',b'0',b'0',37),
(2403,152,'应付职工薪酬',null,38,1,0,1,b'0',b'0',b'0',38),
(2404,152,'应交税费',null,39,1,0,1,b'0',b'0',b'0',39),
(2405,152,'应付利息',null,40,1,0,1,b'0',b'0',b'0',40),
(2406,152,'应付利润',null,41,1,0,1,b'0',b'0',b'0',41),
(2407,152,'其他应付款',null,42,1,0,1,b'0',b'0',b'0',42),
(2408,152,'其他流动负债',null,43,1,0,1,b'0',b'0',b'0',43),
(2409,152,'流动负债合计',null,44,1,0,1,b'0',b'0',b'0',44),
(2410,152,'非流动负债',null,45,1,0,1,b'1',b'0',b'0',45),
(2411,152,'长期借款',null,46,1,0,1,b'0',b'0',b'0',46),
(2412,152,'长期应付款',null,47,1,0,1,b'0',b'0',b'0',47),
(2413,152,'递延收益',null,48,1,0,1,b'0',b'0',b'0',48),
(2414,152,'其他非流动负债',null,49,1,0,1,b'0',b'0',b'0',49),
(2415,152,'非流动负债合计',null,50,1,0,1,b'0',b'0',b'0',50),
(2416,152,'负债合计',null,51,1,0,1,b'1',b'0',b'0',51),
(2417,152,'所有者权益（或股东权益）',null,52,2,0,1,b'1',b'0',b'0',52),
(2418,152,'实收资本（或股本）',null,53,2,0,1,b'0',b'0',b'0',53),
(2419,152,'资本公积',null,54,2,0,1,b'0',b'0',b'0',54),
(2420,152,'盈余公积',null,55,2,0,1,b'0',b'0',b'0',55),
(2421,152,'未分配利润',null,56,2,0,1,b'0',b'0',b'0',56),
(2422,152,'所有者权益（或股东权益）合计',null,57,2,0,1,b'0',b'0',b'0',57),
(2423,152,'负债和所有者权益（或股东权益）',null,58,2,0,1,b'1',b'0',b'0',58),
(2424,153,'一、营业外收入',null,1,null,0,1,b'1',b'1',b'0',1),
(2425,153,'减：营业成本',2424,2,null,0,2,b'0',b'1',b'0',2),
(2426,153,'税金及附加',2425,3,0,0,3,b'0',b'0',b'0',3),
(2427,153,'其中:消费税',2426,4,0,0,4,b'0',b'0',b'0',4),
(2428,153,'营业税',2426,5,0,0,4,b'0',b'0',b'0',5),
(2429,153,'城市维护建设税',2426,6,0,0,4,b'0',b'0',b'0',6),
(2430,153,'资源税',2426,7,0,0,4,b'0',b'0',b'0',7),
(2431,153,'土地增值税',2426,8,0,0,4,b'0',b'0',b'0',8),
(2432,153,'城镇土地使用税、房产税、车船税、印花税',2426,9,0,0,4,b'0',b'0',b'0',9),
(2433,153,'教育费附加、矿产资源补偿费、排污费',2426,10,0,0,4,b'0',b'0',b'0',10),
(2434,153,'销售费用',2425,11,0,0,3,b'0',b'0',b'0',11),
(2435,153,'其中：商品维修费',2434,12,0,0,4,b'0',b'0',b'0',12),
(2436,153,'广告费和业务宣传费',2434,13,0,0,4,b'0',b'0',b'0',13),
(2437,153,'管理费用',2425,14,0,0,3,b'0',b'0',b'0',14),
(2438,153,'其中：开办费',2437,15,0,0,4,b'0',b'0',b'0',15),
(2439,153,'业务招待费',2437,16,0,0,4,b'0',b'0',b'0',16),
(2440,153,'研究费用',2437,17,0,0,4,b'0',b'0',b'0',17),
(2441,153,'财务费用',2425,18,0,0,3,b'0',b'0',b'0',18),
(2442,153,'其中：利息费用（收入以\'-\'号填列）',2441,19,0,0,4,b'0',b'0',b'0',19),
(2443,153,'投资收益（损失以“-”号填列）',2425,20,0,0,3,b'0',b'0',b'0',20),
(2444,153,'二、营业利润（亏损失以\'-\'填列）',null,21,null,1,1,b'1',b'1',b'0',21),
(2445,153,'加：营业外收入',2444,22,0,0,2,b'0',b'0',b'0',22),
(2446,153,'其中：政府补助',2445,23,0,0,3,b'0',b'0',b'0',23),
(2447,153,'减：营业外支出',2444,24,0,0,2,b'0',b'0',b'0',24),
(2448,153,'其中：坏账损失',2447,25,0,0,3,b'0',b'0',b'0',25),
(2449,153,'无法收回的长期债券投资损失',2447,26,0,0,3,b'0',b'0',b'0',26),
(2450,153,'无法收回的长期股权投资损失',2447,27,0,0,3,b'0',b'0',b'0',27),
(2451,153,'自然灾害等不可抗力因素造成的损失',2447,28,0,0,3,b'0',b'0',b'0',28),
(2452,153,'税收滞纳金',2447,29,0,0,3,b'0',b'0',b'0',29),
(2453,153,'三、利润总额（亏损失以“-”号填列）',null,30,null,1,1,b'1',b'1',b'0',30),
(2454,153,' 减：所得税费用',2453,31,0,0,2,b'0',b'0',b'0',31),
(2455,153,'四、净利润（亏损失以“-”号填列）',null,32,null,1,1,b'1',b'1',b'0',32),
(2456,154,'一、经营活动产生的现金流量：',null,1,0,0,1,b'1',b'0',b'0',1),
(2457,154,'销售产成品、商品、提供劳务收到的现金',null,2,0,0,1,b'0',b'0',b'0',2),
(2458,154,'收到其他与经营活动有关的现金',null,3,0,0,1,b'0',b'0',b'0',3),
(2459,154,'购买原材料、商品、接受劳务支付的现金',null,4,0,0,1,b'0',b'0',b'0',4),
(2460,154,'支付的职工薪酬',null,5,0,0,1,b'0',b'0',b'0',5),
(2461,154,'支付的税费',null,6,0,0,1,b'0',b'0',b'0',6),
(2462,154,'支付其他与经营活动有关的现金',null,7,0,0,1,b'0',b'0',b'0',7),
(2463,154,'经营活动产生的现金流量净额',null,8,0,0,1,b'0',b'0',b'0',8),
(2464,154,'二、投资活动产生的现金流量：',null,9,0,0,1,b'1',b'0',b'0',9),
(2465,154,'收回短期投资、长期债券投资和长期股权投资收到的现金',null,10,0,0,1,b'0',b'0',b'0',10),
(2466,154,'取得投资收益收到的现金',null,11,0,0,1,b'0',b'0',b'0',11),
(2467,154,'处置固定资产、无形资产和其他非流动资产收回的现金净额',null,12,0,0,1,b'0',b'0',b'0',12),
(2468,154,'短期投资、长期债券投资和长期股权投资支付的现金',null,13,0,0,1,b'0',b'0',b'0',13),
(2469,154,'购建固定资产、无形资产和其他非流动资产支付的现金',null,14,0,0,1,b'0',b'0',b'0',14),
(2470,154,'投资活动产生的现金流量净额',null,15,0,0,1,b'0',b'0',b'0',15),
(2471,154,'三、筹资活动产生的现金流量：',null,16,0,0,1,b'1',b'0',b'0',16),
(2472,154,'取得借款收到的现金',null,17,0,0,1,b'0',b'0',b'0',17),
(2473,154,'吸收投资者投资收到的现金',null,18,0,0,1,b'0',b'0',b'0',18),
(2474,154,'偿还借款本金支付的现金',null,19,0,0,1,b'0',b'0',b'0',19),
(2475,154,'偿还借款利息支付的现金',null,20,0,0,1,b'0',b'0',b'0',20),
(2476,154,'分配利润支付的现金',null,21,0,0,1,b'0',b'0',b'0',21),
(2477,154,'筹资活动产生的现金流量净额',null,22,0,0,1,b'0',b'0',b'0',22),
(2478,154,'四、现金净增加额',null,23,0,0,1,b'1',b'0',b'0',23),
(2479,154,'加：期初现金余额',null,24,0,0,1,b'0',b'0',b'0',24),
(2480,154,'五、期末现金余额',null,25,0,0,1,b'1',b'0',b'0',25),
(2481,155,'流动资产',null,1,0,0,1,b'1',b'0',b'0',1),
(2482,155,'货币资金',null,2,0,0,1,b'0',b'0',b'0',1),
(2483,155,'短期投资',null,3,0,0,1,b'0',b'0',b'0',3),
(2484,155,'应收票据',null,4,0,0,1,b'0',b'0',b'0',4),
(2485,155,'应收账款',null,5,0,0,1,b'0',b'0',b'0',5),
(2486,155,'预付账款',null,6,0,0,1,b'0',b'0',b'0',6),
(2487,155,'应收股利',null,7,0,0,1,b'0',b'0',b'0',7),
(2488,155,'应收利息',null,8,0,0,1,b'0',b'0',b'0',8),
(2489,155,'其他应收款',null,9,0,0,1,b'0',b'0',b'0',9),
(2490,155,'存货',null,10,0,0,1,b'0',b'1',b'0',10),
(2491,155,'其中：原材料',2490,11,0,0,2,b'0',b'0',b'0',11),
(2492,155,'在产品',2490,12,0,0,2,b'0',b'0',b'0',12),
(2493,155,'库存商品',2490,13,0,0,2,b'0',b'0',b'0',13),
(2494,155,'周转材料',2490,14,0,0,2,b'0',b'0',b'0',14),
(2495,155,'其他流动资产',null,15,0,0,1,b'0',b'0',b'0',15),
(2496,155,'流动资产合计',null,16,0,0,1,b'0',b'0',b'0',16),
(2497,155,'非流动资产',null,17,0,0,1,b'1',b'0',b'0',17),
(2498,155,'长期债券投资',null,18,0,0,1,b'0',b'0',b'0',18),
(2499,155,'长期股权投资',null,19,0,0,1,b'0',b'0',b'0',19),
(2500,155,'固定资产原价编辑',null,20,0,0,1,b'0',b'0',b'0',20),
(2501,155,'减：累计折旧',null,21,0,0,1,b'0',b'0',b'0',21),
(2502,155,'固定资产账面价值',null,22,0,0,1,b'0',b'0',b'0',22),
(2503,155,'在建工程',null,23,0,0,1,b'0',b'0',b'0',23),
(2504,155,'工程物资',null,24,0,0,1,b'0',b'0',b'0',24),
(2505,155,'固定资产清理',null,25,0,0,1,b'0',b'0',b'0',25),
(2506,155,'生产性生物资产',null,26,0,0,1,b'0',b'0',b'0',26),
(2507,155,'无形资产',null,27,0,0,1,b'0',b'0',b'0',27),
(2508,155,'开发支出',null,28,0,0,1,b'0',b'0',b'0',28),
(2509,155,'长期待摊费用',null,29,0,0,1,b'0',b'0',b'0',29),
(2510,155,'其他非流动资产',null,30,0,0,1,b'0',b'0',b'0',30),
(2511,155,'非流动资产合计',null,31,0,0,1,b'0',b'0',b'0',31),
(2512,155,'资产合计',null,32,0,0,1,b'1',b'0',b'0',32),
(2513,155,'流动负债',null,33,1,0,1,b'1',b'0',b'0',33),
(2514,155,'短期借款',null,34,1,0,1,b'0',b'0',b'0',34),
(2515,155,'应付票据',null,35,1,0,1,b'0',b'0',b'0',35),
(2516,155,'应付账款',null,36,1,0,1,b'0',b'0',b'0',36),
(2517,155,'预收账款',null,37,1,0,1,b'0',b'0',b'0',37),
(2518,155,'应付职工薪酬',null,38,1,0,1,b'0',b'0',b'0',38),
(2519,155,'应交税费',null,39,1,0,1,b'0',b'0',b'0',39),
(2520,155,'应付利息',null,40,1,0,1,b'0',b'0',b'0',40),
(2521,155,'应付利润',null,41,1,0,1,b'0',b'0',b'0',41),
(2522,155,'其他应付款',null,42,1,0,1,b'0',b'0',b'0',42),
(2523,155,'其他流动负债',null,43,1,0,1,b'0',b'0',b'0',43),
(2524,155,'流动负债合计',null,44,1,0,1,b'0',b'0',b'0',44),
(2525,155,'非流动负债',null,45,1,0,1,b'1',b'0',b'0',45),
(2526,155,'长期借款',null,46,1,0,1,b'0',b'0',b'0',46),
(2527,155,'长期应付款',null,47,1,0,1,b'0',b'0',b'0',47),
(2528,155,'递延收益',null,48,1,0,1,b'0',b'0',b'0',48),
(2529,155,'其他非流动负债',null,49,1,0,1,b'0',b'0',b'0',49),
(2530,155,'非流动负债合计',null,50,1,0,1,b'0',b'0',b'0',50),
(2531,155,'负债合计',null,51,1,0,1,b'1',b'0',b'0',51),
(2532,155,'所有者权益（或股东权益）',null,52,2,0,1,b'1',b'0',b'0',52),
(2533,155,'实收资本（或股本）',null,53,2,0,1,b'0',b'0',b'0',53),
(2534,155,'资本公积',null,54,2,0,1,b'0',b'0',b'0',54),
(2535,155,'盈余公积',null,55,2,0,1,b'0',b'0',b'0',55),
(2536,155,'未分配利润',null,56,2,0,1,b'0',b'0',b'0',56),
(2537,155,'所有者权益（或股东权益）合计',null,57,2,0,1,b'0',b'0',b'0',57),
(2538,155,'负债和所有者权益（或股东权益）',null,58,2,0,1,b'1',b'0',b'0',58),
(2539,156,'一、营业外收入',null,1,null,0,1,b'1',b'1',b'0',1),
(2540,156,'减：营业成本',2539,2,null,0,2,b'0',b'1',b'0',2),
(2541,156,'税金及附加',2540,3,0,0,3,b'0',b'0',b'0',3),
(2542,156,'其中:消费税',2541,4,0,0,4,b'0',b'0',b'0',4),
(2543,156,'营业税',2541,5,0,0,4,b'0',b'0',b'0',5),
(2544,156,'城市维护建设税',2541,6,0,0,4,b'0',b'0',b'0',6),
(2545,156,'资源税',2541,7,0,0,4,b'0',b'0',b'0',7),
(2546,156,'土地增值税',2541,8,0,0,4,b'0',b'0',b'0',8),
(2547,156,'城镇土地使用税、房产税、车船税、印花税',2541,9,0,0,4,b'0',b'0',b'0',9),
(2548,156,'教育费附加、矿产资源补偿费、排污费',2541,10,0,0,4,b'0',b'0',b'0',10),
(2549,156,'销售费用',2540,11,0,0,3,b'0',b'0',b'0',11),
(2550,156,'其中：商品维修费',2549,12,0,0,4,b'0',b'0',b'0',12),
(2551,156,'广告费和业务宣传费',2549,13,0,0,4,b'0',b'0',b'0',13),
(2552,156,'管理费用',2540,14,0,0,3,b'0',b'0',b'0',14),
(2553,156,'其中：开办费',2552,15,0,0,4,b'0',b'0',b'0',15),
(2554,156,'业务招待费',2552,16,0,0,4,b'0',b'0',b'0',16),
(2555,156,'研究费用',2552,17,0,0,4,b'0',b'0',b'0',17),
(2556,156,'财务费用',2540,18,0,0,3,b'0',b'0',b'0',18),
(2557,156,'其中：利息费用（收入以\'-\'号填列）',2556,19,0,0,4,b'0',b'0',b'0',19),
(2558,156,'投资收益（损失以“-”号填列）',2540,20,0,0,3,b'0',b'0',b'0',20),
(2559,156,'二、营业利润（亏损失以\'-\'填列）',null,21,null,1,1,b'1',b'1',b'0',21),
(2560,156,'加：营业外收入',2559,22,0,0,2,b'0',b'0',b'0',22),
(2561,156,'其中：政府补助',2560,23,0,0,3,b'0',b'0',b'0',23),
(2562,156,'减：营业外支出',2559,24,0,0,2,b'0',b'0',b'0',24),
(2563,156,'其中：坏账损失',2562,25,0,0,3,b'0',b'0',b'0',25),
(2564,156,'无法收回的长期债券投资损失',2562,26,0,0,3,b'0',b'0',b'0',26),
(2565,156,'无法收回的长期股权投资损失',2562,27,0,0,3,b'0',b'0',b'0',27),
(2566,156,'自然灾害等不可抗力因素造成的损失',2562,28,0,0,3,b'0',b'0',b'0',28),
(2567,156,'税收滞纳金',2562,29,0,0,3,b'0',b'0',b'0',29),
(2568,156,'三、利润总额（亏损失以“-”号填列）',null,30,null,1,1,b'1',b'1',b'0',30),
(2569,156,' 减：所得税费用',2568,31,0,0,2,b'0',b'0',b'0',31),
(2570,156,'四、净利润（亏损失以“-”号填列）',null,32,null,1,1,b'1',b'1',b'0',32),
(2571,157,'一、经营活动产生的现金流量：',null,1,0,0,1,b'1',b'0',b'0',1),
(2572,157,'销售产成品、商品、提供劳务收到的现金',null,2,0,0,1,b'0',b'0',b'0',2),
(2573,157,'收到其他与经营活动有关的现金',null,3,0,0,1,b'0',b'0',b'0',3),
(2574,157,'购买原材料、商品、接受劳务支付的现金',null,4,0,0,1,b'0',b'0',b'0',4),
(2575,157,'支付的职工薪酬',null,5,0,0,1,b'0',b'0',b'0',5),
(2576,157,'支付的税费',null,6,0,0,1,b'0',b'0',b'0',6),
(2577,157,'支付其他与经营活动有关的现金',null,7,0,0,1,b'0',b'0',b'0',7),
(2578,157,'经营活动产生的现金流量净额',null,8,0,0,1,b'0',b'0',b'0',8),
(2579,157,'二、投资活动产生的现金流量：',null,9,0,0,1,b'1',b'0',b'0',9),
(2580,157,'收回短期投资、长期债券投资和长期股权投资收到的现金',null,10,0,0,1,b'0',b'0',b'0',10),
(2581,157,'取得投资收益收到的现金',null,11,0,0,1,b'0',b'0',b'0',11),
(2582,157,'处置固定资产、无形资产和其他非流动资产收回的现金净额',null,12,0,0,1,b'0',b'0',b'0',12),
(2583,157,'短期投资、长期债券投资和长期股权投资支付的现金',null,13,0,0,1,b'0',b'0',b'0',13),
(2584,157,'购建固定资产、无形资产和其他非流动资产支付的现金',null,14,0,0,1,b'0',b'0',b'0',14),
(2585,157,'投资活动产生的现金流量净额',null,15,0,0,1,b'0',b'0',b'0',15),
(2586,157,'三、筹资活动产生的现金流量：',null,16,0,0,1,b'1',b'0',b'0',16),
(2587,157,'取得借款收到的现金',null,17,0,0,1,b'0',b'0',b'0',17),
(2588,157,'吸收投资者投资收到的现金',null,18,0,0,1,b'0',b'0',b'0',18),
(2589,157,'偿还借款本金支付的现金',null,19,0,0,1,b'0',b'0',b'0',19),
(2590,157,'偿还借款利息支付的现金',null,20,0,0,1,b'0',b'0',b'0',20),
(2591,157,'分配利润支付的现金',null,21,0,0,1,b'0',b'0',b'0',21),
(2592,157,'筹资活动产生的现金流量净额',null,22,0,0,1,b'0',b'0',b'0',22),
(2593,157,'四、现金净增加额',null,23,0,0,1,b'1',b'0',b'0',23),
(2594,157,'加：期初现金余额',null,24,0,0,1,b'0',b'0',b'0',24),
(2595,157,'五、期末现金余额',null,25,0,0,1,b'1',b'0',b'0',25),
(2596,158,'流动资产',null,1,0,0,1,b'1',b'0',b'0',1),
(2597,158,'货币资金',null,2,0,0,1,b'0',b'0',b'0',1),
(2598,158,'短期投资',null,3,0,0,1,b'0',b'0',b'0',3),
(2599,158,'应收票据',null,4,0,0,1,b'0',b'0',b'0',4),
(2600,158,'应收账款',null,5,0,0,1,b'0',b'0',b'0',5),
(2601,158,'预付账款',null,6,0,0,1,b'0',b'0',b'0',6),
(2602,158,'应收股利',null,7,0,0,1,b'0',b'0',b'0',7),
(2603,158,'应收利息',null,8,0,0,1,b'0',b'0',b'0',8),
(2604,158,'其他应收款',null,9,0,0,1,b'0',b'0',b'0',9),
(2605,158,'存货',null,10,0,0,1,b'0',b'1',b'0',10),
(2606,158,'其中：原材料',2605,11,0,0,2,b'0',b'0',b'0',11),
(2607,158,'在产品',2605,12,0,0,2,b'0',b'0',b'0',12),
(2608,158,'库存商品',2605,13,0,0,2,b'0',b'0',b'0',13),
(2609,158,'周转材料',2605,14,0,0,2,b'0',b'0',b'0',14),
(2610,158,'其他流动资产',null,15,0,0,1,b'0',b'0',b'0',15),
(2611,158,'流动资产合计',null,16,0,0,1,b'0',b'0',b'0',16),
(2612,158,'非流动资产',null,17,0,0,1,b'1',b'0',b'0',17),
(2613,158,'长期债券投资',null,18,0,0,1,b'0',b'0',b'0',18),
(2614,158,'长期股权投资',null,19,0,0,1,b'0',b'0',b'0',19),
(2615,158,'固定资产原价编辑',null,20,0,0,1,b'0',b'0',b'0',20),
(2616,158,'减：累计折旧',null,21,0,0,1,b'0',b'0',b'0',21),
(2617,158,'固定资产账面价值',null,22,0,0,1,b'0',b'0',b'0',22),
(2618,158,'在建工程',null,23,0,0,1,b'0',b'0',b'0',23),
(2619,158,'工程物资',null,24,0,0,1,b'0',b'0',b'0',24),
(2620,158,'固定资产清理',null,25,0,0,1,b'0',b'0',b'0',25),
(2621,158,'生产性生物资产',null,26,0,0,1,b'0',b'0',b'0',26),
(2622,158,'无形资产',null,27,0,0,1,b'0',b'0',b'0',27),
(2623,158,'开发支出',null,28,0,0,1,b'0',b'0',b'0',28),
(2624,158,'长期待摊费用',null,29,0,0,1,b'0',b'0',b'0',29),
(2625,158,'其他非流动资产',null,30,0,0,1,b'0',b'0',b'0',30),
(2626,158,'非流动资产合计',null,31,0,0,1,b'0',b'0',b'0',31),
(2627,158,'资产合计',null,32,0,0,1,b'1',b'0',b'0',32),
(2628,158,'流动负债',null,33,1,0,1,b'1',b'0',b'0',33),
(2629,158,'短期借款',null,34,1,0,1,b'0',b'0',b'0',34),
(2630,158,'应付票据',null,35,1,0,1,b'0',b'0',b'0',35),
(2631,158,'应付账款',null,36,1,0,1,b'0',b'0',b'0',36),
(2632,158,'预收账款',null,37,1,0,1,b'0',b'0',b'0',37),
(2633,158,'应付职工薪酬',null,38,1,0,1,b'0',b'0',b'0',38),
(2634,158,'应交税费',null,39,1,0,1,b'0',b'0',b'0',39),
(2635,158,'应付利息',null,40,1,0,1,b'0',b'0',b'0',40),
(2636,158,'应付利润',null,41,1,0,1,b'0',b'0',b'0',41),
(2637,158,'其他应付款',null,42,1,0,1,b'0',b'0',b'0',42),
(2638,158,'其他流动负债',null,43,1,0,1,b'0',b'0',b'0',43),
(2639,158,'流动负债合计',null,44,1,0,1,b'0',b'0',b'0',44),
(2640,158,'非流动负债',null,45,1,0,1,b'1',b'0',b'0',45),
(2641,158,'长期借款',null,46,1,0,1,b'0',b'0',b'0',46),
(2642,158,'长期应付款',null,47,1,0,1,b'0',b'0',b'0',47),
(2643,158,'递延收益',null,48,1,0,1,b'0',b'0',b'0',48),
(2644,158,'其他非流动负债',null,49,1,0,1,b'0',b'0',b'0',49),
(2645,158,'非流动负债合计',null,50,1,0,1,b'0',b'0',b'0',50),
(2646,158,'负债合计',null,51,1,0,1,b'1',b'0',b'0',51),
(2647,158,'所有者权益（或股东权益）',null,52,2,0,1,b'1',b'0',b'0',52),
(2648,158,'实收资本（或股本）',null,53,2,0,1,b'0',b'0',b'0',53),
(2649,158,'资本公积',null,54,2,0,1,b'0',b'0',b'0',54),
(2650,158,'盈余公积',null,55,2,0,1,b'0',b'0',b'0',55),
(2651,158,'未分配利润',null,56,2,0,1,b'0',b'0',b'0',56),
(2652,158,'所有者权益（或股东权益）合计',null,57,2,0,1,b'0',b'0',b'0',57),
(2653,158,'负债和所有者权益（或股东权益）',null,58,2,0,1,b'1',b'0',b'0',58),
(2654,159,'一、营业外收入',null,1,null,0,1,b'1',b'1',b'0',1),
(2655,159,'减：营业成本',2654,2,null,0,2,b'0',b'1',b'0',2),
(2656,159,'税金及附加',2655,3,0,0,3,b'0',b'0',b'0',3),
(2657,159,'其中:消费税',2656,4,0,0,4,b'0',b'0',b'0',4),
(2658,159,'营业税',2656,5,0,0,4,b'0',b'0',b'0',5),
(2659,159,'城市维护建设税',2656,6,0,0,4,b'0',b'0',b'0',6),
(2660,159,'资源税',2656,7,0,0,4,b'0',b'0',b'0',7),
(2661,159,'土地增值税',2656,8,0,0,4,b'0',b'0',b'0',8),
(2662,159,'城镇土地使用税、房产税、车船税、印花税',2656,9,0,0,4,b'0',b'0',b'0',9),
(2663,159,'教育费附加、矿产资源补偿费、排污费',2656,10,0,0,4,b'0',b'0',b'0',10),
(2664,159,'销售费用',2655,11,0,0,3,b'0',b'0',b'0',11),
(2665,159,'其中：商品维修费',2664,12,0,0,4,b'0',b'0',b'0',12),
(2666,159,'广告费和业务宣传费',2664,13,0,0,4,b'0',b'0',b'0',13),
(2667,159,'管理费用',2655,14,0,0,3,b'0',b'0',b'0',14),
(2668,159,'其中：开办费',2667,15,0,0,4,b'0',b'0',b'0',15),
(2669,159,'业务招待费',2667,16,0,0,4,b'0',b'0',b'0',16),
(2670,159,'研究费用',2667,17,0,0,4,b'0',b'0',b'0',17),
(2671,159,'财务费用',2655,18,0,0,3,b'0',b'0',b'0',18),
(2672,159,'其中：利息费用（收入以\'-\'号填列）',2671,19,0,0,4,b'0',b'0',b'0',19),
(2673,159,'投资收益（损失以“-”号填列）',2655,20,0,0,3,b'0',b'0',b'0',20),
(2674,159,'二、营业利润（亏损失以\'-\'填列）',null,21,null,1,1,b'1',b'1',b'0',21),
(2675,159,'加：营业外收入',2674,22,0,0,2,b'0',b'0',b'0',22),
(2676,159,'其中：政府补助',2675,23,0,0,3,b'0',b'0',b'0',23),
(2677,159,'减：营业外支出',2674,24,0,0,2,b'0',b'0',b'0',24),
(2678,159,'其中：坏账损失',2677,25,0,0,3,b'0',b'0',b'0',25),
(2679,159,'无法收回的长期债券投资损失',2677,26,0,0,3,b'0',b'0',b'0',26),
(2680,159,'无法收回的长期股权投资损失',2677,27,0,0,3,b'0',b'0',b'0',27),
(2681,159,'自然灾害等不可抗力因素造成的损失',2677,28,0,0,3,b'0',b'0',b'0',28),
(2682,159,'税收滞纳金',2677,29,0,0,3,b'0',b'0',b'0',29),
(2683,159,'三、利润总额（亏损失以“-”号填列）',null,30,null,1,1,b'1',b'1',b'0',30),
(2684,159,' 减：所得税费用',2683,31,0,0,2,b'0',b'0',b'0',31),
(2685,159,'四、净利润（亏损失以“-”号填列）',null,32,null,1,1,b'1',b'1',b'0',32),
(2686,160,'一、经营活动产生的现金流量：',null,1,0,0,1,b'1',b'0',b'0',1),
(2687,160,'销售产成品、商品、提供劳务收到的现金',null,2,0,0,1,b'0',b'0',b'0',2),
(2688,160,'收到其他与经营活动有关的现金',null,3,0,0,1,b'0',b'0',b'0',3),
(2689,160,'购买原材料、商品、接受劳务支付的现金',null,4,0,0,1,b'0',b'0',b'0',4),
(2690,160,'支付的职工薪酬',null,5,0,0,1,b'0',b'0',b'0',5),
(2691,160,'支付的税费',null,6,0,0,1,b'0',b'0',b'0',6),
(2692,160,'支付其他与经营活动有关的现金',null,7,0,0,1,b'0',b'0',b'0',7),
(2693,160,'经营活动产生的现金流量净额',null,8,0,0,1,b'0',b'0',b'0',8),
(2694,160,'二、投资活动产生的现金流量：',null,9,0,0,1,b'1',b'0',b'0',9),
(2695,160,'收回短期投资、长期债券投资和长期股权投资收到的现金',null,10,0,0,1,b'0',b'0',b'0',10),
(2696,160,'取得投资收益收到的现金',null,11,0,0,1,b'0',b'0',b'0',11),
(2697,160,'处置固定资产、无形资产和其他非流动资产收回的现金净额',null,12,0,0,1,b'0',b'0',b'0',12),
(2698,160,'短期投资、长期债券投资和长期股权投资支付的现金',null,13,0,0,1,b'0',b'0',b'0',13),
(2699,160,'购建固定资产、无形资产和其他非流动资产支付的现金',null,14,0,0,1,b'0',b'0',b'0',14),
(2700,160,'投资活动产生的现金流量净额',null,15,0,0,1,b'0',b'0',b'0',15),
(2701,160,'三、筹资活动产生的现金流量：',null,16,0,0,1,b'1',b'0',b'0',16),
(2702,160,'取得借款收到的现金',null,17,0,0,1,b'0',b'0',b'0',17),
(2703,160,'吸收投资者投资收到的现金',null,18,0,0,1,b'0',b'0',b'0',18),
(2704,160,'偿还借款本金支付的现金',null,19,0,0,1,b'0',b'0',b'0',19),
(2705,160,'偿还借款利息支付的现金',null,20,0,0,1,b'0',b'0',b'0',20),
(2706,160,'分配利润支付的现金',null,21,0,0,1,b'0',b'0',b'0',21),
(2707,160,'筹资活动产生的现金流量净额',null,22,0,0,1,b'0',b'0',b'0',22),
(2708,160,'四、现金净增加额',null,23,0,0,1,b'1',b'0',b'0',23),
(2709,160,'加：期初现金余额',null,24,0,0,1,b'0',b'0',b'0',24),
(2710,160,'五、期末现金余额',null,25,0,0,1,b'1',b'0',b'0',25),
(2711,161,'流动资产',null,1,0,0,1,b'1',b'0',b'0',1),
(2712,161,'货币资金',null,2,0,0,1,b'0',b'0',b'0',1),
(2713,161,'短期投资',null,3,0,0,1,b'0',b'0',b'0',3),
(2714,161,'应收票据',null,4,0,0,1,b'0',b'0',b'0',4),
(2715,161,'应收账款',null,5,0,0,1,b'0',b'0',b'0',5),
(2716,161,'预付账款',null,6,0,0,1,b'0',b'0',b'0',6),
(2717,161,'应收股利',null,7,0,0,1,b'0',b'0',b'0',7),
(2718,161,'应收利息',null,8,0,0,1,b'0',b'0',b'0',8),
(2719,161,'其他应收款',null,9,0,0,1,b'0',b'0',b'0',9),
(2720,161,'存货',null,10,0,0,1,b'0',b'1',b'0',10),
(2721,161,'其中：原材料',2720,11,0,0,2,b'0',b'0',b'0',11),
(2722,161,'在产品',2720,12,0,0,2,b'0',b'0',b'0',12),
(2723,161,'库存商品',2720,13,0,0,2,b'0',b'0',b'0',13),
(2724,161,'周转材料',2720,14,0,0,2,b'0',b'0',b'0',14),
(2725,161,'其他流动资产',null,15,0,0,1,b'0',b'0',b'0',15),
(2726,161,'流动资产合计',null,16,0,0,1,b'0',b'0',b'0',16),
(2727,161,'非流动资产',null,17,0,0,1,b'1',b'0',b'0',17),
(2728,161,'长期债券投资',null,18,0,0,1,b'0',b'0',b'0',18),
(2729,161,'长期股权投资',null,19,0,0,1,b'0',b'0',b'0',19),
(2730,161,'固定资产原价编辑',null,20,0,0,1,b'0',b'0',b'0',20),
(2731,161,'减：累计折旧',null,21,0,0,1,b'0',b'0',b'0',21),
(2732,161,'固定资产账面价值',null,22,0,0,1,b'0',b'0',b'0',22),
(2733,161,'在建工程',null,23,0,0,1,b'0',b'0',b'0',23),
(2734,161,'工程物资',null,24,0,0,1,b'0',b'0',b'0',24),
(2735,161,'固定资产清理',null,25,0,0,1,b'0',b'0',b'0',25),
(2736,161,'生产性生物资产',null,26,0,0,1,b'0',b'0',b'0',26),
(2737,161,'无形资产',null,27,0,0,1,b'0',b'0',b'0',27),
(2738,161,'开发支出',null,28,0,0,1,b'0',b'0',b'0',28),
(2739,161,'长期待摊费用',null,29,0,0,1,b'0',b'0',b'0',29),
(2740,161,'其他非流动资产',null,30,0,0,1,b'0',b'0',b'0',30),
(2741,161,'非流动资产合计',null,31,0,0,1,b'0',b'0',b'0',31),
(2742,161,'资产合计',null,32,0,0,1,b'1',b'0',b'0',32),
(2743,161,'流动负债',null,33,1,0,1,b'1',b'0',b'0',33),
(2744,161,'短期借款',null,34,1,0,1,b'0',b'0',b'0',34),
(2745,161,'应付票据',null,35,1,0,1,b'0',b'0',b'0',35),
(2746,161,'应付账款',null,36,1,0,1,b'0',b'0',b'0',36),
(2747,161,'预收账款',null,37,1,0,1,b'0',b'0',b'0',37),
(2748,161,'应付职工薪酬',null,38,1,0,1,b'0',b'0',b'0',38),
(2749,161,'应交税费',null,39,1,0,1,b'0',b'0',b'0',39),
(2750,161,'应付利息',null,40,1,0,1,b'0',b'0',b'0',40),
(2751,161,'应付利润',null,41,1,0,1,b'0',b'0',b'0',41),
(2752,161,'其他应付款',null,42,1,0,1,b'0',b'0',b'0',42),
(2753,161,'其他流动负债',null,43,1,0,1,b'0',b'0',b'0',43),
(2754,161,'流动负债合计',null,44,1,0,1,b'0',b'0',b'0',44),
(2755,161,'非流动负债',null,45,1,0,1,b'1',b'0',b'0',45),
(2756,161,'长期借款',null,46,1,0,1,b'0',b'0',b'0',46),
(2757,161,'长期应付款',null,47,1,0,1,b'0',b'0',b'0',47),
(2758,161,'递延收益',null,48,1,0,1,b'0',b'0',b'0',48),
(2759,161,'其他非流动负债',null,49,1,0,1,b'0',b'0',b'0',49),
(2760,161,'非流动负债合计',null,50,1,0,1,b'0',b'0',b'0',50),
(2761,161,'负债合计',null,51,1,0,1,b'1',b'0',b'0',51),
(2762,161,'所有者权益（或股东权益）',null,52,2,0,1,b'1',b'0',b'0',52),
(2763,161,'实收资本（或股本）',null,53,2,0,1,b'0',b'0',b'0',53),
(2764,161,'资本公积',null,54,2,0,1,b'0',b'0',b'0',54),
(2765,161,'盈余公积',null,55,2,0,1,b'0',b'0',b'0',55),
(2766,161,'未分配利润',null,56,2,0,1,b'0',b'0',b'0',56),
(2767,161,'所有者权益（或股东权益）合计',null,57,2,0,1,b'0',b'0',b'0',57),
(2768,161,'负债和所有者权益（或股东权益）',null,58,2,0,1,b'1',b'0',b'0',58),
(2769,162,'一、营业外收入',null,1,null,0,1,b'1',b'1',b'0',1),
(2770,162,'减：营业成本',2769,2,null,0,2,b'0',b'1',b'0',2),
(2771,162,'税金及附加',2770,3,0,0,3,b'0',b'0',b'0',3),
(2772,162,'其中:消费税',2771,4,0,0,4,b'0',b'0',b'0',4),
(2773,162,'营业税',2771,5,0,0,4,b'0',b'0',b'0',5),
(2774,162,'城市维护建设税',2771,6,0,0,4,b'0',b'0',b'0',6),
(2775,162,'资源税',2771,7,0,0,4,b'0',b'0',b'0',7),
(2776,162,'土地增值税',2771,8,0,0,4,b'0',b'0',b'0',8),
(2777,162,'城镇土地使用税、房产税、车船税、印花税',2771,9,0,0,4,b'0',b'0',b'0',9),
(2778,162,'教育费附加、矿产资源补偿费、排污费',2771,10,0,0,4,b'0',b'0',b'0',10),
(2779,162,'销售费用',2770,11,0,0,3,b'0',b'0',b'0',11),
(2780,162,'其中：商品维修费',2779,12,0,0,4,b'0',b'0',b'0',12),
(2781,162,'广告费和业务宣传费',2779,13,0,0,4,b'0',b'0',b'0',13),
(2782,162,'管理费用',2770,14,0,0,3,b'0',b'0',b'0',14),
(2783,162,'其中：开办费',2782,15,0,0,4,b'0',b'0',b'0',15),
(2784,162,'业务招待费',2782,16,0,0,4,b'0',b'0',b'0',16),
(2785,162,'研究费用',2782,17,0,0,4,b'0',b'0',b'0',17),
(2786,162,'财务费用',2770,18,0,0,3,b'0',b'0',b'0',18),
(2787,162,'其中：利息费用（收入以\'-\'号填列）',2786,19,0,0,4,b'0',b'0',b'0',19),
(2788,162,'投资收益（损失以“-”号填列）',2770,20,0,0,3,b'0',b'0',b'0',20),
(2789,162,'二、营业利润（亏损失以\'-\'填列）',null,21,null,1,1,b'1',b'1',b'0',21),
(2790,162,'加：营业外收入',2789,22,0,0,2,b'0',b'0',b'0',22),
(2791,162,'其中：政府补助',2790,23,0,0,3,b'0',b'0',b'0',23),
(2792,162,'减：营业外支出',2789,24,0,0,2,b'0',b'0',b'0',24),
(2793,162,'其中：坏账损失',2792,25,0,0,3,b'0',b'0',b'0',25),
(2794,162,'无法收回的长期债券投资损失',2792,26,0,0,3,b'0',b'0',b'0',26),
(2795,162,'无法收回的长期股权投资损失',2792,27,0,0,3,b'0',b'0',b'0',27),
(2796,162,'自然灾害等不可抗力因素造成的损失',2792,28,0,0,3,b'0',b'0',b'0',28),
(2797,162,'税收滞纳金',2792,29,0,0,3,b'0',b'0',b'0',29),
(2798,162,'三、利润总额（亏损失以“-”号填列）',null,30,null,1,1,b'1',b'1',b'0',30),
(2799,162,' 减：所得税费用',2798,31,0,0,2,b'0',b'0',b'0',31),
(2800,162,'四、净利润（亏损失以“-”号填列）',null,32,null,1,1,b'1',b'1',b'0',32),
(2801,163,'一、经营活动产生的现金流量：',null,1,0,0,1,b'1',b'0',b'0',1),
(2802,163,'销售产成品、商品、提供劳务收到的现金',null,2,0,0,1,b'0',b'0',b'0',2),
(2803,163,'收到其他与经营活动有关的现金',null,3,0,0,1,b'0',b'0',b'0',3),
(2804,163,'购买原材料、商品、接受劳务支付的现金',null,4,0,0,1,b'0',b'0',b'0',4),
(2805,163,'支付的职工薪酬',null,5,0,0,1,b'0',b'0',b'0',5),
(2806,163,'支付的税费',null,6,0,0,1,b'0',b'0',b'0',6),
(2807,163,'支付其他与经营活动有关的现金',null,7,0,0,1,b'0',b'0',b'0',7),
(2808,163,'经营活动产生的现金流量净额',null,8,0,0,1,b'0',b'0',b'0',8),
(2809,163,'二、投资活动产生的现金流量：',null,9,0,0,1,b'1',b'0',b'0',9),
(2810,163,'收回短期投资、长期债券投资和长期股权投资收到的现金',null,10,0,0,1,b'0',b'0',b'0',10),
(2811,163,'取得投资收益收到的现金',null,11,0,0,1,b'0',b'0',b'0',11),
(2812,163,'处置固定资产、无形资产和其他非流动资产收回的现金净额',null,12,0,0,1,b'0',b'0',b'0',12),
(2813,163,'短期投资、长期债券投资和长期股权投资支付的现金',null,13,0,0,1,b'0',b'0',b'0',13),
(2814,163,'购建固定资产、无形资产和其他非流动资产支付的现金',null,14,0,0,1,b'0',b'0',b'0',14),
(2815,163,'投资活动产生的现金流量净额',null,15,0,0,1,b'0',b'0',b'0',15),
(2816,163,'三、筹资活动产生的现金流量：',null,16,0,0,1,b'1',b'0',b'0',16),
(2817,163,'取得借款收到的现金',null,17,0,0,1,b'0',b'0',b'0',17),
(2818,163,'吸收投资者投资收到的现金',null,18,0,0,1,b'0',b'0',b'0',18),
(2819,163,'偿还借款本金支付的现金',null,19,0,0,1,b'0',b'0',b'0',19),
(2820,163,'偿还借款利息支付的现金',null,20,0,0,1,b'0',b'0',b'0',20),
(2821,163,'分配利润支付的现金',null,21,0,0,1,b'0',b'0',b'0',21),
(2822,163,'筹资活动产生的现金流量净额',null,22,0,0,1,b'0',b'0',b'0',22),
(2823,163,'四、现金净增加额',null,23,0,0,1,b'1',b'0',b'0',23),
(2824,163,'加：期初现金余额',null,24,0,0,1,b'0',b'0',b'0',24),
(2825,163,'五、期末现金余额',null,25,0,0,1,b'1',b'0',b'0',25),
(2826,164,'流动资产',null,1,0,0,1,b'1',b'0',b'0',1),
(2827,164,'货币资金',null,2,0,0,1,b'0',b'0',b'0',1),
(2828,164,'短期投资',null,3,0,0,1,b'0',b'0',b'0',3),
(2829,164,'应收票据',null,4,0,0,1,b'0',b'0',b'0',4),
(2830,164,'应收账款',null,5,0,0,1,b'0',b'0',b'0',5),
(2831,164,'预付账款',null,6,0,0,1,b'0',b'0',b'0',6),
(2832,164,'应收股利',null,7,0,0,1,b'0',b'0',b'0',7),
(2833,164,'应收利息',null,8,0,0,1,b'0',b'0',b'0',8),
(2834,164,'其他应收款',null,9,0,0,1,b'0',b'0',b'0',9),
(2835,164,'存货',null,10,0,0,1,b'0',b'1',b'0',10),
(2836,164,'其中：原材料',2835,11,0,0,2,b'0',b'0',b'0',11),
(2837,164,'在产品',2835,12,0,0,2,b'0',b'0',b'0',12),
(2838,164,'库存商品',2835,13,0,0,2,b'0',b'0',b'0',13),
(2839,164,'周转材料',2835,14,0,0,2,b'0',b'0',b'0',14),
(2840,164,'其他流动资产',null,15,0,0,1,b'0',b'0',b'0',15),
(2841,164,'流动资产合计',null,16,0,0,1,b'0',b'0',b'0',16),
(2842,164,'非流动资产',null,17,0,0,1,b'1',b'0',b'0',17),
(2843,164,'长期债券投资',null,18,0,0,1,b'0',b'0',b'0',18),
(2844,164,'长期股权投资',null,19,0,0,1,b'0',b'0',b'0',19),
(2845,164,'固定资产原价编辑',null,20,0,0,1,b'0',b'0',b'0',20),
(2846,164,'减：累计折旧',null,21,0,0,1,b'0',b'0',b'0',21),
(2847,164,'固定资产账面价值',null,22,0,0,1,b'0',b'0',b'0',22),
(2848,164,'在建工程',null,23,0,0,1,b'0',b'0',b'0',23),
(2849,164,'工程物资',null,24,0,0,1,b'0',b'0',b'0',24),
(2850,164,'固定资产清理',null,25,0,0,1,b'0',b'0',b'0',25),
(2851,164,'生产性生物资产',null,26,0,0,1,b'0',b'0',b'0',26),
(2852,164,'无形资产',null,27,0,0,1,b'0',b'0',b'0',27),
(2853,164,'开发支出',null,28,0,0,1,b'0',b'0',b'0',28),
(2854,164,'长期待摊费用',null,29,0,0,1,b'0',b'0',b'0',29),
(2855,164,'其他非流动资产',null,30,0,0,1,b'0',b'0',b'0',30),
(2856,164,'非流动资产合计',null,31,0,0,1,b'0',b'0',b'0',31),
(2857,164,'资产合计',null,32,0,0,1,b'1',b'0',b'0',32),
(2858,164,'流动负债',null,33,1,0,1,b'1',b'0',b'0',33),
(2859,164,'短期借款',null,34,1,0,1,b'0',b'0',b'0',34),
(2860,164,'应付票据',null,35,1,0,1,b'0',b'0',b'0',35),
(2861,164,'应付账款',null,36,1,0,1,b'0',b'0',b'0',36),
(2862,164,'预收账款',null,37,1,0,1,b'0',b'0',b'0',37),
(2863,164,'应付职工薪酬',null,38,1,0,1,b'0',b'0',b'0',38),
(2864,164,'应交税费',null,39,1,0,1,b'0',b'0',b'0',39),
(2865,164,'应付利息',null,40,1,0,1,b'0',b'0',b'0',40),
(2866,164,'应付利润',null,41,1,0,1,b'0',b'0',b'0',41),
(2867,164,'其他应付款',null,42,1,0,1,b'0',b'0',b'0',42),
(2868,164,'其他流动负债',null,43,1,0,1,b'0',b'0',b'0',43),
(2869,164,'流动负债合计',null,44,1,0,1,b'0',b'0',b'0',44),
(2870,164,'非流动负债',null,45,1,0,1,b'1',b'0',b'0',45),
(2871,164,'长期借款',null,46,1,0,1,b'0',b'0',b'0',46),
(2872,164,'长期应付款',null,47,1,0,1,b'0',b'0',b'0',47),
(2873,164,'递延收益',null,48,1,0,1,b'0',b'0',b'0',48),
(2874,164,'其他非流动负债',null,49,1,0,1,b'0',b'0',b'0',49),
(2875,164,'非流动负债合计',null,50,1,0,1,b'0',b'0',b'0',50),
(2876,164,'负债合计',null,51,1,0,1,b'1',b'0',b'0',51),
(2877,164,'所有者权益（或股东权益）',null,52,2,0,1,b'1',b'0',b'0',52),
(2878,164,'实收资本（或股本）',null,53,2,0,1,b'0',b'0',b'0',53),
(2879,164,'资本公积',null,54,2,0,1,b'0',b'0',b'0',54),
(2880,164,'盈余公积',null,55,2,0,1,b'0',b'0',b'0',55),
(2881,164,'未分配利润',null,56,2,0,1,b'0',b'0',b'0',56),
(2882,164,'所有者权益（或股东权益）合计',null,57,2,0,1,b'0',b'0',b'0',57),
(2883,164,'负债和所有者权益（或股东权益）',null,58,2,0,1,b'1',b'0',b'0',58),
(2884,165,'一、营业外收入',null,1,null,0,1,b'1',b'1',b'0',1),
(2885,165,'减：营业成本',2884,2,null,0,2,b'0',b'1',b'0',2),
(2886,165,'税金及附加',2885,3,0,0,3,b'0',b'0',b'0',3),
(2887,165,'其中:消费税',2886,4,0,0,4,b'0',b'0',b'0',4),
(2888,165,'营业税',2886,5,0,0,4,b'0',b'0',b'0',5),
(2889,165,'城市维护建设税',2886,6,0,0,4,b'0',b'0',b'0',6),
(2890,165,'资源税',2886,7,0,0,4,b'0',b'0',b'0',7),
(2891,165,'土地增值税',2886,8,0,0,4,b'0',b'0',b'0',8),
(2892,165,'城镇土地使用税、房产税、车船税、印花税',2886,9,0,0,4,b'0',b'0',b'0',9),
(2893,165,'教育费附加、矿产资源补偿费、排污费',2886,10,0,0,4,b'0',b'0',b'0',10),
(2894,165,'销售费用',2885,11,0,0,3,b'0',b'0',b'0',11),
(2895,165,'其中：商品维修费',2894,12,0,0,4,b'0',b'0',b'0',12),
(2896,165,'广告费和业务宣传费',2894,13,0,0,4,b'0',b'0',b'0',13),
(2897,165,'管理费用',2885,14,0,0,3,b'0',b'0',b'0',14),
(2898,165,'其中：开办费',2897,15,0,0,4,b'0',b'0',b'0',15),
(2899,165,'业务招待费',2897,16,0,0,4,b'0',b'0',b'0',16),
(2900,165,'研究费用',2897,17,0,0,4,b'0',b'0',b'0',17),
(2901,165,'财务费用',2885,18,0,0,3,b'0',b'0',b'0',18),
(2902,165,'其中：利息费用（收入以\'-\'号填列）',2901,19,0,0,4,b'0',b'0',b'0',19),
(2903,165,'投资收益（损失以“-”号填列）',2885,20,0,0,3,b'0',b'0',b'0',20),
(2904,165,'二、营业利润（亏损失以\'-\'填列）',null,21,null,1,1,b'1',b'1',b'0',21),
(2905,165,'加：营业外收入',2904,22,0,0,2,b'0',b'0',b'0',22),
(2906,165,'其中：政府补助',2905,23,0,0,3,b'0',b'0',b'0',23),
(2907,165,'减：营业外支出',2904,24,0,0,2,b'0',b'0',b'0',24),
(2908,165,'其中：坏账损失',2907,25,0,0,3,b'0',b'0',b'0',25),
(2909,165,'无法收回的长期债券投资损失',2907,26,0,0,3,b'0',b'0',b'0',26),
(2910,165,'无法收回的长期股权投资损失',2907,27,0,0,3,b'0',b'0',b'0',27),
(2911,165,'自然灾害等不可抗力因素造成的损失',2907,28,0,0,3,b'0',b'0',b'0',28),
(2912,165,'税收滞纳金',2907,29,0,0,3,b'0',b'0',b'0',29),
(2913,165,'三、利润总额（亏损失以“-”号填列）',null,30,null,1,1,b'1',b'1',b'0',30),
(2914,165,' 减：所得税费用',2913,31,0,0,2,b'0',b'0',b'0',31),
(2915,165,'四、净利润（亏损失以“-”号填列）',null,32,null,1,1,b'1',b'1',b'0',32),
(2916,166,'一、经营活动产生的现金流量：',null,1,0,0,1,b'1',b'0',b'0',1),
(2917,166,'销售产成品、商品、提供劳务收到的现金',null,2,0,0,1,b'0',b'0',b'0',2),
(2918,166,'收到其他与经营活动有关的现金',null,3,0,0,1,b'0',b'0',b'0',3),
(2919,166,'购买原材料、商品、接受劳务支付的现金',null,4,0,0,1,b'0',b'0',b'0',4),
(2920,166,'支付的职工薪酬',null,5,0,0,1,b'0',b'0',b'0',5),
(2921,166,'支付的税费',null,6,0,0,1,b'0',b'0',b'0',6),
(2922,166,'支付其他与经营活动有关的现金',null,7,0,0,1,b'0',b'0',b'0',7),
(2923,166,'经营活动产生的现金流量净额',null,8,0,0,1,b'0',b'0',b'0',8),
(2924,166,'二、投资活动产生的现金流量：',null,9,0,0,1,b'1',b'0',b'0',9),
(2925,166,'收回短期投资、长期债券投资和长期股权投资收到的现金',null,10,0,0,1,b'0',b'0',b'0',10),
(2926,166,'取得投资收益收到的现金',null,11,0,0,1,b'0',b'0',b'0',11),
(2927,166,'处置固定资产、无形资产和其他非流动资产收回的现金净额',null,12,0,0,1,b'0',b'0',b'0',12),
(2928,166,'短期投资、长期债券投资和长期股权投资支付的现金',null,13,0,0,1,b'0',b'0',b'0',13),
(2929,166,'购建固定资产、无形资产和其他非流动资产支付的现金',null,14,0,0,1,b'0',b'0',b'0',14),
(2930,166,'投资活动产生的现金流量净额',null,15,0,0,1,b'0',b'0',b'0',15),
(2931,166,'三、筹资活动产生的现金流量：',null,16,0,0,1,b'1',b'0',b'0',16),
(2932,166,'取得借款收到的现金',null,17,0,0,1,b'0',b'0',b'0',17),
(2933,166,'吸收投资者投资收到的现金',null,18,0,0,1,b'0',b'0',b'0',18),
(2934,166,'偿还借款本金支付的现金',null,19,0,0,1,b'0',b'0',b'0',19),
(2935,166,'偿还借款利息支付的现金',null,20,0,0,1,b'0',b'0',b'0',20),
(2936,166,'分配利润支付的现金',null,21,0,0,1,b'0',b'0',b'0',21),
(2937,166,'筹资活动产生的现金流量净额',null,22,0,0,1,b'0',b'0',b'0',22),
(2938,166,'四、现金净增加额',null,23,0,0,1,b'1',b'0',b'0',23),
(2939,166,'加：期初现金余额',null,24,0,0,1,b'0',b'0',b'0',24),
(2940,166,'五、期末现金余额',null,25,0,0,1,b'1',b'0',b'0',25),
(2941,167,'流动资产',null,1,0,0,1,b'1',b'0',b'0',1),
(2942,167,'货币资金',null,2,0,0,1,b'0',b'0',b'0',1),
(2943,167,'短期投资',null,3,0,0,1,b'0',b'0',b'0',3),
(2944,167,'应收票据',null,4,0,0,1,b'0',b'0',b'0',4),
(2945,167,'应收账款',null,5,0,0,1,b'0',b'0',b'0',5),
(2946,167,'预付账款',null,6,0,0,1,b'0',b'0',b'0',6),
(2947,167,'应收股利',null,7,0,0,1,b'0',b'0',b'0',7),
(2948,167,'应收利息',null,8,0,0,1,b'0',b'0',b'0',8),
(2949,167,'其他应收款',null,9,0,0,1,b'0',b'0',b'0',9),
(2950,167,'存货',null,10,0,0,1,b'0',b'1',b'0',10),
(2951,167,'其中：原材料',2950,11,0,0,2,b'0',b'0',b'0',11),
(2952,167,'在产品',2950,12,0,0,2,b'0',b'0',b'0',12),
(2953,167,'库存商品',2950,13,0,0,2,b'0',b'0',b'0',13),
(2954,167,'周转材料',2950,14,0,0,2,b'0',b'0',b'0',14),
(2955,167,'其他流动资产',null,15,0,0,1,b'0',b'0',b'0',15),
(2956,167,'流动资产合计',null,16,0,0,1,b'0',b'0',b'0',16),
(2957,167,'非流动资产',null,17,0,0,1,b'1',b'0',b'0',17),
(2958,167,'长期债券投资',null,18,0,0,1,b'0',b'0',b'0',18),
(2959,167,'长期股权投资',null,19,0,0,1,b'0',b'0',b'0',19),
(2960,167,'固定资产原价编辑',null,20,0,0,1,b'0',b'0',b'0',20),
(2961,167,'减：累计折旧',null,21,0,0,1,b'0',b'0',b'0',21),
(2962,167,'固定资产账面价值',null,22,0,0,1,b'0',b'0',b'0',22),
(2963,167,'在建工程',null,23,0,0,1,b'0',b'0',b'0',23),
(2964,167,'工程物资',null,24,0,0,1,b'0',b'0',b'0',24),
(2965,167,'固定资产清理',null,25,0,0,1,b'0',b'0',b'0',25),
(2966,167,'生产性生物资产',null,26,0,0,1,b'0',b'0',b'0',26),
(2967,167,'无形资产',null,27,0,0,1,b'0',b'0',b'0',27),
(2968,167,'开发支出',null,28,0,0,1,b'0',b'0',b'0',28),
(2969,167,'长期待摊费用',null,29,0,0,1,b'0',b'0',b'0',29),
(2970,167,'其他非流动资产',null,30,0,0,1,b'0',b'0',b'0',30),
(2971,167,'非流动资产合计',null,31,0,0,1,b'0',b'0',b'0',31),
(2972,167,'资产合计',null,32,0,0,1,b'1',b'0',b'0',32),
(2973,167,'流动负债',null,33,1,0,1,b'1',b'0',b'0',33),
(2974,167,'短期借款',null,34,1,0,1,b'0',b'0',b'0',34),
(2975,167,'应付票据',null,35,1,0,1,b'0',b'0',b'0',35),
(2976,167,'应付账款',null,36,1,0,1,b'0',b'0',b'0',36),
(2977,167,'预收账款',null,37,1,0,1,b'0',b'0',b'0',37),
(2978,167,'应付职工薪酬',null,38,1,0,1,b'0',b'0',b'0',38),
(2979,167,'应交税费',null,39,1,0,1,b'0',b'0',b'0',39),
(2980,167,'应付利息',null,40,1,0,1,b'0',b'0',b'0',40),
(2981,167,'应付利润',null,41,1,0,1,b'0',b'0',b'0',41),
(2982,167,'其他应付款',null,42,1,0,1,b'0',b'0',b'0',42),
(2983,167,'其他流动负债',null,43,1,0,1,b'0',b'0',b'0',43),
(2984,167,'流动负债合计',null,44,1,0,1,b'0',b'0',b'0',44),
(2985,167,'非流动负债',null,45,1,0,1,b'1',b'0',b'0',45),
(2986,167,'长期借款',null,46,1,0,1,b'0',b'0',b'0',46),
(2987,167,'长期应付款',null,47,1,0,1,b'0',b'0',b'0',47),
(2988,167,'递延收益',null,48,1,0,1,b'0',b'0',b'0',48),
(2989,167,'其他非流动负债',null,49,1,0,1,b'0',b'0',b'0',49),
(2990,167,'非流动负债合计',null,50,1,0,1,b'0',b'0',b'0',50),
(2991,167,'负债合计',null,51,1,0,1,b'1',b'0',b'0',51),
(2992,167,'所有者权益（或股东权益）',null,52,2,0,1,b'1',b'0',b'0',52),
(2993,167,'实收资本（或股本）',null,53,2,0,1,b'0',b'0',b'0',53),
(2994,167,'资本公积',null,54,2,0,1,b'0',b'0',b'0',54),
(2995,167,'盈余公积',null,55,2,0,1,b'0',b'0',b'0',55),
(2996,167,'未分配利润',null,56,2,0,1,b'0',b'0',b'0',56),
(2997,167,'所有者权益（或股东权益）合计',null,57,2,0,1,b'0',b'0',b'0',57),
(2998,167,'负债和所有者权益（或股东权益）',null,58,2,0,1,b'1',b'0',b'0',58),
(2999,168,'一、营业外收入',null,1,null,0,1,b'1',b'1',b'0',1),
(3000,168,'减：营业成本',2999,2,null,0,2,b'0',b'1',b'0',2),
(3001,168,'税金及附加',3000,3,0,0,3,b'0',b'0',b'0',3),
(3002,168,'其中:消费税',3001,4,0,0,4,b'0',b'0',b'0',4),
(3003,168,'营业税',3001,5,0,0,4,b'0',b'0',b'0',5),
(3004,168,'城市维护建设税',3001,6,0,0,4,b'0',b'0',b'0',6),
(3005,168,'资源税',3001,7,0,0,4,b'0',b'0',b'0',7),
(3006,168,'土地增值税',3001,8,0,0,4,b'0',b'0',b'0',8),
(3007,168,'城镇土地使用税、房产税、车船税、印花税',3001,9,0,0,4,b'0',b'0',b'0',9),
(3008,168,'教育费附加、矿产资源补偿费、排污费',3001,10,0,0,4,b'0',b'0',b'0',10),
(3009,168,'销售费用',3000,11,0,0,3,b'0',b'0',b'0',11),
(3010,168,'其中：商品维修费',3009,12,0,0,4,b'0',b'0',b'0',12),
(3011,168,'广告费和业务宣传费',3009,13,0,0,4,b'0',b'0',b'0',13),
(3012,168,'管理费用',3000,14,0,0,3,b'0',b'0',b'0',14),
(3013,168,'其中：开办费',3012,15,0,0,4,b'0',b'0',b'0',15),
(3014,168,'业务招待费',3012,16,0,0,4,b'0',b'0',b'0',16),
(3015,168,'研究费用',3012,17,0,0,4,b'0',b'0',b'0',17),
(3016,168,'财务费用',3000,18,0,0,3,b'0',b'0',b'0',18),
(3017,168,'其中：利息费用（收入以\'-\'号填列）',3016,19,0,0,4,b'0',b'0',b'0',19),
(3018,168,'投资收益（损失以“-”号填列）',3000,20,0,0,3,b'0',b'0',b'0',20),
(3019,168,'二、营业利润（亏损失以\'-\'填列）',null,21,null,1,1,b'1',b'1',b'0',21),
(3020,168,'加：营业外收入',3019,22,0,0,2,b'0',b'0',b'0',22),
(3021,168,'其中：政府补助',3020,23,0,0,3,b'0',b'0',b'0',23),
(3022,168,'减：营业外支出',3019,24,0,0,2,b'0',b'0',b'0',24),
(3023,168,'其中：坏账损失',3022,25,0,0,3,b'0',b'0',b'0',25),
(3024,168,'无法收回的长期债券投资损失',3022,26,0,0,3,b'0',b'0',b'0',26),
(3025,168,'无法收回的长期股权投资损失',3022,27,0,0,3,b'0',b'0',b'0',27),
(3026,168,'自然灾害等不可抗力因素造成的损失',3022,28,0,0,3,b'0',b'0',b'0',28),
(3027,168,'税收滞纳金',3022,29,0,0,3,b'0',b'0',b'0',29),
(3028,168,'三、利润总额（亏损失以“-”号填列）',null,30,null,1,1,b'1',b'1',b'0',30),
(3029,168,' 减：所得税费用',3028,31,0,0,2,b'0',b'0',b'0',31),
(3030,168,'四、净利润（亏损失以“-”号填列）',null,32,null,1,1,b'1',b'1',b'0',32),
(3031,169,'一、经营活动产生的现金流量：',null,1,0,0,1,b'1',b'0',b'0',1),
(3032,169,'销售产成品、商品、提供劳务收到的现金',null,2,0,0,1,b'0',b'0',b'0',2),
(3033,169,'收到其他与经营活动有关的现金',null,3,0,0,1,b'0',b'0',b'0',3),
(3034,169,'购买原材料、商品、接受劳务支付的现金',null,4,0,0,1,b'0',b'0',b'0',4),
(3035,169,'支付的职工薪酬',null,5,0,0,1,b'0',b'0',b'0',5),
(3036,169,'支付的税费',null,6,0,0,1,b'0',b'0',b'0',6),
(3037,169,'支付其他与经营活动有关的现金',null,7,0,0,1,b'0',b'0',b'0',7),
(3038,169,'经营活动产生的现金流量净额',null,8,0,0,1,b'0',b'0',b'0',8),
(3039,169,'二、投资活动产生的现金流量：',null,9,0,0,1,b'1',b'0',b'0',9),
(3040,169,'收回短期投资、长期债券投资和长期股权投资收到的现金',null,10,0,0,1,b'0',b'0',b'0',10),
(3041,169,'取得投资收益收到的现金',null,11,0,0,1,b'0',b'0',b'0',11),
(3042,169,'处置固定资产、无形资产和其他非流动资产收回的现金净额',null,12,0,0,1,b'0',b'0',b'0',12),
(3043,169,'短期投资、长期债券投资和长期股权投资支付的现金',null,13,0,0,1,b'0',b'0',b'0',13),
(3044,169,'购建固定资产、无形资产和其他非流动资产支付的现金',null,14,0,0,1,b'0',b'0',b'0',14),
(3045,169,'投资活动产生的现金流量净额',null,15,0,0,1,b'0',b'0',b'0',15),
(3046,169,'三、筹资活动产生的现金流量：',null,16,0,0,1,b'1',b'0',b'0',16),
(3047,169,'取得借款收到的现金',null,17,0,0,1,b'0',b'0',b'0',17),
(3048,169,'吸收投资者投资收到的现金',null,18,0,0,1,b'0',b'0',b'0',18),
(3049,169,'偿还借款本金支付的现金',null,19,0,0,1,b'0',b'0',b'0',19),
(3050,169,'偿还借款利息支付的现金',null,20,0,0,1,b'0',b'0',b'0',20),
(3051,169,'分配利润支付的现金',null,21,0,0,1,b'0',b'0',b'0',21),
(3052,169,'筹资活动产生的现金流量净额',null,22,0,0,1,b'0',b'0',b'0',22),
(3053,169,'四、现金净增加额',null,23,0,0,1,b'1',b'0',b'0',23),
(3054,169,'加：期初现金余额',null,24,0,0,1,b'0',b'0',b'0',24),
(3055,169,'五、期末现金余额',null,25,0,0,1,b'1',b'0',b'0',25),
(3056,170,'流动资产',null,1,0,0,1,b'1',b'0',b'0',1),
(3057,170,'货币资金',null,2,0,0,1,b'0',b'0',b'0',1),
(3058,170,'短期投资',null,3,0,0,1,b'0',b'0',b'0',3),
(3059,170,'应收票据',null,4,0,0,1,b'0',b'0',b'0',4),
(3060,170,'应收账款',null,5,0,0,1,b'0',b'0',b'0',5),
(3061,170,'预付账款',null,6,0,0,1,b'0',b'0',b'0',6),
(3062,170,'应收股利',null,7,0,0,1,b'0',b'0',b'0',7),
(3063,170,'应收利息',null,8,0,0,1,b'0',b'0',b'0',8),
(3064,170,'其他应收款',null,9,0,0,1,b'0',b'0',b'0',9),
(3065,170,'存货',null,10,0,0,1,b'0',b'1',b'0',10),
(3066,170,'其中：原材料',3065,11,0,0,2,b'0',b'0',b'0',11),
(3067,170,'在产品',3065,12,0,0,2,b'0',b'0',b'0',12),
(3068,170,'库存商品',3065,13,0,0,2,b'0',b'0',b'0',13),
(3069,170,'周转材料',3065,14,0,0,2,b'0',b'0',b'0',14),
(3070,170,'其他流动资产',null,15,0,0,1,b'0',b'0',b'0',15),
(3071,170,'流动资产合计',null,16,0,0,1,b'0',b'0',b'0',16),
(3072,170,'非流动资产',null,17,0,0,1,b'1',b'0',b'0',17),
(3073,170,'长期债券投资',null,18,0,0,1,b'0',b'0',b'0',18),
(3074,170,'长期股权投资',null,19,0,0,1,b'0',b'0',b'0',19),
(3075,170,'固定资产原价编辑',null,20,0,0,1,b'0',b'0',b'0',20),
(3076,170,'减：累计折旧',null,21,0,0,1,b'0',b'0',b'0',21),
(3077,170,'固定资产账面价值',null,22,0,0,1,b'0',b'0',b'0',22),
(3078,170,'在建工程',null,23,0,0,1,b'0',b'0',b'0',23),
(3079,170,'工程物资',null,24,0,0,1,b'0',b'0',b'0',24),
(3080,170,'固定资产清理',null,25,0,0,1,b'0',b'0',b'0',25),
(3081,170,'生产性生物资产',null,26,0,0,1,b'0',b'0',b'0',26),
(3082,170,'无形资产',null,27,0,0,1,b'0',b'0',b'0',27),
(3083,170,'开发支出',null,28,0,0,1,b'0',b'0',b'0',28),
(3084,170,'长期待摊费用',null,29,0,0,1,b'0',b'0',b'0',29),
(3085,170,'其他非流动资产',null,30,0,0,1,b'0',b'0',b'0',30),
(3086,170,'非流动资产合计',null,31,0,0,1,b'0',b'0',b'0',31),
(3087,170,'资产合计',null,32,0,0,1,b'1',b'0',b'0',32),
(3088,170,'流动负债',null,33,1,0,1,b'1',b'0',b'0',33),
(3089,170,'短期借款',null,34,1,0,1,b'0',b'0',b'0',34),
(3090,170,'应付票据',null,35,1,0,1,b'0',b'0',b'0',35),
(3091,170,'应付账款',null,36,1,0,1,b'0',b'0',b'0',36),
(3092,170,'预收账款',null,37,1,0,1,b'0',b'0',b'0',37),
(3093,170,'应付职工薪酬',null,38,1,0,1,b'0',b'0',b'0',38),
(3094,170,'应交税费',null,39,1,0,1,b'0',b'0',b'0',39),
(3095,170,'应付利息',null,40,1,0,1,b'0',b'0',b'0',40),
(3096,170,'应付利润',null,41,1,0,1,b'0',b'0',b'0',41),
(3097,170,'其他应付款',null,42,1,0,1,b'0',b'0',b'0',42),
(3098,170,'其他流动负债',null,43,1,0,1,b'0',b'0',b'0',43),
(3099,170,'流动负债合计',null,44,1,0,1,b'0',b'0',b'0',44),
(3100,170,'非流动负债',null,45,1,0,1,b'1',b'0',b'0',45),
(3101,170,'长期借款',null,46,1,0,1,b'0',b'0',b'0',46),
(3102,170,'长期应付款',null,47,1,0,1,b'0',b'0',b'0',47),
(3103,170,'递延收益',null,48,1,0,1,b'0',b'0',b'0',48),
(3104,170,'其他非流动负债',null,49,1,0,1,b'0',b'0',b'0',49),
(3105,170,'非流动负债合计',null,50,1,0,1,b'0',b'0',b'0',50),
(3106,170,'负债合计',null,51,1,0,1,b'1',b'0',b'0',51),
(3107,170,'所有者权益（或股东权益）',null,52,2,0,1,b'1',b'0',b'0',52),
(3108,170,'实收资本（或股本）',null,53,2,0,1,b'0',b'0',b'0',53),
(3109,170,'资本公积',null,54,2,0,1,b'0',b'0',b'0',54),
(3110,170,'盈余公积',null,55,2,0,1,b'0',b'0',b'0',55),
(3111,170,'未分配利润',null,56,2,0,1,b'0',b'0',b'0',56),
(3112,170,'所有者权益（或股东权益）合计',null,57,2,0,1,b'0',b'0',b'0',57),
(3113,170,'负债和所有者权益（或股东权益）',null,58,2,0,1,b'1',b'0',b'0',58),
(3114,171,'一、营业外收入',null,1,null,0,1,b'1',b'1',b'0',1),
(3115,171,'减：营业成本',3114,2,null,0,2,b'0',b'1',b'0',2),
(3116,171,'税金及附加',3115,3,0,0,3,b'0',b'0',b'0',3),
(3117,171,'其中:消费税',3116,4,0,0,4,b'0',b'0',b'0',4),
(3118,171,'营业税',3116,5,0,0,4,b'0',b'0',b'0',5),
(3119,171,'城市维护建设税',3116,6,0,0,4,b'0',b'0',b'0',6),
(3120,171,'资源税',3116,7,0,0,4,b'0',b'0',b'0',7),
(3121,171,'土地增值税',3116,8,0,0,4,b'0',b'0',b'0',8),
(3122,171,'城镇土地使用税、房产税、车船税、印花税',3116,9,0,0,4,b'0',b'0',b'0',9),
(3123,171,'教育费附加、矿产资源补偿费、排污费',3116,10,0,0,4,b'0',b'0',b'0',10),
(3124,171,'销售费用',3115,11,0,0,3,b'0',b'0',b'0',11),
(3125,171,'其中：商品维修费',3124,12,0,0,4,b'0',b'0',b'0',12),
(3126,171,'广告费和业务宣传费',3124,13,0,0,4,b'0',b'0',b'0',13),
(3127,171,'管理费用',3115,14,0,0,3,b'0',b'0',b'0',14),
(3128,171,'其中：开办费',3127,15,0,0,4,b'0',b'0',b'0',15),
(3129,171,'业务招待费',3127,16,0,0,4,b'0',b'0',b'0',16),
(3130,171,'研究费用',3127,17,0,0,4,b'0',b'0',b'0',17),
(3131,171,'财务费用',3115,18,0,0,3,b'0',b'0',b'0',18),
(3132,171,'其中：利息费用（收入以\'-\'号填列）',3131,19,0,0,4,b'0',b'0',b'0',19),
(3133,171,'投资收益（损失以“-”号填列）',3115,20,0,0,3,b'0',b'0',b'0',20),
(3134,171,'二、营业利润（亏损失以\'-\'填列）',null,21,null,1,1,b'1',b'1',b'0',21),
(3135,171,'加：营业外收入',3134,22,0,0,2,b'0',b'0',b'0',22),
(3136,171,'其中：政府补助',3135,23,0,0,3,b'0',b'0',b'0',23),
(3137,171,'减：营业外支出',3134,24,0,0,2,b'0',b'0',b'0',24),
(3138,171,'其中：坏账损失',3137,25,0,0,3,b'0',b'0',b'0',25),
(3139,171,'无法收回的长期债券投资损失',3137,26,0,0,3,b'0',b'0',b'0',26),
(3140,171,'无法收回的长期股权投资损失',3137,27,0,0,3,b'0',b'0',b'0',27),
(3141,171,'自然灾害等不可抗力因素造成的损失',3137,28,0,0,3,b'0',b'0',b'0',28),
(3142,171,'税收滞纳金',3137,29,0,0,3,b'0',b'0',b'0',29),
(3143,171,'三、利润总额（亏损失以“-”号填列）',null,30,null,1,1,b'1',b'1',b'0',30),
(3144,171,' 减：所得税费用',3143,31,0,0,2,b'0',b'0',b'0',31),
(3145,171,'四、净利润（亏损失以“-”号填列）',null,32,null,1,1,b'1',b'1',b'0',32),
(3146,172,'一、经营活动产生的现金流量：',null,1,0,0,1,b'1',b'0',b'0',1),
(3147,172,'销售产成品、商品、提供劳务收到的现金',null,2,0,0,1,b'0',b'0',b'0',2),
(3148,172,'收到其他与经营活动有关的现金',null,3,0,0,1,b'0',b'0',b'0',3),
(3149,172,'购买原材料、商品、接受劳务支付的现金',null,4,0,0,1,b'0',b'0',b'0',4),
(3150,172,'支付的职工薪酬',null,5,0,0,1,b'0',b'0',b'0',5),
(3151,172,'支付的税费',null,6,0,0,1,b'0',b'0',b'0',6),
(3152,172,'支付其他与经营活动有关的现金',null,7,0,0,1,b'0',b'0',b'0',7),
(3153,172,'经营活动产生的现金流量净额',null,8,0,0,1,b'0',b'0',b'0',8),
(3154,172,'二、投资活动产生的现金流量：',null,9,0,0,1,b'1',b'0',b'0',9),
(3155,172,'收回短期投资、长期债券投资和长期股权投资收到的现金',null,10,0,0,1,b'0',b'0',b'0',10),
(3156,172,'取得投资收益收到的现金',null,11,0,0,1,b'0',b'0',b'0',11),
(3157,172,'处置固定资产、无形资产和其他非流动资产收回的现金净额',null,12,0,0,1,b'0',b'0',b'0',12),
(3158,172,'短期投资、长期债券投资和长期股权投资支付的现金',null,13,0,0,1,b'0',b'0',b'0',13),
(3159,172,'购建固定资产、无形资产和其他非流动资产支付的现金',null,14,0,0,1,b'0',b'0',b'0',14),
(3160,172,'投资活动产生的现金流量净额',null,15,0,0,1,b'0',b'0',b'0',15),
(3161,172,'三、筹资活动产生的现金流量：',null,16,0,0,1,b'1',b'0',b'0',16),
(3162,172,'取得借款收到的现金',null,17,0,0,1,b'0',b'0',b'0',17),
(3163,172,'吸收投资者投资收到的现金',null,18,0,0,1,b'0',b'0',b'0',18),
(3164,172,'偿还借款本金支付的现金',null,19,0,0,1,b'0',b'0',b'0',19),
(3165,172,'偿还借款利息支付的现金',null,20,0,0,1,b'0',b'0',b'0',20),
(3166,172,'分配利润支付的现金',null,21,0,0,1,b'0',b'0',b'0',21),
(3167,172,'筹资活动产生的现金流量净额',null,22,0,0,1,b'0',b'0',b'0',22),
(3168,172,'四、现金净增加额',null,23,0,0,1,b'1',b'0',b'0',23),
(3169,172,'加：期初现金余额',null,24,0,0,1,b'0',b'0',b'0',24),
(3170,172,'五、期末现金余额',null,25,0,0,1,b'1',b'0',b'0',25),
(3171,173,'流动资产',null,1,0,0,1,b'1',b'0',b'0',1),
(3172,173,'货币资金',null,2,0,0,1,b'0',b'0',b'0',1),
(3173,173,'短期投资',null,3,0,0,1,b'0',b'0',b'0',3),
(3174,173,'应收票据',null,4,0,0,1,b'0',b'0',b'0',4),
(3175,173,'应收账款',null,5,0,0,1,b'0',b'0',b'0',5),
(3176,173,'预付账款',null,6,0,0,1,b'0',b'0',b'0',6),
(3177,173,'应收股利',null,7,0,0,1,b'0',b'0',b'0',7),
(3178,173,'应收利息',null,8,0,0,1,b'0',b'0',b'0',8),
(3179,173,'其他应收款',null,9,0,0,1,b'0',b'0',b'0',9),
(3180,173,'存货',null,10,0,0,1,b'0',b'1',b'0',10),
(3181,173,'其中：原材料',3180,11,0,0,2,b'0',b'0',b'0',11),
(3182,173,'在产品',3180,12,0,0,2,b'0',b'0',b'0',12),
(3183,173,'库存商品',3180,13,0,0,2,b'0',b'0',b'0',13),
(3184,173,'周转材料',3180,14,0,0,2,b'0',b'0',b'0',14),
(3185,173,'其他流动资产',null,15,0,0,1,b'0',b'0',b'0',15),
(3186,173,'流动资产合计',null,16,0,0,1,b'0',b'0',b'0',16),
(3187,173,'非流动资产',null,17,0,0,1,b'1',b'0',b'0',17),
(3188,173,'长期债券投资',null,18,0,0,1,b'0',b'0',b'0',18),
(3189,173,'长期股权投资',null,19,0,0,1,b'0',b'0',b'0',19),
(3190,173,'固定资产原价编辑',null,20,0,0,1,b'0',b'0',b'0',20),
(3191,173,'减：累计折旧',null,21,0,0,1,b'0',b'0',b'0',21),
(3192,173,'固定资产账面价值',null,22,0,0,1,b'0',b'0',b'0',22),
(3193,173,'在建工程',null,23,0,0,1,b'0',b'0',b'0',23),
(3194,173,'工程物资',null,24,0,0,1,b'0',b'0',b'0',24),
(3195,173,'固定资产清理',null,25,0,0,1,b'0',b'0',b'0',25),
(3196,173,'生产性生物资产',null,26,0,0,1,b'0',b'0',b'0',26),
(3197,173,'无形资产',null,27,0,0,1,b'0',b'0',b'0',27),
(3198,173,'开发支出',null,28,0,0,1,b'0',b'0',b'0',28),
(3199,173,'长期待摊费用',null,29,0,0,1,b'0',b'0',b'0',29),
(3200,173,'其他非流动资产',null,30,0,0,1,b'0',b'0',b'0',30),
(3201,173,'非流动资产合计',null,31,0,0,1,b'0',b'0',b'0',31),
(3202,173,'资产合计',null,32,0,0,1,b'1',b'0',b'0',32),
(3203,173,'流动负债',null,33,1,0,1,b'1',b'0',b'0',33),
(3204,173,'短期借款',null,34,1,0,1,b'0',b'0',b'0',34),
(3205,173,'应付票据',null,35,1,0,1,b'0',b'0',b'0',35),
(3206,173,'应付账款',null,36,1,0,1,b'0',b'0',b'0',36),
(3207,173,'预收账款',null,37,1,0,1,b'0',b'0',b'0',37),
(3208,173,'应付职工薪酬',null,38,1,0,1,b'0',b'0',b'0',38),
(3209,173,'应交税费',null,39,1,0,1,b'0',b'0',b'0',39),
(3210,173,'应付利息',null,40,1,0,1,b'0',b'0',b'0',40),
(3211,173,'应付利润',null,41,1,0,1,b'0',b'0',b'0',41),
(3212,173,'其他应付款',null,42,1,0,1,b'0',b'0',b'0',42),
(3213,173,'其他流动负债',null,43,1,0,1,b'0',b'0',b'0',43),
(3214,173,'流动负债合计',null,44,1,0,1,b'0',b'0',b'0',44),
(3215,173,'非流动负债',null,45,1,0,1,b'1',b'0',b'0',45),
(3216,173,'长期借款',null,46,1,0,1,b'0',b'0',b'0',46),
(3217,173,'长期应付款',null,47,1,0,1,b'0',b'0',b'0',47),
(3218,173,'递延收益',null,48,1,0,1,b'0',b'0',b'0',48),
(3219,173,'其他非流动负债',null,49,1,0,1,b'0',b'0',b'0',49),
(3220,173,'非流动负债合计',null,50,1,0,1,b'0',b'0',b'0',50),
(3221,173,'负债合计',null,51,1,0,1,b'1',b'0',b'0',51),
(3222,173,'所有者权益（或股东权益）',null,52,2,0,1,b'1',b'0',b'0',52),
(3223,173,'实收资本（或股本）',null,53,2,0,1,b'0',b'0',b'0',53),
(3224,173,'资本公积',null,54,2,0,1,b'0',b'0',b'0',54),
(3225,173,'盈余公积',null,55,2,0,1,b'0',b'0',b'0',55),
(3226,173,'未分配利润',null,56,2,0,1,b'0',b'0',b'0',56),
(3227,173,'所有者权益（或股东权益）合计',null,57,2,0,1,b'0',b'0',b'0',57),
(3228,173,'负债和所有者权益（或股东权益）',null,58,2,0,1,b'1',b'0',b'0',58),
(3229,174,'一、营业外收入',null,1,null,0,1,b'1',b'1',b'0',1),
(3230,174,'减：营业成本',3229,2,null,0,2,b'0',b'1',b'0',2),
(3231,174,'税金及附加',3230,3,0,0,3,b'0',b'0',b'0',3),
(3232,174,'其中:消费税',3231,4,0,0,4,b'0',b'0',b'0',4),
(3233,174,'营业税',3231,5,0,0,4,b'0',b'0',b'0',5),
(3234,174,'城市维护建设税',3231,6,0,0,4,b'0',b'0',b'0',6),
(3235,174,'资源税',3231,7,0,0,4,b'0',b'0',b'0',7),
(3236,174,'土地增值税',3231,8,0,0,4,b'0',b'0',b'0',8),
(3237,174,'城镇土地使用税、房产税、车船税、印花税',3231,9,0,0,4,b'0',b'0',b'0',9),
(3238,174,'教育费附加、矿产资源补偿费、排污费',3231,10,0,0,4,b'0',b'0',b'0',10),
(3239,174,'销售费用',3230,11,0,0,3,b'0',b'0',b'0',11),
(3240,174,'其中：商品维修费',3239,12,0,0,4,b'0',b'0',b'0',12),
(3241,174,'广告费和业务宣传费',3239,13,0,0,4,b'0',b'0',b'0',13),
(3242,174,'管理费用',3230,14,0,0,3,b'0',b'0',b'0',14),
(3243,174,'其中：开办费',3242,15,0,0,4,b'0',b'0',b'0',15),
(3244,174,'业务招待费',3242,16,0,0,4,b'0',b'0',b'0',16),
(3245,174,'研究费用',3242,17,0,0,4,b'0',b'0',b'0',17),
(3246,174,'财务费用',3230,18,0,0,3,b'0',b'0',b'0',18),
(3247,174,'其中：利息费用（收入以\'-\'号填列）',3246,19,0,0,4,b'0',b'0',b'0',19),
(3248,174,'投资收益（损失以“-”号填列）',3230,20,0,0,3,b'0',b'0',b'0',20),
(3249,174,'二、营业利润（亏损失以\'-\'填列）',null,21,null,1,1,b'1',b'1',b'0',21),
(3250,174,'加：营业外收入',3249,22,0,0,2,b'0',b'0',b'0',22),
(3251,174,'其中：政府补助',3250,23,0,0,3,b'0',b'0',b'0',23),
(3252,174,'减：营业外支出',3249,24,0,0,2,b'0',b'0',b'0',24),
(3253,174,'其中：坏账损失',3252,25,0,0,3,b'0',b'0',b'0',25),
(3254,174,'无法收回的长期债券投资损失',3252,26,0,0,3,b'0',b'0',b'0',26),
(3255,174,'无法收回的长期股权投资损失',3252,27,0,0,3,b'0',b'0',b'0',27),
(3256,174,'自然灾害等不可抗力因素造成的损失',3252,28,0,0,3,b'0',b'0',b'0',28),
(3257,174,'税收滞纳金',3252,29,0,0,3,b'0',b'0',b'0',29),
(3258,174,'三、利润总额（亏损失以“-”号填列）',null,30,null,1,1,b'1',b'1',b'0',30),
(3259,174,' 减：所得税费用',3258,31,0,0,2,b'0',b'0',b'0',31),
(3260,174,'四、净利润（亏损失以“-”号填列）',null,32,null,1,1,b'1',b'1',b'0',32),
(3261,175,'一、经营活动产生的现金流量：',null,1,0,0,1,b'1',b'0',b'0',1),
(3262,175,'销售产成品、商品、提供劳务收到的现金',null,2,0,0,1,b'0',b'0',b'0',2),
(3263,175,'收到其他与经营活动有关的现金',null,3,0,0,1,b'0',b'0',b'0',3),
(3264,175,'购买原材料、商品、接受劳务支付的现金',null,4,0,0,1,b'0',b'0',b'0',4),
(3265,175,'支付的职工薪酬',null,5,0,0,1,b'0',b'0',b'0',5),
(3266,175,'支付的税费',null,6,0,0,1,b'0',b'0',b'0',6),
(3267,175,'支付其他与经营活动有关的现金',null,7,0,0,1,b'0',b'0',b'0',7),
(3268,175,'经营活动产生的现金流量净额',null,8,0,0,1,b'0',b'0',b'0',8),
(3269,175,'二、投资活动产生的现金流量：',null,9,0,0,1,b'1',b'0',b'0',9),
(3270,175,'收回短期投资、长期债券投资和长期股权投资收到的现金',null,10,0,0,1,b'0',b'0',b'0',10),
(3271,175,'取得投资收益收到的现金',null,11,0,0,1,b'0',b'0',b'0',11),
(3272,175,'处置固定资产、无形资产和其他非流动资产收回的现金净额',null,12,0,0,1,b'0',b'0',b'0',12),
(3273,175,'短期投资、长期债券投资和长期股权投资支付的现金',null,13,0,0,1,b'0',b'0',b'0',13),
(3274,175,'购建固定资产、无形资产和其他非流动资产支付的现金',null,14,0,0,1,b'0',b'0',b'0',14),
(3275,175,'投资活动产生的现金流量净额',null,15,0,0,1,b'0',b'0',b'0',15),
(3276,175,'三、筹资活动产生的现金流量：',null,16,0,0,1,b'1',b'0',b'0',16),
(3277,175,'取得借款收到的现金',null,17,0,0,1,b'0',b'0',b'0',17),
(3278,175,'吸收投资者投资收到的现金',null,18,0,0,1,b'0',b'0',b'0',18),
(3279,175,'偿还借款本金支付的现金',null,19,0,0,1,b'0',b'0',b'0',19),
(3280,175,'偿还借款利息支付的现金',null,20,0,0,1,b'0',b'0',b'0',20),
(3281,175,'分配利润支付的现金',null,21,0,0,1,b'0',b'0',b'0',21),
(3282,175,'筹资活动产生的现金流量净额',null,22,0,0,1,b'0',b'0',b'0',22),
(3283,175,'四、现金净增加额',null,23,0,0,1,b'1',b'0',b'0',23),
(3284,175,'加：期初现金余额',null,24,0,0,1,b'0',b'0',b'0',24),
(3285,175,'五、期末现金余额',null,25,0,0,1,b'1',b'0',b'0',25),
(3286,176,'流动资产',null,1,0,0,1,b'1',b'0',b'0',1),
(3287,176,'货币资金',null,2,0,0,1,b'0',b'0',b'0',1),
(3288,176,'短期投资',null,3,0,0,1,b'0',b'0',b'0',3),
(3289,176,'应收票据',null,4,0,0,1,b'0',b'0',b'0',4),
(3290,176,'应收账款',null,5,0,0,1,b'0',b'0',b'0',5),
(3291,176,'预付账款',null,6,0,0,1,b'0',b'0',b'0',6),
(3292,176,'应收股利',null,7,0,0,1,b'0',b'0',b'0',7),
(3293,176,'应收利息',null,8,0,0,1,b'0',b'0',b'0',8),
(3294,176,'其他应收款',null,9,0,0,1,b'0',b'0',b'0',9),
(3295,176,'存货',null,10,0,0,1,b'0',b'1',b'0',10),
(3296,176,'其中：原材料',3295,11,0,0,2,b'0',b'0',b'0',11),
(3297,176,'在产品',3295,12,0,0,2,b'0',b'0',b'0',12),
(3298,176,'库存商品',3295,13,0,0,2,b'0',b'0',b'0',13),
(3299,176,'周转材料',3295,14,0,0,2,b'0',b'0',b'0',14),
(3300,176,'其他流动资产',null,15,0,0,1,b'0',b'0',b'0',15),
(3301,176,'流动资产合计',null,16,0,0,1,b'0',b'0',b'0',16),
(3302,176,'非流动资产',null,17,0,0,1,b'1',b'0',b'0',17),
(3303,176,'长期债券投资',null,18,0,0,1,b'0',b'0',b'0',18),
(3304,176,'长期股权投资',null,19,0,0,1,b'0',b'0',b'0',19),
(3305,176,'固定资产原价编辑',null,20,0,0,1,b'0',b'0',b'0',20),
(3306,176,'减：累计折旧',null,21,0,0,1,b'0',b'0',b'0',21),
(3307,176,'固定资产账面价值',null,22,0,0,1,b'0',b'0',b'0',22),
(3308,176,'在建工程',null,23,0,0,1,b'0',b'0',b'0',23),
(3309,176,'工程物资',null,24,0,0,1,b'0',b'0',b'0',24),
(3310,176,'固定资产清理',null,25,0,0,1,b'0',b'0',b'0',25),
(3311,176,'生产性生物资产',null,26,0,0,1,b'0',b'0',b'0',26),
(3312,176,'无形资产',null,27,0,0,1,b'0',b'0',b'0',27),
(3313,176,'开发支出',null,28,0,0,1,b'0',b'0',b'0',28),
(3314,176,'长期待摊费用',null,29,0,0,1,b'0',b'0',b'0',29),
(3315,176,'其他非流动资产',null,30,0,0,1,b'0',b'0',b'0',30),
(3316,176,'非流动资产合计',null,31,0,0,1,b'0',b'0',b'0',31),
(3317,176,'资产合计',null,32,0,0,1,b'1',b'0',b'0',32),
(3318,176,'流动负债',null,33,1,0,1,b'1',b'0',b'0',33),
(3319,176,'短期借款',null,34,1,0,1,b'0',b'0',b'0',34),
(3320,176,'应付票据',null,35,1,0,1,b'0',b'0',b'0',35),
(3321,176,'应付账款',null,36,1,0,1,b'0',b'0',b'0',36),
(3322,176,'预收账款',null,37,1,0,1,b'0',b'0',b'0',37),
(3323,176,'应付职工薪酬',null,38,1,0,1,b'0',b'0',b'0',38),
(3324,176,'应交税费',null,39,1,0,1,b'0',b'0',b'0',39),
(3325,176,'应付利息',null,40,1,0,1,b'0',b'0',b'0',40),
(3326,176,'应付利润',null,41,1,0,1,b'0',b'0',b'0',41),
(3327,176,'其他应付款',null,42,1,0,1,b'0',b'0',b'0',42),
(3328,176,'其他流动负债',null,43,1,0,1,b'0',b'0',b'0',43),
(3329,176,'流动负债合计',null,44,1,0,1,b'0',b'0',b'0',44),
(3330,176,'非流动负债',null,45,1,0,1,b'1',b'0',b'0',45),
(3331,176,'长期借款',null,46,1,0,1,b'0',b'0',b'0',46),
(3332,176,'长期应付款',null,47,1,0,1,b'0',b'0',b'0',47),
(3333,176,'递延收益',null,48,1,0,1,b'0',b'0',b'0',48),
(3334,176,'其他非流动负债',null,49,1,0,1,b'0',b'0',b'0',49),
(3335,176,'非流动负债合计',null,50,1,0,1,b'0',b'0',b'0',50),
(3336,176,'负债合计',null,51,1,0,1,b'1',b'0',b'0',51),
(3337,176,'所有者权益（或股东权益）',null,52,2,0,1,b'1',b'0',b'0',52),
(3338,176,'实收资本（或股本）',null,53,2,0,1,b'0',b'0',b'0',53),
(3339,176,'资本公积',null,54,2,0,1,b'0',b'0',b'0',54),
(3340,176,'盈余公积',null,55,2,0,1,b'0',b'0',b'0',55),
(3341,176,'未分配利润',null,56,2,0,1,b'0',b'0',b'0',56),
(3342,176,'所有者权益（或股东权益）合计',null,57,2,0,1,b'0',b'0',b'0',57),
(3343,176,'负债和所有者权益（或股东权益）',null,58,2,0,1,b'1',b'0',b'0',58),
(3344,177,'一、营业外收入',null,1,null,0,1,b'1',b'1',b'0',1),
(3345,177,'减：营业成本',3344,2,null,0,2,b'0',b'1',b'0',2),
(3346,177,'税金及附加',3345,3,0,0,3,b'0',b'0',b'0',3),
(3347,177,'其中:消费税',3346,4,0,0,4,b'0',b'0',b'0',4),
(3348,177,'营业税',3346,5,0,0,4,b'0',b'0',b'0',5),
(3349,177,'城市维护建设税',3346,6,0,0,4,b'0',b'0',b'0',6),
(3350,177,'资源税',3346,7,0,0,4,b'0',b'0',b'0',7),
(3351,177,'土地增值税',3346,8,0,0,4,b'0',b'0',b'0',8),
(3352,177,'城镇土地使用税、房产税、车船税、印花税',3346,9,0,0,4,b'0',b'0',b'0',9),
(3353,177,'教育费附加、矿产资源补偿费、排污费',3346,10,0,0,4,b'0',b'0',b'0',10),
(3354,177,'销售费用',3345,11,0,0,3,b'0',b'0',b'0',11),
(3355,177,'其中：商品维修费',3354,12,0,0,4,b'0',b'0',b'0',12),
(3356,177,'广告费和业务宣传费',3354,13,0,0,4,b'0',b'0',b'0',13),
(3357,177,'管理费用',3345,14,0,0,3,b'0',b'0',b'0',14),
(3358,177,'其中：开办费',3357,15,0,0,4,b'0',b'0',b'0',15),
(3359,177,'业务招待费',3357,16,0,0,4,b'0',b'0',b'0',16),
(3360,177,'研究费用',3357,17,0,0,4,b'0',b'0',b'0',17),
(3361,177,'财务费用',3345,18,0,0,3,b'0',b'0',b'0',18),
(3362,177,'其中：利息费用（收入以\'-\'号填列）',3361,19,0,0,4,b'0',b'0',b'0',19),
(3363,177,'投资收益（损失以“-”号填列）',3345,20,0,0,3,b'0',b'0',b'0',20),
(3364,177,'二、营业利润（亏损失以\'-\'填列）',null,21,null,1,1,b'1',b'1',b'0',21),
(3365,177,'加：营业外收入',3364,22,0,0,2,b'0',b'0',b'0',22),
(3366,177,'其中：政府补助',3365,23,0,0,3,b'0',b'0',b'0',23),
(3367,177,'减：营业外支出',3364,24,0,0,2,b'0',b'0',b'0',24),
(3368,177,'其中：坏账损失',3367,25,0,0,3,b'0',b'0',b'0',25),
(3369,177,'无法收回的长期债券投资损失',3367,26,0,0,3,b'0',b'0',b'0',26),
(3370,177,'无法收回的长期股权投资损失',3367,27,0,0,3,b'0',b'0',b'0',27),
(3371,177,'自然灾害等不可抗力因素造成的损失',3367,28,0,0,3,b'0',b'0',b'0',28),
(3372,177,'税收滞纳金',3367,29,0,0,3,b'0',b'0',b'0',29),
(3373,177,'三、利润总额（亏损失以“-”号填列）',null,30,null,1,1,b'1',b'1',b'0',30),
(3374,177,' 减：所得税费用',3373,31,0,0,2,b'0',b'0',b'0',31),
(3375,177,'四、净利润（亏损失以“-”号填列）',null,32,null,1,1,b'1',b'1',b'0',32),
(3376,178,'一、经营活动产生的现金流量：',null,1,0,0,1,b'1',b'0',b'0',1),
(3377,178,'销售产成品、商品、提供劳务收到的现金',null,2,0,0,1,b'0',b'0',b'0',2),
(3378,178,'收到其他与经营活动有关的现金',null,3,0,0,1,b'0',b'0',b'0',3),
(3379,178,'购买原材料、商品、接受劳务支付的现金',null,4,0,0,1,b'0',b'0',b'0',4),
(3380,178,'支付的职工薪酬',null,5,0,0,1,b'0',b'0',b'0',5),
(3381,178,'支付的税费',null,6,0,0,1,b'0',b'0',b'0',6),
(3382,178,'支付其他与经营活动有关的现金',null,7,0,0,1,b'0',b'0',b'0',7),
(3383,178,'经营活动产生的现金流量净额',null,8,0,0,1,b'0',b'0',b'0',8),
(3384,178,'二、投资活动产生的现金流量：',null,9,0,0,1,b'1',b'0',b'0',9),
(3385,178,'收回短期投资、长期债券投资和长期股权投资收到的现金',null,10,0,0,1,b'0',b'0',b'0',10),
(3386,178,'取得投资收益收到的现金',null,11,0,0,1,b'0',b'0',b'0',11),
(3387,178,'处置固定资产、无形资产和其他非流动资产收回的现金净额',null,12,0,0,1,b'0',b'0',b'0',12),
(3388,178,'短期投资、长期债券投资和长期股权投资支付的现金',null,13,0,0,1,b'0',b'0',b'0',13),
(3389,178,'购建固定资产、无形资产和其他非流动资产支付的现金',null,14,0,0,1,b'0',b'0',b'0',14),
(3390,178,'投资活动产生的现金流量净额',null,15,0,0,1,b'0',b'0',b'0',15),
(3391,178,'三、筹资活动产生的现金流量：',null,16,0,0,1,b'1',b'0',b'0',16),
(3392,178,'取得借款收到的现金',null,17,0,0,1,b'0',b'0',b'0',17),
(3393,178,'吸收投资者投资收到的现金',null,18,0,0,1,b'0',b'0',b'0',18),
(3394,178,'偿还借款本金支付的现金',null,19,0,0,1,b'0',b'0',b'0',19),
(3395,178,'偿还借款利息支付的现金',null,20,0,0,1,b'0',b'0',b'0',20),
(3396,178,'分配利润支付的现金',null,21,0,0,1,b'0',b'0',b'0',21),
(3397,178,'筹资活动产生的现金流量净额',null,22,0,0,1,b'0',b'0',b'0',22),
(3398,178,'四、现金净增加额',null,23,0,0,1,b'1',b'0',b'0',23),
(3399,178,'加：期初现金余额',null,24,0,0,1,b'0',b'0',b'0',24),
(3400,178,'五、期末现金余额',null,25,0,0,1,b'1',b'0',b'0',25),
(3401,179,'流动资产',null,1,0,0,1,b'1',b'0',b'0',1),
(3402,179,'货币资金',null,2,0,0,1,b'0',b'0',b'0',1),
(3403,179,'短期投资',null,3,0,0,1,b'0',b'0',b'0',3),
(3404,179,'应收票据',null,4,0,0,1,b'0',b'0',b'0',4),
(3405,179,'应收账款',null,5,0,0,1,b'0',b'0',b'0',5),
(3406,179,'预付账款',null,6,0,0,1,b'0',b'0',b'0',6),
(3407,179,'应收股利',null,7,0,0,1,b'0',b'0',b'0',7),
(3408,179,'应收利息',null,8,0,0,1,b'0',b'0',b'0',8),
(3409,179,'其他应收款',null,9,0,0,1,b'0',b'0',b'0',9),
(3410,179,'存货',null,10,0,0,1,b'0',b'1',b'0',10),
(3411,179,'其中：原材料',3410,11,0,0,2,b'0',b'0',b'0',11),
(3412,179,'在产品',3410,12,0,0,2,b'0',b'0',b'0',12),
(3413,179,'库存商品',3410,13,0,0,2,b'0',b'0',b'0',13),
(3414,179,'周转材料',3410,14,0,0,2,b'0',b'0',b'0',14),
(3415,179,'其他流动资产',null,15,0,0,1,b'0',b'0',b'0',15),
(3416,179,'流动资产合计',null,16,0,0,1,b'0',b'0',b'0',16),
(3417,179,'非流动资产',null,17,0,0,1,b'1',b'0',b'0',17),
(3418,179,'长期债券投资',null,18,0,0,1,b'0',b'0',b'0',18),
(3419,179,'长期股权投资',null,19,0,0,1,b'0',b'0',b'0',19),
(3420,179,'固定资产原价编辑',null,20,0,0,1,b'0',b'0',b'0',20),
(3421,179,'减：累计折旧',null,21,0,0,1,b'0',b'0',b'0',21),
(3422,179,'固定资产账面价值',null,22,0,0,1,b'0',b'0',b'0',22),
(3423,179,'在建工程',null,23,0,0,1,b'0',b'0',b'0',23),
(3424,179,'工程物资',null,24,0,0,1,b'0',b'0',b'0',24),
(3425,179,'固定资产清理',null,25,0,0,1,b'0',b'0',b'0',25),
(3426,179,'生产性生物资产',null,26,0,0,1,b'0',b'0',b'0',26),
(3427,179,'无形资产',null,27,0,0,1,b'0',b'0',b'0',27),
(3428,179,'开发支出',null,28,0,0,1,b'0',b'0',b'0',28),
(3429,179,'长期待摊费用',null,29,0,0,1,b'0',b'0',b'0',29),
(3430,179,'其他非流动资产',null,30,0,0,1,b'0',b'0',b'0',30),
(3431,179,'非流动资产合计',null,31,0,0,1,b'0',b'0',b'0',31),
(3432,179,'资产合计',null,32,0,0,1,b'1',b'0',b'0',32),
(3433,179,'流动负债',null,33,1,0,1,b'1',b'0',b'0',33),
(3434,179,'短期借款',null,34,1,0,1,b'0',b'0',b'0',34),
(3435,179,'应付票据',null,35,1,0,1,b'0',b'0',b'0',35),
(3436,179,'应付账款',null,36,1,0,1,b'0',b'0',b'0',36),
(3437,179,'预收账款',null,37,1,0,1,b'0',b'0',b'0',37),
(3438,179,'应付职工薪酬',null,38,1,0,1,b'0',b'0',b'0',38),
(3439,179,'应交税费',null,39,1,0,1,b'0',b'0',b'0',39),
(3440,179,'应付利息',null,40,1,0,1,b'0',b'0',b'0',40),
(3441,179,'应付利润',null,41,1,0,1,b'0',b'0',b'0',41),
(3442,179,'其他应付款',null,42,1,0,1,b'0',b'0',b'0',42),
(3443,179,'其他流动负债',null,43,1,0,1,b'0',b'0',b'0',43),
(3444,179,'流动负债合计',null,44,1,0,1,b'0',b'0',b'0',44),
(3445,179,'非流动负债',null,45,1,0,1,b'1',b'0',b'0',45),
(3446,179,'长期借款',null,46,1,0,1,b'0',b'0',b'0',46),
(3447,179,'长期应付款',null,47,1,0,1,b'0',b'0',b'0',47),
(3448,179,'递延收益',null,48,1,0,1,b'0',b'0',b'0',48),
(3449,179,'其他非流动负债',null,49,1,0,1,b'0',b'0',b'0',49),
(3450,179,'非流动负债合计',null,50,1,0,1,b'0',b'0',b'0',50),
(3451,179,'负债合计',null,51,1,0,1,b'1',b'0',b'0',51),
(3452,179,'所有者权益（或股东权益）',null,52,2,0,1,b'1',b'0',b'0',52),
(3453,179,'实收资本（或股本）',null,53,2,0,1,b'0',b'0',b'0',53),
(3454,179,'资本公积',null,54,2,0,1,b'0',b'0',b'0',54),
(3455,179,'盈余公积',null,55,2,0,1,b'0',b'0',b'0',55),
(3456,179,'未分配利润',null,56,2,0,1,b'0',b'0',b'0',56),
(3457,179,'所有者权益（或股东权益）合计',null,57,2,0,1,b'0',b'0',b'0',57),
(3458,179,'负债和所有者权益（或股东权益）',null,58,2,0,1,b'1',b'0',b'0',58),
(3459,180,'一、营业外收入',null,1,null,0,1,b'1',b'1',b'0',1),
(3460,180,'减：营业成本',3459,2,null,0,2,b'0',b'1',b'0',2),
(3461,180,'税金及附加',3460,3,0,0,3,b'0',b'0',b'0',3),
(3462,180,'其中:消费税',3461,4,0,0,4,b'0',b'0',b'0',4),
(3463,180,'营业税',3461,5,0,0,4,b'0',b'0',b'0',5),
(3464,180,'城市维护建设税',3461,6,0,0,4,b'0',b'0',b'0',6),
(3465,180,'资源税',3461,7,0,0,4,b'0',b'0',b'0',7),
(3466,180,'土地增值税',3461,8,0,0,4,b'0',b'0',b'0',8),
(3467,180,'城镇土地使用税、房产税、车船税、印花税',3461,9,0,0,4,b'0',b'0',b'0',9),
(3468,180,'教育费附加、矿产资源补偿费、排污费',3461,10,0,0,4,b'0',b'0',b'0',10),
(3469,180,'销售费用',3460,11,0,0,3,b'0',b'0',b'0',11),
(3470,180,'其中：商品维修费',3469,12,0,0,4,b'0',b'0',b'0',12),
(3471,180,'广告费和业务宣传费',3469,13,0,0,4,b'0',b'0',b'0',13),
(3472,180,'管理费用',3460,14,0,0,3,b'0',b'0',b'0',14),
(3473,180,'其中：开办费',3472,15,0,0,4,b'0',b'0',b'0',15),
(3474,180,'业务招待费',3472,16,0,0,4,b'0',b'0',b'0',16),
(3475,180,'研究费用',3472,17,0,0,4,b'0',b'0',b'0',17),
(3476,180,'财务费用',3460,18,0,0,3,b'0',b'0',b'0',18),
(3477,180,'其中：利息费用（收入以\'-\'号填列）',3476,19,0,0,4,b'0',b'0',b'0',19),
(3478,180,'投资收益（损失以“-”号填列）',3460,20,0,0,3,b'0',b'0',b'0',20),
(3479,180,'二、营业利润（亏损失以\'-\'填列）',null,21,null,1,1,b'1',b'1',b'0',21),
(3480,180,'加：营业外收入',3479,22,0,0,2,b'0',b'0',b'0',22),
(3481,180,'其中：政府补助',3480,23,0,0,3,b'0',b'0',b'0',23),
(3482,180,'减：营业外支出',3479,24,0,0,2,b'0',b'0',b'0',24),
(3483,180,'其中：坏账损失',3482,25,0,0,3,b'0',b'0',b'0',25),
(3484,180,'无法收回的长期债券投资损失',3482,26,0,0,3,b'0',b'0',b'0',26),
(3485,180,'无法收回的长期股权投资损失',3482,27,0,0,3,b'0',b'0',b'0',27),
(3486,180,'自然灾害等不可抗力因素造成的损失',3482,28,0,0,3,b'0',b'0',b'0',28),
(3487,180,'税收滞纳金',3482,29,0,0,3,b'0',b'0',b'0',29),
(3488,180,'三、利润总额（亏损失以“-”号填列）',null,30,null,1,1,b'1',b'1',b'0',30),
(3489,180,' 减：所得税费用',3488,31,0,0,2,b'0',b'0',b'0',31),
(3490,180,'四、净利润（亏损失以“-”号填列）',null,32,null,1,1,b'1',b'1',b'0',32),
(3491,181,'一、经营活动产生的现金流量：',null,1,0,0,1,b'1',b'0',b'0',1),
(3492,181,'销售产成品、商品、提供劳务收到的现金',null,2,0,0,1,b'0',b'0',b'0',2),
(3493,181,'收到其他与经营活动有关的现金',null,3,0,0,1,b'0',b'0',b'0',3),
(3494,181,'购买原材料、商品、接受劳务支付的现金',null,4,0,0,1,b'0',b'0',b'0',4),
(3495,181,'支付的职工薪酬',null,5,0,0,1,b'0',b'0',b'0',5),
(3496,181,'支付的税费',null,6,0,0,1,b'0',b'0',b'0',6),
(3497,181,'支付其他与经营活动有关的现金',null,7,0,0,1,b'0',b'0',b'0',7),
(3498,181,'经营活动产生的现金流量净额',null,8,0,0,1,b'0',b'0',b'0',8),
(3499,181,'二、投资活动产生的现金流量：',null,9,0,0,1,b'1',b'0',b'0',9),
(3500,181,'收回短期投资、长期债券投资和长期股权投资收到的现金',null,10,0,0,1,b'0',b'0',b'0',10),
(3501,181,'取得投资收益收到的现金',null,11,0,0,1,b'0',b'0',b'0',11),
(3502,181,'处置固定资产、无形资产和其他非流动资产收回的现金净额',null,12,0,0,1,b'0',b'0',b'0',12),
(3503,181,'短期投资、长期债券投资和长期股权投资支付的现金',null,13,0,0,1,b'0',b'0',b'0',13),
(3504,181,'购建固定资产、无形资产和其他非流动资产支付的现金',null,14,0,0,1,b'0',b'0',b'0',14),
(3505,181,'投资活动产生的现金流量净额',null,15,0,0,1,b'0',b'0',b'0',15),
(3506,181,'三、筹资活动产生的现金流量：',null,16,0,0,1,b'1',b'0',b'0',16),
(3507,181,'取得借款收到的现金',null,17,0,0,1,b'0',b'0',b'0',17),
(3508,181,'吸收投资者投资收到的现金',null,18,0,0,1,b'0',b'0',b'0',18),
(3509,181,'偿还借款本金支付的现金',null,19,0,0,1,b'0',b'0',b'0',19),
(3510,181,'偿还借款利息支付的现金',null,20,0,0,1,b'0',b'0',b'0',20),
(3511,181,'分配利润支付的现金',null,21,0,0,1,b'0',b'0',b'0',21),
(3512,181,'筹资活动产生的现金流量净额',null,22,0,0,1,b'0',b'0',b'0',22),
(3513,181,'四、现金净增加额',null,23,0,0,1,b'1',b'0',b'0',23),
(3514,181,'加：期初现金余额',null,24,0,0,1,b'0',b'0',b'0',24),
(3515,181,'五、期末现金余额',null,25,0,0,1,b'1',b'0',b'0',25),
(3516,182,'流动资产',null,1,0,0,1,b'1',b'0',b'0',1),
(3517,182,'货币资金',null,2,0,0,1,b'0',b'0',b'0',1),
(3518,182,'短期投资',null,3,0,0,1,b'0',b'0',b'0',3),
(3519,182,'应收票据',null,4,0,0,1,b'0',b'0',b'0',4),
(3520,182,'应收账款',null,5,0,0,1,b'0',b'0',b'0',5),
(3521,182,'预付账款',null,6,0,0,1,b'0',b'0',b'0',6),
(3522,182,'应收股利',null,7,0,0,1,b'0',b'0',b'0',7),
(3523,182,'应收利息',null,8,0,0,1,b'0',b'0',b'0',8),
(3524,182,'其他应收款',null,9,0,0,1,b'0',b'0',b'0',9),
(3525,182,'存货',null,10,0,0,1,b'0',b'1',b'0',10),
(3526,182,'其中：原材料',3525,11,0,0,2,b'0',b'0',b'0',11),
(3527,182,'在产品',3525,12,0,0,2,b'0',b'0',b'0',12),
(3528,182,'库存商品',3525,13,0,0,2,b'0',b'0',b'0',13),
(3529,182,'周转材料',3525,14,0,0,2,b'0',b'0',b'0',14),
(3530,182,'其他流动资产',null,15,0,0,1,b'0',b'0',b'0',15),
(3531,182,'流动资产合计',null,16,0,0,1,b'0',b'0',b'0',16),
(3532,182,'非流动资产',null,17,0,0,1,b'1',b'0',b'0',17),
(3533,182,'长期债券投资',null,18,0,0,1,b'0',b'0',b'0',18),
(3534,182,'长期股权投资',null,19,0,0,1,b'0',b'0',b'0',19),
(3535,182,'固定资产原价编辑',null,20,0,0,1,b'0',b'0',b'0',20),
(3536,182,'减：累计折旧',null,21,0,0,1,b'0',b'0',b'0',21),
(3537,182,'固定资产账面价值',null,22,0,0,1,b'0',b'0',b'0',22),
(3538,182,'在建工程',null,23,0,0,1,b'0',b'0',b'0',23),
(3539,182,'工程物资',null,24,0,0,1,b'0',b'0',b'0',24),
(3540,182,'固定资产清理',null,25,0,0,1,b'0',b'0',b'0',25),
(3541,182,'生产性生物资产',null,26,0,0,1,b'0',b'0',b'0',26),
(3542,182,'无形资产',null,27,0,0,1,b'0',b'0',b'0',27),
(3543,182,'开发支出',null,28,0,0,1,b'0',b'0',b'0',28),
(3544,182,'长期待摊费用',null,29,0,0,1,b'0',b'0',b'0',29),
(3545,182,'其他非流动资产',null,30,0,0,1,b'0',b'0',b'0',30),
(3546,182,'非流动资产合计',null,31,0,0,1,b'0',b'0',b'0',31),
(3547,182,'资产合计',null,32,0,0,1,b'1',b'0',b'0',32),
(3548,182,'流动负债',null,33,1,0,1,b'1',b'0',b'0',33),
(3549,182,'短期借款',null,34,1,0,1,b'0',b'0',b'0',34),
(3550,182,'应付票据',null,35,1,0,1,b'0',b'0',b'0',35),
(3551,182,'应付账款',null,36,1,0,1,b'0',b'0',b'0',36),
(3552,182,'预收账款',null,37,1,0,1,b'0',b'0',b'0',37),
(3553,182,'应付职工薪酬',null,38,1,0,1,b'0',b'0',b'0',38),
(3554,182,'应交税费',null,39,1,0,1,b'0',b'0',b'0',39),
(3555,182,'应付利息',null,40,1,0,1,b'0',b'0',b'0',40),
(3556,182,'应付利润',null,41,1,0,1,b'0',b'0',b'0',41),
(3557,182,'其他应付款',null,42,1,0,1,b'0',b'0',b'0',42),
(3558,182,'其他流动负债',null,43,1,0,1,b'0',b'0',b'0',43),
(3559,182,'流动负债合计',null,44,1,0,1,b'0',b'0',b'0',44),
(3560,182,'非流动负债',null,45,1,0,1,b'1',b'0',b'0',45),
(3561,182,'长期借款',null,46,1,0,1,b'0',b'0',b'0',46),
(3562,182,'长期应付款',null,47,1,0,1,b'0',b'0',b'0',47),
(3563,182,'递延收益',null,48,1,0,1,b'0',b'0',b'0',48),
(3564,182,'其他非流动负债',null,49,1,0,1,b'0',b'0',b'0',49),
(3565,182,'非流动负债合计',null,50,1,0,1,b'0',b'0',b'0',50),
(3566,182,'负债合计',null,51,1,0,1,b'1',b'0',b'0',51),
(3567,182,'所有者权益（或股东权益）',null,52,2,0,1,b'1',b'0',b'0',52),
(3568,182,'实收资本（或股本）',null,53,2,0,1,b'0',b'0',b'0',53),
(3569,182,'资本公积',null,54,2,0,1,b'0',b'0',b'0',54),
(3570,182,'盈余公积',null,55,2,0,1,b'0',b'0',b'0',55),
(3571,182,'未分配利润',null,56,2,0,1,b'0',b'0',b'0',56),
(3572,182,'所有者权益（或股东权益）合计',null,57,2,0,1,b'0',b'0',b'0',57),
(3573,182,'负债和所有者权益（或股东权益）',null,58,2,0,1,b'1',b'0',b'0',58),
(3574,183,'一、营业外收入',null,1,null,0,1,b'1',b'1',b'0',1),
(3575,183,'减：营业成本',3574,2,null,0,2,b'0',b'1',b'0',2),
(3576,183,'税金及附加',3575,3,0,0,3,b'0',b'0',b'0',3),
(3577,183,'其中:消费税',3576,4,0,0,4,b'0',b'0',b'0',4),
(3578,183,'营业税',3576,5,0,0,4,b'0',b'0',b'0',5),
(3579,183,'城市维护建设税',3576,6,0,0,4,b'0',b'0',b'0',6),
(3580,183,'资源税',3576,7,0,0,4,b'0',b'0',b'0',7),
(3581,183,'土地增值税',3576,8,0,0,4,b'0',b'0',b'0',8),
(3582,183,'城镇土地使用税、房产税、车船税、印花税',3576,9,0,0,4,b'0',b'0',b'0',9),
(3583,183,'教育费附加、矿产资源补偿费、排污费',3576,10,0,0,4,b'0',b'0',b'0',10),
(3584,183,'销售费用',3575,11,0,0,3,b'0',b'0',b'0',11),
(3585,183,'其中：商品维修费',3584,12,0,0,4,b'0',b'0',b'0',12),
(3586,183,'广告费和业务宣传费',3584,13,0,0,4,b'0',b'0',b'0',13),
(3587,183,'管理费用',3575,14,0,0,3,b'0',b'0',b'0',14),
(3588,183,'其中：开办费',3587,15,0,0,4,b'0',b'0',b'0',15),
(3589,183,'业务招待费',3587,16,0,0,4,b'0',b'0',b'0',16),
(3590,183,'研究费用',3587,17,0,0,4,b'0',b'0',b'0',17),
(3591,183,'财务费用',3575,18,0,0,3,b'0',b'0',b'0',18),
(3592,183,'其中：利息费用（收入以\'-\'号填列）',3591,19,0,0,4,b'0',b'0',b'0',19),
(3593,183,'投资收益（损失以“-”号填列）',3575,20,0,0,3,b'0',b'0',b'0',20),
(3594,183,'二、营业利润（亏损失以\'-\'填列）',null,21,null,1,1,b'1',b'1',b'0',21),
(3595,183,'加：营业外收入',3594,22,0,0,2,b'0',b'0',b'0',22),
(3596,183,'其中：政府补助',3595,23,0,0,3,b'0',b'0',b'0',23),
(3597,183,'减：营业外支出',3594,24,0,0,2,b'0',b'0',b'0',24),
(3598,183,'其中：坏账损失',3597,25,0,0,3,b'0',b'0',b'0',25),
(3599,183,'无法收回的长期债券投资损失',3597,26,0,0,3,b'0',b'0',b'0',26),
(3600,183,'无法收回的长期股权投资损失',3597,27,0,0,3,b'0',b'0',b'0',27),
(3601,183,'自然灾害等不可抗力因素造成的损失',3597,28,0,0,3,b'0',b'0',b'0',28),
(3602,183,'税收滞纳金',3597,29,0,0,3,b'0',b'0',b'0',29),
(3603,183,'三、利润总额（亏损失以“-”号填列）',null,30,null,1,1,b'1',b'1',b'0',30),
(3604,183,' 减：所得税费用',3603,31,0,0,2,b'0',b'0',b'0',31),
(3605,183,'四、净利润（亏损失以“-”号填列）',null,32,null,1,1,b'1',b'1',b'0',32),
(3606,184,'一、经营活动产生的现金流量：',null,1,0,0,1,b'1',b'0',b'0',1),
(3607,184,'销售产成品、商品、提供劳务收到的现金',null,2,0,0,1,b'0',b'0',b'0',2),
(3608,184,'收到其他与经营活动有关的现金',null,3,0,0,1,b'0',b'0',b'0',3),
(3609,184,'购买原材料、商品、接受劳务支付的现金',null,4,0,0,1,b'0',b'0',b'0',4),
(3610,184,'支付的职工薪酬',null,5,0,0,1,b'0',b'0',b'0',5),
(3611,184,'支付的税费',null,6,0,0,1,b'0',b'0',b'0',6),
(3612,184,'支付其他与经营活动有关的现金',null,7,0,0,1,b'0',b'0',b'0',7),
(3613,184,'经营活动产生的现金流量净额',null,8,0,0,1,b'0',b'0',b'0',8),
(3614,184,'二、投资活动产生的现金流量：',null,9,0,0,1,b'1',b'0',b'0',9),
(3615,184,'收回短期投资、长期债券投资和长期股权投资收到的现金',null,10,0,0,1,b'0',b'0',b'0',10),
(3616,184,'取得投资收益收到的现金',null,11,0,0,1,b'0',b'0',b'0',11),
(3617,184,'处置固定资产、无形资产和其他非流动资产收回的现金净额',null,12,0,0,1,b'0',b'0',b'0',12),
(3618,184,'短期投资、长期债券投资和长期股权投资支付的现金',null,13,0,0,1,b'0',b'0',b'0',13),
(3619,184,'购建固定资产、无形资产和其他非流动资产支付的现金',null,14,0,0,1,b'0',b'0',b'0',14),
(3620,184,'投资活动产生的现金流量净额',null,15,0,0,1,b'0',b'0',b'0',15),
(3621,184,'三、筹资活动产生的现金流量：',null,16,0,0,1,b'1',b'0',b'0',16),
(3622,184,'取得借款收到的现金',null,17,0,0,1,b'0',b'0',b'0',17),
(3623,184,'吸收投资者投资收到的现金',null,18,0,0,1,b'0',b'0',b'0',18),
(3624,184,'偿还借款本金支付的现金',null,19,0,0,1,b'0',b'0',b'0',19),
(3625,184,'偿还借款利息支付的现金',null,20,0,0,1,b'0',b'0',b'0',20),
(3626,184,'分配利润支付的现金',null,21,0,0,1,b'0',b'0',b'0',21),
(3627,184,'筹资活动产生的现金流量净额',null,22,0,0,1,b'0',b'0',b'0',22),
(3628,184,'四、现金净增加额',null,23,0,0,1,b'1',b'0',b'0',23),
(3629,184,'加：期初现金余额',null,24,0,0,1,b'0',b'0',b'0',24),
(3630,184,'五、期末现金余额',null,25,0,0,1,b'1',b'0',b'0',25),
(3631,185,'流动资产',null,1,0,0,1,b'1',b'0',b'0',1),
(3632,185,'货币资金',null,2,0,0,1,b'0',b'0',b'0',1),
(3633,185,'短期投资',null,3,0,0,1,b'0',b'0',b'0',3),
(3634,185,'应收票据',null,4,0,0,1,b'0',b'0',b'0',4),
(3635,185,'应收账款',null,5,0,0,1,b'0',b'0',b'0',5),
(3636,185,'预付账款',null,6,0,0,1,b'0',b'0',b'0',6),
(3637,185,'应收股利',null,7,0,0,1,b'0',b'0',b'0',7),
(3638,185,'应收利息',null,8,0,0,1,b'0',b'0',b'0',8),
(3639,185,'其他应收款',null,9,0,0,1,b'0',b'0',b'0',9),
(3640,185,'存货',null,10,0,0,1,b'0',b'1',b'0',10),
(3641,185,'其中：原材料',3640,11,0,0,2,b'0',b'0',b'0',11),
(3642,185,'在产品',3640,12,0,0,2,b'0',b'0',b'0',12),
(3643,185,'库存商品',3640,13,0,0,2,b'0',b'0',b'0',13),
(3644,185,'周转材料',3640,14,0,0,2,b'0',b'0',b'0',14),
(3645,185,'其他流动资产',null,15,0,0,1,b'0',b'0',b'0',15),
(3646,185,'流动资产合计',null,16,0,0,1,b'0',b'0',b'0',16),
(3647,185,'非流动资产',null,17,0,0,1,b'1',b'0',b'0',17),
(3648,185,'长期债券投资',null,18,0,0,1,b'0',b'0',b'0',18),
(3649,185,'长期股权投资',null,19,0,0,1,b'0',b'0',b'0',19),
(3650,185,'固定资产原价编辑',null,20,0,0,1,b'0',b'0',b'0',20),
(3651,185,'减：累计折旧',null,21,0,0,1,b'0',b'0',b'0',21),
(3652,185,'固定资产账面价值',null,22,0,0,1,b'0',b'0',b'0',22),
(3653,185,'在建工程',null,23,0,0,1,b'0',b'0',b'0',23),
(3654,185,'工程物资',null,24,0,0,1,b'0',b'0',b'0',24),
(3655,185,'固定资产清理',null,25,0,0,1,b'0',b'0',b'0',25),
(3656,185,'生产性生物资产',null,26,0,0,1,b'0',b'0',b'0',26),
(3657,185,'无形资产',null,27,0,0,1,b'0',b'0',b'0',27),
(3658,185,'开发支出',null,28,0,0,1,b'0',b'0',b'0',28),
(3659,185,'长期待摊费用',null,29,0,0,1,b'0',b'0',b'0',29),
(3660,185,'其他非流动资产',null,30,0,0,1,b'0',b'0',b'0',30),
(3661,185,'非流动资产合计',null,31,0,0,1,b'0',b'0',b'0',31),
(3662,185,'资产合计',null,32,0,0,1,b'1',b'0',b'0',32),
(3663,185,'流动负债',null,33,1,0,1,b'1',b'0',b'0',33),
(3664,185,'短期借款',null,34,1,0,1,b'0',b'0',b'0',34),
(3665,185,'应付票据',null,35,1,0,1,b'0',b'0',b'0',35),
(3666,185,'应付账款',null,36,1,0,1,b'0',b'0',b'0',36),
(3667,185,'预收账款',null,37,1,0,1,b'0',b'0',b'0',37),
(3668,185,'应付职工薪酬',null,38,1,0,1,b'0',b'0',b'0',38),
(3669,185,'应交税费',null,39,1,0,1,b'0',b'0',b'0',39),
(3670,185,'应付利息',null,40,1,0,1,b'0',b'0',b'0',40),
(3671,185,'应付利润',null,41,1,0,1,b'0',b'0',b'0',41),
(3672,185,'其他应付款',null,42,1,0,1,b'0',b'0',b'0',42),
(3673,185,'其他流动负债',null,43,1,0,1,b'0',b'0',b'0',43),
(3674,185,'流动负债合计',null,44,1,0,1,b'0',b'0',b'0',44),
(3675,185,'非流动负债',null,45,1,0,1,b'1',b'0',b'0',45),
(3676,185,'长期借款',null,46,1,0,1,b'0',b'0',b'0',46),
(3677,185,'长期应付款',null,47,1,0,1,b'0',b'0',b'0',47),
(3678,185,'递延收益',null,48,1,0,1,b'0',b'0',b'0',48),
(3679,185,'其他非流动负债',null,49,1,0,1,b'0',b'0',b'0',49),
(3680,185,'非流动负债合计',null,50,1,0,1,b'0',b'0',b'0',50),
(3681,185,'负债合计',null,51,1,0,1,b'1',b'0',b'0',51),
(3682,185,'所有者权益（或股东权益）',null,52,2,0,1,b'1',b'0',b'0',52),
(3683,185,'实收资本（或股本）',null,53,2,0,1,b'0',b'0',b'0',53),
(3684,185,'资本公积',null,54,2,0,1,b'0',b'0',b'0',54),
(3685,185,'盈余公积',null,55,2,0,1,b'0',b'0',b'0',55),
(3686,185,'未分配利润',null,56,2,0,1,b'0',b'0',b'0',56),
(3687,185,'所有者权益（或股东权益）合计',null,57,2,0,1,b'0',b'0',b'0',57),
(3688,185,'负债和所有者权益（或股东权益）',null,58,2,0,1,b'1',b'0',b'0',58),
(3689,186,'一、营业外收入',null,1,null,0,1,b'1',b'1',b'0',1),
(3690,186,'减：营业成本',3689,2,null,0,2,b'0',b'1',b'0',2),
(3691,186,'税金及附加',3690,3,0,0,3,b'0',b'0',b'0',3),
(3692,186,'其中:消费税',3691,4,0,0,4,b'0',b'0',b'0',4),
(3693,186,'营业税',3691,5,0,0,4,b'0',b'0',b'0',5),
(3694,186,'城市维护建设税',3691,6,0,0,4,b'0',b'0',b'0',6),
(3695,186,'资源税',3691,7,0,0,4,b'0',b'0',b'0',7),
(3696,186,'土地增值税',3691,8,0,0,4,b'0',b'0',b'0',8),
(3697,186,'城镇土地使用税、房产税、车船税、印花税',3691,9,0,0,4,b'0',b'0',b'0',9),
(3698,186,'教育费附加、矿产资源补偿费、排污费',3691,10,0,0,4,b'0',b'0',b'0',10),
(3699,186,'销售费用',3690,11,0,0,3,b'0',b'0',b'0',11),
(3700,186,'其中：商品维修费',3699,12,0,0,4,b'0',b'0',b'0',12),
(3701,186,'广告费和业务宣传费',3699,13,0,0,4,b'0',b'0',b'0',13),
(3702,186,'管理费用',3690,14,0,0,3,b'0',b'0',b'0',14),
(3703,186,'其中：开办费',3702,15,0,0,4,b'0',b'0',b'0',15),
(3704,186,'业务招待费',3702,16,0,0,4,b'0',b'0',b'0',16),
(3705,186,'研究费用',3702,17,0,0,4,b'0',b'0',b'0',17),
(3706,186,'财务费用',3690,18,0,0,3,b'0',b'0',b'0',18),
(3707,186,'其中：利息费用（收入以\'-\'号填列）',3706,19,0,0,4,b'0',b'0',b'0',19),
(3708,186,'投资收益（损失以“-”号填列）',3690,20,0,0,3,b'0',b'0',b'0',20),
(3709,186,'二、营业利润（亏损失以\'-\'填列）',null,21,null,1,1,b'1',b'1',b'0',21),
(3710,186,'加：营业外收入',3709,22,0,0,2,b'0',b'0',b'0',22),
(3711,186,'其中：政府补助',3710,23,0,0,3,b'0',b'0',b'0',23),
(3712,186,'减：营业外支出',3709,24,0,0,2,b'0',b'0',b'0',24),
(3713,186,'其中：坏账损失',3712,25,0,0,3,b'0',b'0',b'0',25),
(3714,186,'无法收回的长期债券投资损失',3712,26,0,0,3,b'0',b'0',b'0',26),
(3715,186,'无法收回的长期股权投资损失',3712,27,0,0,3,b'0',b'0',b'0',27),
(3716,186,'自然灾害等不可抗力因素造成的损失',3712,28,0,0,3,b'0',b'0',b'0',28),
(3717,186,'税收滞纳金',3712,29,0,0,3,b'0',b'0',b'0',29),
(3718,186,'三、利润总额（亏损失以“-”号填列）',null,30,null,1,1,b'1',b'1',b'0',30),
(3719,186,' 减：所得税费用',3718,31,0,0,2,b'0',b'0',b'0',31),
(3720,186,'四、净利润（亏损失以“-”号填列）',null,32,null,1,1,b'1',b'1',b'0',32),
(3721,187,'一、经营活动产生的现金流量：',null,1,0,0,1,b'1',b'0',b'0',1),
(3722,187,'销售产成品、商品、提供劳务收到的现金',null,2,0,0,1,b'0',b'0',b'0',2),
(3723,187,'收到其他与经营活动有关的现金',null,3,0,0,1,b'0',b'0',b'0',3),
(3724,187,'购买原材料、商品、接受劳务支付的现金',null,4,0,0,1,b'0',b'0',b'0',4),
(3725,187,'支付的职工薪酬',null,5,0,0,1,b'0',b'0',b'0',5),
(3726,187,'支付的税费',null,6,0,0,1,b'0',b'0',b'0',6),
(3727,187,'支付其他与经营活动有关的现金',null,7,0,0,1,b'0',b'0',b'0',7),
(3728,187,'经营活动产生的现金流量净额',null,8,0,0,1,b'0',b'0',b'0',8),
(3729,187,'二、投资活动产生的现金流量：',null,9,0,0,1,b'1',b'0',b'0',9),
(3730,187,'收回短期投资、长期债券投资和长期股权投资收到的现金',null,10,0,0,1,b'0',b'0',b'0',10),
(3731,187,'取得投资收益收到的现金',null,11,0,0,1,b'0',b'0',b'0',11),
(3732,187,'处置固定资产、无形资产和其他非流动资产收回的现金净额',null,12,0,0,1,b'0',b'0',b'0',12),
(3733,187,'短期投资、长期债券投资和长期股权投资支付的现金',null,13,0,0,1,b'0',b'0',b'0',13),
(3734,187,'购建固定资产、无形资产和其他非流动资产支付的现金',null,14,0,0,1,b'0',b'0',b'0',14),
(3735,187,'投资活动产生的现金流量净额',null,15,0,0,1,b'0',b'0',b'0',15),
(3736,187,'三、筹资活动产生的现金流量：',null,16,0,0,1,b'1',b'0',b'0',16),
(3737,187,'取得借款收到的现金',null,17,0,0,1,b'0',b'0',b'0',17),
(3738,187,'吸收投资者投资收到的现金',null,18,0,0,1,b'0',b'0',b'0',18),
(3739,187,'偿还借款本金支付的现金',null,19,0,0,1,b'0',b'0',b'0',19),
(3740,187,'偿还借款利息支付的现金',null,20,0,0,1,b'0',b'0',b'0',20),
(3741,187,'分配利润支付的现金',null,21,0,0,1,b'0',b'0',b'0',21),
(3742,187,'筹资活动产生的现金流量净额',null,22,0,0,1,b'0',b'0',b'0',22),
(3743,187,'四、现金净增加额',null,23,0,0,1,b'1',b'0',b'0',23),
(3744,187,'加：期初现金余额',null,24,0,0,1,b'0',b'0',b'0',24),
(3745,187,'五、期末现金余额',null,25,0,0,1,b'1',b'0',b'0',25),
(3746,188,'流动资产',null,1,0,0,1,b'1',b'0',b'0',1),
(3747,188,'货币资金',null,2,0,0,1,b'0',b'0',b'0',1),
(3748,188,'短期投资',null,3,0,0,1,b'0',b'0',b'0',3),
(3749,188,'应收票据',null,4,0,0,1,b'0',b'0',b'0',4),
(3750,188,'应收账款',null,5,0,0,1,b'0',b'0',b'0',5),
(3751,188,'预付账款',null,6,0,0,1,b'0',b'0',b'0',6),
(3752,188,'应收股利',null,7,0,0,1,b'0',b'0',b'0',7),
(3753,188,'应收利息',null,8,0,0,1,b'0',b'0',b'0',8),
(3754,188,'其他应收款',null,9,0,0,1,b'0',b'0',b'0',9),
(3755,188,'存货',null,10,0,0,1,b'0',b'1',b'0',10),
(3756,188,'其中：原材料',3755,11,0,0,2,b'0',b'0',b'0',11),
(3757,188,'在产品',3755,12,0,0,2,b'0',b'0',b'0',12),
(3758,188,'库存商品',3755,13,0,0,2,b'0',b'0',b'0',13),
(3759,188,'周转材料',3755,14,0,0,2,b'0',b'0',b'0',14),
(3760,188,'其他流动资产',null,15,0,0,1,b'0',b'0',b'0',15),
(3761,188,'流动资产合计',null,16,0,0,1,b'0',b'0',b'0',16),
(3762,188,'非流动资产',null,17,0,0,1,b'1',b'0',b'0',17),
(3763,188,'长期债券投资',null,18,0,0,1,b'0',b'0',b'0',18),
(3764,188,'长期股权投资',null,19,0,0,1,b'0',b'0',b'0',19),
(3765,188,'固定资产原价编辑',null,20,0,0,1,b'0',b'0',b'0',20),
(3766,188,'减：累计折旧',null,21,0,0,1,b'0',b'0',b'0',21),
(3767,188,'固定资产账面价值',null,22,0,0,1,b'0',b'0',b'0',22),
(3768,188,'在建工程',null,23,0,0,1,b'0',b'0',b'0',23),
(3769,188,'工程物资',null,24,0,0,1,b'0',b'0',b'0',24),
(3770,188,'固定资产清理',null,25,0,0,1,b'0',b'0',b'0',25),
(3771,188,'生产性生物资产',null,26,0,0,1,b'0',b'0',b'0',26),
(3772,188,'无形资产',null,27,0,0,1,b'0',b'0',b'0',27),
(3773,188,'开发支出',null,28,0,0,1,b'0',b'0',b'0',28),
(3774,188,'长期待摊费用',null,29,0,0,1,b'0',b'0',b'0',29),
(3775,188,'其他非流动资产',null,30,0,0,1,b'0',b'0',b'0',30),
(3776,188,'非流动资产合计',null,31,0,0,1,b'0',b'0',b'0',31),
(3777,188,'资产合计',null,32,0,0,1,b'1',b'0',b'0',32),
(3778,188,'流动负债',null,33,1,0,1,b'1',b'0',b'0',33),
(3779,188,'短期借款',null,34,1,0,1,b'0',b'0',b'0',34),
(3780,188,'应付票据',null,35,1,0,1,b'0',b'0',b'0',35),
(3781,188,'应付账款',null,36,1,0,1,b'0',b'0',b'0',36),
(3782,188,'预收账款',null,37,1,0,1,b'0',b'0',b'0',37),
(3783,188,'应付职工薪酬',null,38,1,0,1,b'0',b'0',b'0',38),
(3784,188,'应交税费',null,39,1,0,1,b'0',b'0',b'0',39),
(3785,188,'应付利息',null,40,1,0,1,b'0',b'0',b'0',40),
(3786,188,'应付利润',null,41,1,0,1,b'0',b'0',b'0',41),
(3787,188,'其他应付款',null,42,1,0,1,b'0',b'0',b'0',42),
(3788,188,'其他流动负债',null,43,1,0,1,b'0',b'0',b'0',43),
(3789,188,'流动负债合计',null,44,1,0,1,b'0',b'0',b'0',44),
(3790,188,'非流动负债',null,45,1,0,1,b'1',b'0',b'0',45),
(3791,188,'长期借款',null,46,1,0,1,b'0',b'0',b'0',46),
(3792,188,'长期应付款',null,47,1,0,1,b'0',b'0',b'0',47),
(3793,188,'递延收益',null,48,1,0,1,b'0',b'0',b'0',48),
(3794,188,'其他非流动负债',null,49,1,0,1,b'0',b'0',b'0',49),
(3795,188,'非流动负债合计',null,50,1,0,1,b'0',b'0',b'0',50),
(3796,188,'负债合计',null,51,1,0,1,b'1',b'0',b'0',51),
(3797,188,'所有者权益（或股东权益）',null,52,2,0,1,b'1',b'0',b'0',52),
(3798,188,'实收资本（或股本）',null,53,2,0,1,b'0',b'0',b'0',53),
(3799,188,'资本公积',null,54,2,0,1,b'0',b'0',b'0',54),
(3800,188,'盈余公积',null,55,2,0,1,b'0',b'0',b'0',55),
(3801,188,'未分配利润',null,56,2,0,1,b'0',b'0',b'0',56),
(3802,188,'所有者权益（或股东权益）合计',null,57,2,0,1,b'0',b'0',b'0',57),
(3803,188,'负债和所有者权益（或股东权益）',null,58,2,0,1,b'1',b'0',b'0',58),
(3804,189,'一、营业外收入',null,1,null,0,1,b'1',b'1',b'0',1),
(3805,189,'减：营业成本',3804,2,null,0,2,b'0',b'1',b'0',2),
(3806,189,'税金及附加',3805,3,0,0,3,b'0',b'0',b'0',3),
(3807,189,'其中:消费税',3806,4,0,0,4,b'0',b'0',b'0',4),
(3808,189,'营业税',3806,5,0,0,4,b'0',b'0',b'0',5),
(3809,189,'城市维护建设税',3806,6,0,0,4,b'0',b'0',b'0',6),
(3810,189,'资源税',3806,7,0,0,4,b'0',b'0',b'0',7),
(3811,189,'土地增值税',3806,8,0,0,4,b'0',b'0',b'0',8),
(3812,189,'城镇土地使用税、房产税、车船税、印花税',3806,9,0,0,4,b'0',b'0',b'0',9),
(3813,189,'教育费附加、矿产资源补偿费、排污费',3806,10,0,0,4,b'0',b'0',b'0',10),
(3814,189,'销售费用',3805,11,0,0,3,b'0',b'0',b'0',11),
(3815,189,'其中：商品维修费',3814,12,0,0,4,b'0',b'0',b'0',12),
(3816,189,'广告费和业务宣传费',3814,13,0,0,4,b'0',b'0',b'0',13),
(3817,189,'管理费用',3805,14,0,0,3,b'0',b'0',b'0',14),
(3818,189,'其中：开办费',3817,15,0,0,4,b'0',b'0',b'0',15),
(3819,189,'业务招待费',3817,16,0,0,4,b'0',b'0',b'0',16),
(3820,189,'研究费用',3817,17,0,0,4,b'0',b'0',b'0',17),
(3821,189,'财务费用',3805,18,0,0,3,b'0',b'0',b'0',18),
(3822,189,'其中：利息费用（收入以\'-\'号填列）',3821,19,0,0,4,b'0',b'0',b'0',19),
(3823,189,'投资收益（损失以“-”号填列）',3805,20,0,0,3,b'0',b'0',b'0',20),
(3824,189,'二、营业利润（亏损失以\'-\'填列）',null,21,null,1,1,b'1',b'1',b'0',21),
(3825,189,'加：营业外收入',3824,22,0,0,2,b'0',b'0',b'0',22),
(3826,189,'其中：政府补助',3825,23,0,0,3,b'0',b'0',b'0',23),
(3827,189,'减：营业外支出',3824,24,0,0,2,b'0',b'0',b'0',24),
(3828,189,'其中：坏账损失',3827,25,0,0,3,b'0',b'0',b'0',25),
(3829,189,'无法收回的长期债券投资损失',3827,26,0,0,3,b'0',b'0',b'0',26),
(3830,189,'无法收回的长期股权投资损失',3827,27,0,0,3,b'0',b'0',b'0',27),
(3831,189,'自然灾害等不可抗力因素造成的损失',3827,28,0,0,3,b'0',b'0',b'0',28),
(3832,189,'税收滞纳金',3827,29,0,0,3,b'0',b'0',b'0',29),
(3833,189,'三、利润总额（亏损失以“-”号填列）',null,30,null,1,1,b'1',b'1',b'0',30),
(3834,189,' 减：所得税费用',3833,31,0,0,2,b'0',b'0',b'0',31),
(3835,189,'四、净利润（亏损失以“-”号填列）',null,32,null,1,1,b'1',b'1',b'0',32),
(3836,190,'一、经营活动产生的现金流量：',null,1,0,0,1,b'1',b'0',b'0',1),
(3837,190,'销售产成品、商品、提供劳务收到的现金',null,2,0,0,1,b'0',b'0',b'0',2),
(3838,190,'收到其他与经营活动有关的现金',null,3,0,0,1,b'0',b'0',b'0',3),
(3839,190,'购买原材料、商品、接受劳务支付的现金',null,4,0,0,1,b'0',b'0',b'0',4),
(3840,190,'支付的职工薪酬',null,5,0,0,1,b'0',b'0',b'0',5),
(3841,190,'支付的税费',null,6,0,0,1,b'0',b'0',b'0',6),
(3842,190,'支付其他与经营活动有关的现金',null,7,0,0,1,b'0',b'0',b'0',7),
(3843,190,'经营活动产生的现金流量净额',null,8,0,0,1,b'0',b'0',b'0',8),
(3844,190,'二、投资活动产生的现金流量：',null,9,0,0,1,b'1',b'0',b'0',9),
(3845,190,'收回短期投资、长期债券投资和长期股权投资收到的现金',null,10,0,0,1,b'0',b'0',b'0',10),
(3846,190,'取得投资收益收到的现金',null,11,0,0,1,b'0',b'0',b'0',11),
(3847,190,'处置固定资产、无形资产和其他非流动资产收回的现金净额',null,12,0,0,1,b'0',b'0',b'0',12),
(3848,190,'短期投资、长期债券投资和长期股权投资支付的现金',null,13,0,0,1,b'0',b'0',b'0',13),
(3849,190,'购建固定资产、无形资产和其他非流动资产支付的现金',null,14,0,0,1,b'0',b'0',b'0',14),
(3850,190,'投资活动产生的现金流量净额',null,15,0,0,1,b'0',b'0',b'0',15),
(3851,190,'三、筹资活动产生的现金流量：',null,16,0,0,1,b'1',b'0',b'0',16),
(3852,190,'取得借款收到的现金',null,17,0,0,1,b'0',b'0',b'0',17),
(3853,190,'吸收投资者投资收到的现金',null,18,0,0,1,b'0',b'0',b'0',18),
(3854,190,'偿还借款本金支付的现金',null,19,0,0,1,b'0',b'0',b'0',19),
(3855,190,'偿还借款利息支付的现金',null,20,0,0,1,b'0',b'0',b'0',20),
(3856,190,'分配利润支付的现金',null,21,0,0,1,b'0',b'0',b'0',21),
(3857,190,'筹资活动产生的现金流量净额',null,22,0,0,1,b'0',b'0',b'0',22),
(3858,190,'四、现金净增加额',null,23,0,0,1,b'1',b'0',b'0',23),
(3859,190,'加：期初现金余额',null,24,0,0,1,b'0',b'0',b'0',24),
(3860,190,'五、期末现金余额',null,25,0,0,1,b'1',b'0',b'0',25),
(3861,191,'流动资产',null,1,0,0,1,b'1',b'0',b'0',1),
(3862,191,'货币资金',null,2,0,0,1,b'0',b'0',b'0',1),
(3863,191,'短期投资',null,3,0,0,1,b'0',b'0',b'0',3),
(3864,191,'应收票据',null,4,0,0,1,b'0',b'0',b'0',4),
(3865,191,'应收账款',null,5,0,0,1,b'0',b'0',b'0',5),
(3866,191,'预付账款',null,6,0,0,1,b'0',b'0',b'0',6),
(3867,191,'应收股利',null,7,0,0,1,b'0',b'0',b'0',7),
(3868,191,'应收利息',null,8,0,0,1,b'0',b'0',b'0',8),
(3869,191,'其他应收款',null,9,0,0,1,b'0',b'0',b'0',9),
(3870,191,'存货',null,10,0,0,1,b'0',b'1',b'0',10),
(3871,191,'其中：原材料',3870,11,0,0,2,b'0',b'0',b'0',11),
(3872,191,'在产品',3870,12,0,0,2,b'0',b'0',b'0',12),
(3873,191,'库存商品',3870,13,0,0,2,b'0',b'0',b'0',13),
(3874,191,'周转材料',3870,14,0,0,2,b'0',b'0',b'0',14),
(3875,191,'其他流动资产',null,15,0,0,1,b'0',b'0',b'0',15),
(3876,191,'流动资产合计',null,16,0,0,1,b'0',b'0',b'0',16),
(3877,191,'非流动资产',null,17,0,0,1,b'1',b'0',b'0',17),
(3878,191,'长期债券投资',null,18,0,0,1,b'0',b'0',b'0',18),
(3879,191,'长期股权投资',null,19,0,0,1,b'0',b'0',b'0',19),
(3880,191,'固定资产原价编辑',null,20,0,0,1,b'0',b'0',b'0',20),
(3881,191,'减：累计折旧',null,21,0,0,1,b'0',b'0',b'0',21),
(3882,191,'固定资产账面价值',null,22,0,0,1,b'0',b'0',b'0',22),
(3883,191,'在建工程',null,23,0,0,1,b'0',b'0',b'0',23),
(3884,191,'工程物资',null,24,0,0,1,b'0',b'0',b'0',24),
(3885,191,'固定资产清理',null,25,0,0,1,b'0',b'0',b'0',25),
(3886,191,'生产性生物资产',null,26,0,0,1,b'0',b'0',b'0',26),
(3887,191,'无形资产',null,27,0,0,1,b'0',b'0',b'0',27),
(3888,191,'开发支出',null,28,0,0,1,b'0',b'0',b'0',28),
(3889,191,'长期待摊费用',null,29,0,0,1,b'0',b'0',b'0',29),
(3890,191,'其他非流动资产',null,30,0,0,1,b'0',b'0',b'0',30),
(3891,191,'非流动资产合计',null,31,0,0,1,b'0',b'0',b'0',31),
(3892,191,'资产合计',null,32,0,0,1,b'1',b'0',b'0',32),
(3893,191,'流动负债',null,33,1,0,1,b'1',b'0',b'0',33),
(3894,191,'短期借款',null,34,1,0,1,b'0',b'0',b'0',34),
(3895,191,'应付票据',null,35,1,0,1,b'0',b'0',b'0',35),
(3896,191,'应付账款',null,36,1,0,1,b'0',b'0',b'0',36),
(3897,191,'预收账款',null,37,1,0,1,b'0',b'0',b'0',37),
(3898,191,'应付职工薪酬',null,38,1,0,1,b'0',b'0',b'0',38),
(3899,191,'应交税费',null,39,1,0,1,b'0',b'0',b'0',39),
(3900,191,'应付利息',null,40,1,0,1,b'0',b'0',b'0',40),
(3901,191,'应付利润',null,41,1,0,1,b'0',b'0',b'0',41),
(3902,191,'其他应付款',null,42,1,0,1,b'0',b'0',b'0',42),
(3903,191,'其他流动负债',null,43,1,0,1,b'0',b'0',b'0',43),
(3904,191,'流动负债合计',null,44,1,0,1,b'0',b'0',b'0',44),
(3905,191,'非流动负债',null,45,1,0,1,b'1',b'0',b'0',45),
(3906,191,'长期借款',null,46,1,0,1,b'0',b'0',b'0',46),
(3907,191,'长期应付款',null,47,1,0,1,b'0',b'0',b'0',47),
(3908,191,'递延收益',null,48,1,0,1,b'0',b'0',b'0',48),
(3909,191,'其他非流动负债',null,49,1,0,1,b'0',b'0',b'0',49),
(3910,191,'非流动负债合计',null,50,1,0,1,b'0',b'0',b'0',50),
(3911,191,'负债合计',null,51,1,0,1,b'1',b'0',b'0',51),
(3912,191,'所有者权益（或股东权益）',null,52,2,0,1,b'1',b'0',b'0',52),
(3913,191,'实收资本（或股本）',null,53,2,0,1,b'0',b'0',b'0',53),
(3914,191,'资本公积',null,54,2,0,1,b'0',b'0',b'0',54),
(3915,191,'盈余公积',null,55,2,0,1,b'0',b'0',b'0',55),
(3916,191,'未分配利润',null,56,2,0,1,b'0',b'0',b'0',56),
(3917,191,'所有者权益（或股东权益）合计',null,57,2,0,1,b'0',b'0',b'0',57),
(3918,191,'负债和所有者权益（或股东权益）',null,58,2,0,1,b'1',b'0',b'0',58);
DROP TABLE IF EXISTS  `fxy_financial_report_template_items_formula`;
CREATE TABLE `fxy_financial_report_template_items_formula` (
  `id` int(11) NOT NULL AUTO_INCREMENT,
  `template_id` int(11) NOT NULL COMMENT '模板 id',
  `template_items_id` int(11) NOT NULL,
  `account_sets_id` int(11) NOT NULL,
  `calculation` enum('+','-','*','/') NOT NULL DEFAULT '+' COMMENT '计算方式',
  `access_rules` int(11) NOT NULL COMMENT '取数规则：0,净发生额度 1,借方发生额 2,贷方发生额',
  `from_tag` varchar(125) NOT NULL COMMENT '数据来源标识',
  PRIMARY KEY (`id`) USING BTREE,
  KEY `fxy_at_fk` (`account_sets_id`) USING BTREE,
  KEY `fxy_ift_fk` (`template_id`) USING BTREE,
  KEY `fxy_tif_fk` (`template_items_id`) USING BTREE
) ENGINE=InnoDB AUTO_INCREMENT=2177 DEFAULT CHARSET=utf8 COMMENT='模板项公式表';

insert into `fxy_financial_report_template_items_formula`(`id`,`template_id`,`template_items_id`,`account_sets_id`,`calculation`,`access_rules`,`from_tag`) values
(1442,147,2194,92,'+',0,'15529'),
(1443,147,2194,92,'+',0,'15530'),
(1444,147,2195,92,'+',0,'15537'),
(1445,147,2195,92,'+',0,'15538'),
(1446,147,2196,92,'+',0,'15539'),
(1447,147,2197,92,'+',0,'15480'),
(1448,147,2198,92,'+',0,'15481'),
(1449,147,2199,92,'+',0,'15485'),
(1450,147,2200,92,'+',0,'15482'),
(1451,147,2201,92,'+',0,'15484'),
(1452,147,2202,92,'+',0,'15487'),
(1453,147,2202,92,'+',0,'15486'),
(1454,147,2202,92,'+',0,'15488'),
(1455,147,2202,92,'+',0,'15494'),
(1456,147,2203,92,'+',0,'15490'),
(1457,147,2203,92,'+',0,'15492'),
(1458,147,2203,92,'+',0,'15493'),
(1459,147,2204,92,'+',0,'15540'),
(1460,147,2205,92,'+',0,'15550'),
(1461,147,2206,92,'+',0,'15555'),
(1462,147,2206,92,'+',0,'15556'),
(1463,147,2207,92,'+',0,'15557'),
(1464,147,2208,92,'+',0,'15566'),
(1465,147,2209,92,'+',0,'15559'),
(1466,147,2210,92,'+',0,'15567'),
(1467,147,2211,92,'+',0,'15570'),
(1468,147,2212,92,'+',0,'15571'),
(1469,147,2213,92,'+',0,'15531'),
(1470,147,2214,92,'+',0,'2194'),
(1471,147,2214,92,'-',0,'2195'),
(1472,147,2214,92,'-',0,'2196'),
(1473,147,2214,92,'-',0,'2204'),
(1474,147,2214,92,'-',0,'2207'),
(1475,147,2214,92,'-',0,'2211'),
(1476,147,2214,92,'+',0,'2213'),
(1477,147,2215,92,'+',0,'15532'),
(1478,147,2216,92,'+',0,'15534'),
(1479,147,2217,92,'+',0,'15575'),
(1480,147,2218,92,'+',0,'15580'),
(1481,147,2219,92,'+',0,'15582'),
(1482,147,2220,92,'+',0,'15583'),
(1483,147,2221,92,'+',0,'15584'),
(1484,147,2222,92,'+',0,'15585'),
(1485,147,2223,92,'+',0,'2215'),
(1486,147,2223,92,'-',0,'2217'),
(1487,147,2223,92,'+',0,'2214'),
(1488,147,2224,92,'+',0,'15587'),
(1489,147,2225,92,'+',0,'2223'),
(1490,147,2225,92,'-',0,'2224'),
(1491,150,2309,93,'+',0,'15690'),
(1492,150,2309,93,'+',0,'15691'),
(1493,150,2310,93,'+',0,'15698'),
(1494,150,2310,93,'+',0,'15699'),
(1495,150,2311,93,'+',0,'15700'),
(1496,150,2312,93,'+',0,'15641'),
(1497,150,2313,93,'+',0,'15642'),
(1498,150,2314,93,'+',0,'15646'),
(1499,150,2315,93,'+',0,'15643'),
(1500,150,2316,93,'+',0,'15645'),
(1501,150,2317,93,'+',0,'15648'),
(1502,150,2317,93,'+',0,'15647'),
(1503,150,2317,93,'+',0,'15649'),
(1504,150,2317,93,'+',0,'15655'),
(1505,150,2318,93,'+',0,'15651'),
(1506,150,2318,93,'+',0,'15653'),
(1507,150,2318,93,'+',0,'15654'),
(1508,150,2319,93,'+',0,'15701'),
(1509,150,2320,93,'+',0,'15711'),
(1510,150,2321,93,'+',0,'15716'),
(1511,150,2321,93,'+',0,'15717'),
(1512,150,2322,93,'+',0,'15718'),
(1513,150,2323,93,'+',0,'15727'),
(1514,150,2324,93,'+',0,'15720'),
(1515,150,2325,93,'+',0,'15728'),
(1516,150,2326,93,'+',0,'15731'),
(1517,150,2327,93,'+',0,'15732'),
(1518,150,2328,93,'+',0,'15692'),
(1519,150,2329,93,'+',0,'2309'),
(1520,150,2329,93,'-',0,'2310'),
(1521,150,2329,93,'-',0,'2311'),
(1522,150,2329,93,'-',0,'2319'),
(1523,150,2329,93,'-',0,'2322'),
(1524,150,2329,93,'-',0,'2326'),
(1525,150,2329,93,'+',0,'2328'),
(1526,150,2330,93,'+',0,'15693'),
(1527,150,2331,93,'+',0,'15695'),
(1528,150,2332,93,'+',0,'15736'),
(1529,150,2333,93,'+',0,'15741'),
(1530,150,2334,93,'+',0,'15743'),
(1531,150,2335,93,'+',0,'15744'),
(1532,150,2336,93,'+',0,'15745'),
(1533,150,2337,93,'+',0,'15746'),
(1534,150,2338,93,'+',0,'2330'),
(1535,150,2338,93,'-',0,'2332'),
(1536,150,2338,93,'+',0,'2329'),
(1537,150,2339,93,'+',0,'15748'),
(1538,150,2340,93,'+',0,'2338'),
(1539,150,2340,93,'-',0,'2339'),
(1540,153,2424,94,'+',0,'15851'),
(1541,153,2424,94,'+',0,'15852'),
(1542,153,2425,94,'+',0,'15859'),
(1543,153,2425,94,'+',0,'15860'),
(1544,153,2426,94,'+',0,'15861'),
(1545,153,2427,94,'+',0,'15802'),
(1546,153,2428,94,'+',0,'15803'),
(1547,153,2429,94,'+',0,'15807'),
(1548,153,2430,94,'+',0,'15804'),
(1549,153,2431,94,'+',0,'15806'),
(1550,153,2432,94,'+',0,'15809'),
(1551,153,2432,94,'+',0,'15808'),
(1552,153,2432,94,'+',0,'15810'),
(1553,153,2432,94,'+',0,'15816'),
(1554,153,2433,94,'+',0,'15812'),
(1555,153,2433,94,'+',0,'15814'),
(1556,153,2433,94,'+',0,'15815'),
(1557,153,2434,94,'+',0,'15862'),
(1558,153,2435,94,'+',0,'15872'),
(1559,153,2436,94,'+',0,'15877'),
(1560,153,2436,94,'+',0,'15878'),
(1561,153,2437,94,'+',0,'15879'),
(1562,153,2438,94,'+',0,'15888'),
(1563,153,2439,94,'+',0,'15881'),
(1564,153,2440,94,'+',0,'15889'),
(1565,153,2441,94,'+',0,'15892'),
(1566,153,2442,94,'+',0,'15893'),
(1567,153,2443,94,'+',0,'15853'),
(1568,153,2444,94,'+',0,'2424'),
(1569,153,2444,94,'-',0,'2425'),
(1570,153,2444,94,'-',0,'2426'),
(1571,153,2444,94,'-',0,'2434'),
(1572,153,2444,94,'-',0,'2437'),
(1573,153,2444,94,'-',0,'2441'),
(1574,153,2444,94,'+',0,'2443'),
(1575,153,2445,94,'+',0,'15854'),
(1576,153,2446,94,'+',0,'15856'),
(1577,153,2447,94,'+',0,'15897'),
(1578,153,2448,94,'+',0,'15902'),
(1579,153,2449,94,'+',0,'15904'),
(1580,153,2450,94,'+',0,'15905'),
(1581,153,2451,94,'+',0,'15906'),
(1582,153,2452,94,'+',0,'15907'),
(1583,153,2453,94,'+',0,'2445'),
(1584,153,2453,94,'-',0,'2447'),
(1585,153,2453,94,'+',0,'2444'),
(1586,153,2454,94,'+',0,'15909'),
(1587,153,2455,94,'+',0,'2453'),
(1588,153,2455,94,'-',0,'2454'),
(1589,156,2539,95,'+',0,'16012'),
(1590,156,2539,95,'+',0,'16013'),
(1591,156,2540,95,'+',0,'16020'),
(1592,156,2540,95,'+',0,'16021'),
(1593,156,2541,95,'+',0,'16022'),
(1594,156,2542,95,'+',0,'15963'),
(1595,156,2543,95,'+',0,'15964'),
(1596,156,2544,95,'+',0,'15968'),
(1597,156,2545,95,'+',0,'15965'),
(1598,156,2546,95,'+',0,'15967'),
(1599,156,2547,95,'+',0,'15970'),
(1600,156,2547,95,'+',0,'15969'),
(1601,156,2547,95,'+',0,'15971'),
(1602,156,2547,95,'+',0,'15977'),
(1603,156,2548,95,'+',0,'15973'),
(1604,156,2548,95,'+',0,'15975'),
(1605,156,2548,95,'+',0,'15976'),
(1606,156,2549,95,'+',0,'16023'),
(1607,156,2550,95,'+',0,'16033'),
(1608,156,2551,95,'+',0,'16038'),
(1609,156,2551,95,'+',0,'16039'),
(1610,156,2552,95,'+',0,'16040'),
(1611,156,2553,95,'+',0,'16049'),
(1612,156,2554,95,'+',0,'16042'),
(1613,156,2555,95,'+',0,'16050'),
(1614,156,2556,95,'+',0,'16053'),
(1615,156,2557,95,'+',0,'16054'),
(1616,156,2558,95,'+',0,'16014'),
(1617,156,2559,95,'+',0,'2539'),
(1618,156,2559,95,'-',0,'2540'),
(1619,156,2559,95,'-',0,'2541'),
(1620,156,2559,95,'-',0,'2549'),
(1621,156,2559,95,'-',0,'2552'),
(1622,156,2559,95,'-',0,'2556'),
(1623,156,2559,95,'+',0,'2558'),
(1624,156,2560,95,'+',0,'16015'),
(1625,156,2561,95,'+',0,'16017'),
(1626,156,2562,95,'+',0,'16058'),
(1627,156,2563,95,'+',0,'16063'),
(1628,156,2564,95,'+',0,'16065'),
(1629,156,2565,95,'+',0,'16066'),
(1630,156,2566,95,'+',0,'16067'),
(1631,156,2567,95,'+',0,'16068'),
(1632,156,2568,95,'+',0,'2560'),
(1633,156,2568,95,'-',0,'2562'),
(1634,156,2568,95,'+',0,'2559'),
(1635,156,2569,95,'+',0,'16070'),
(1636,156,2570,95,'+',0,'2568'),
(1637,156,2570,95,'-',0,'2569'),
(1638,159,2654,96,'+',0,'16173'),
(1639,159,2654,96,'+',0,'16174'),
(1640,159,2655,96,'+',0,'16181'),
(1641,159,2655,96,'+',0,'16182'),
(1642,159,2656,96,'+',0,'16183'),
(1643,159,2657,96,'+',0,'16124'),
(1644,159,2658,96,'+',0,'16125'),
(1645,159,2659,96,'+',0,'16129'),
(1646,159,2660,96,'+',0,'16126'),
(1647,159,2661,96,'+',0,'16128'),
(1648,159,2662,96,'+',0,'16131'),
(1649,159,2662,96,'+',0,'16130'),
(1650,159,2662,96,'+',0,'16132'),
(1651,159,2662,96,'+',0,'16138'),
(1652,159,2663,96,'+',0,'16134'),
(1653,159,2663,96,'+',0,'16136'),
(1654,159,2663,96,'+',0,'16137'),
(1655,159,2664,96,'+',0,'16184'),
(1656,159,2665,96,'+',0,'16194'),
(1657,159,2666,96,'+',0,'16199'),
(1658,159,2666,96,'+',0,'16200'),
(1659,159,2667,96,'+',0,'16201'),
(1660,159,2668,96,'+',0,'16210'),
(1661,159,2669,96,'+',0,'16203'),
(1662,159,2670,96,'+',0,'16211'),
(1663,159,2671,96,'+',0,'16214'),
(1664,159,2672,96,'+',0,'16215'),
(1665,159,2673,96,'+',0,'16175'),
(1666,159,2674,96,'+',0,'2654'),
(1667,159,2674,96,'-',0,'2655'),
(1668,159,2674,96,'-',0,'2656'),
(1669,159,2674,96,'-',0,'2664'),
(1670,159,2674,96,'-',0,'2667'),
(1671,159,2674,96,'-',0,'2671'),
(1672,159,2674,96,'+',0,'2673'),
(1673,159,2675,96,'+',0,'16176'),
(1674,159,2676,96,'+',0,'16178'),
(1675,159,2677,96,'+',0,'16219'),
(1676,159,2678,96,'+',0,'16224'),
(1677,159,2679,96,'+',0,'16226'),
(1678,159,2680,96,'+',0,'16227'),
(1679,159,2681,96,'+',0,'16228'),
(1680,159,2682,96,'+',0,'16229'),
(1681,159,2683,96,'+',0,'2675'),
(1682,159,2683,96,'-',0,'2677'),
(1683,159,2683,96,'+',0,'2674'),
(1684,159,2684,96,'+',0,'16231'),
(1685,159,2685,96,'+',0,'2683'),
(1686,159,2685,96,'-',0,'2684'),
(1687,162,2769,97,'+',0,'16334'),
(1688,162,2769,97,'+',0,'16335'),
(1689,162,2770,97,'+',0,'16342'),
(1690,162,2770,97,'+',0,'16343'),
(1691,162,2771,97,'+',0,'16344'),
(1692,162,2772,97,'+',0,'16285'),
(1693,162,2773,97,'+',0,'16286'),
(1694,162,2774,97,'+',0,'16290'),
(1695,162,2775,97,'+',0,'16287'),
(1696,162,2776,97,'+',0,'16289'),
(1697,162,2777,97,'+',0,'16292'),
(1698,162,2777,97,'+',0,'16291'),
(1699,162,2777,97,'+',0,'16293'),
(1700,162,2777,97,'+',0,'16299'),
(1701,162,2778,97,'+',0,'16295'),
(1702,162,2778,97,'+',0,'16297'),
(1703,162,2778,97,'+',0,'16298'),
(1704,162,2779,97,'+',0,'16345'),
(1705,162,2780,97,'+',0,'16355'),
(1706,162,2781,97,'+',0,'16360'),
(1707,162,2781,97,'+',0,'16361'),
(1708,162,2782,97,'+',0,'16362'),
(1709,162,2783,97,'+',0,'16371'),
(1710,162,2784,97,'+',0,'16364'),
(1711,162,2785,97,'+',0,'16372'),
(1712,162,2786,97,'+',0,'16375'),
(1713,162,2787,97,'+',0,'16376'),
(1714,162,2788,97,'+',0,'16336'),
(1715,162,2789,97,'+',0,'2769'),
(1716,162,2789,97,'-',0,'2770'),
(1717,162,2789,97,'-',0,'2771'),
(1718,162,2789,97,'-',0,'2779'),
(1719,162,2789,97,'-',0,'2782'),
(1720,162,2789,97,'-',0,'2786'),
(1721,162,2789,97,'+',0,'2788'),
(1722,162,2790,97,'+',0,'16337'),
(1723,162,2791,97,'+',0,'16339'),
(1724,162,2792,97,'+',0,'16380'),
(1725,162,2793,97,'+',0,'16385'),
(1726,162,2794,97,'+',0,'16387'),
(1727,162,2795,97,'+',0,'16388'),
(1728,162,2796,97,'+',0,'16389'),
(1729,162,2797,97,'+',0,'16390'),
(1730,162,2798,97,'+',0,'2790'),
(1731,162,2798,97,'-',0,'2792'),
(1732,162,2798,97,'+',0,'2789'),
(1733,162,2799,97,'+',0,'16392'),
(1734,162,2800,97,'+',0,'2798'),
(1735,162,2800,97,'-',0,'2799'),
(1736,165,2884,98,'+',0,'16495'),
(1737,165,2884,98,'+',0,'16496'),
(1738,165,2885,98,'+',0,'16503'),
(1739,165,2885,98,'+',0,'16504'),
(1740,165,2886,98,'+',0,'16505'),
(1741,165,2887,98,'+',0,'16446'),
(1742,165,2888,98,'+',0,'16447'),
(1743,165,2889,98,'+',0,'16451'),
(1744,165,2890,98,'+',0,'16448'),
(1745,165,2891,98,'+',0,'16450'),
(1746,165,2892,98,'+',0,'16453'),
(1747,165,2892,98,'+',0,'16452'),
(1748,165,2892,98,'+',0,'16454'),
(1749,165,2892,98,'+',0,'16460'),
(1750,165,2893,98,'+',0,'16456'),
(1751,165,2893,98,'+',0,'16458'),
(1752,165,2893,98,'+',0,'16459'),
(1753,165,2894,98,'+',0,'16506'),
(1754,165,2895,98,'+',0,'16516'),
(1755,165,2896,98,'+',0,'16521'),
(1756,165,2896,98,'+',0,'16522'),
(1757,165,2897,98,'+',0,'16523'),
(1758,165,2898,98,'+',0,'16532'),
(1759,165,2899,98,'+',0,'16525'),
(1760,165,2900,98,'+',0,'16533'),
(1761,165,2901,98,'+',0,'16536'),
(1762,165,2902,98,'+',0,'16537'),
(1763,165,2903,98,'+',0,'16497'),
(1764,165,2904,98,'+',0,'2884'),
(1765,165,2904,98,'-',0,'2885'),
(1766,165,2904,98,'-',0,'2886'),
(1767,165,2904,98,'-',0,'2894'),
(1768,165,2904,98,'-',0,'2897'),
(1769,165,2904,98,'-',0,'2901'),
(1770,165,2904,98,'+',0,'2903'),
(1771,165,2905,98,'+',0,'16498'),
(1772,165,2906,98,'+',0,'16500'),
(1773,165,2907,98,'+',0,'16541'),
(1774,165,2908,98,'+',0,'16546'),
(1775,165,2909,98,'+',0,'16548'),
(1776,165,2910,98,'+',0,'16549'),
(1777,165,2911,98,'+',0,'16550'),
(1778,165,2912,98,'+',0,'16551'),
(1779,165,2913,98,'+',0,'2905'),
(1780,165,2913,98,'-',0,'2907'),
(1781,165,2913,98,'+',0,'2904'),
(1782,165,2914,98,'+',0,'16553'),
(1783,165,2915,98,'+',0,'2913'),
(1784,165,2915,98,'-',0,'2914'),
(1785,168,2999,99,'+',0,'16657'),
(1786,168,2999,99,'+',0,'16658'),
(1787,168,3000,99,'+',0,'16665'),
(1788,168,3000,99,'+',0,'16666'),
(1789,168,3001,99,'+',0,'16667'),
(1790,168,3002,99,'+',0,'16608'),
(1791,168,3003,99,'+',0,'16609'),
(1792,168,3004,99,'+',0,'16613'),
(1793,168,3005,99,'+',0,'16610'),
(1794,168,3006,99,'+',0,'16612'),
(1795,168,3007,99,'+',0,'16615'),
(1796,168,3007,99,'+',0,'16614'),
(1797,168,3007,99,'+',0,'16616'),
(1798,168,3007,99,'+',0,'16622'),
(1799,168,3008,99,'+',0,'16618'),
(1800,168,3008,99,'+',0,'16620'),
(1801,168,3008,99,'+',0,'16621'),
(1802,168,3009,99,'+',0,'16668'),
(1803,168,3010,99,'+',0,'16678'),
(1804,168,3011,99,'+',0,'16683'),
(1805,168,3011,99,'+',0,'16684'),
(1806,168,3012,99,'+',0,'16685'),
(1807,168,3013,99,'+',0,'16694'),
(1808,168,3014,99,'+',0,'16687'),
(1809,168,3015,99,'+',0,'16695'),
(1810,168,3016,99,'+',0,'16698'),
(1811,168,3017,99,'+',0,'16699'),
(1812,168,3018,99,'+',0,'16659'),
(1813,168,3019,99,'+',0,'2999'),
(1814,168,3019,99,'-',0,'3000'),
(1815,168,3019,99,'-',0,'3001'),
(1816,168,3019,99,'-',0,'3009'),
(1817,168,3019,99,'-',0,'3012'),
(1818,168,3019,99,'-',0,'3016'),
(1819,168,3019,99,'+',0,'3018'),
(1820,168,3020,99,'+',0,'16660'),
(1821,168,3021,99,'+',0,'16662'),
(1822,168,3022,99,'+',0,'16703'),
(1823,168,3023,99,'+',0,'16708'),
(1824,168,3024,99,'+',0,'16710'),
(1825,168,3025,99,'+',0,'16711'),
(1826,168,3026,99,'+',0,'16712'),
(1827,168,3027,99,'+',0,'16713'),
(1828,168,3028,99,'+',0,'3020'),
(1829,168,3028,99,'-',0,'3022'),
(1830,168,3028,99,'+',0,'3019'),
(1831,168,3029,99,'+',0,'16715'),
(1832,168,3030,99,'+',0,'3028'),
(1833,168,3030,99,'-',0,'3029'),
(1834,171,3114,100,'+',0,'16818'),
(1835,171,3114,100,'+',0,'16819'),
(1836,171,3115,100,'+',0,'16826'),
(1837,171,3115,100,'+',0,'16827'),
(1838,171,3116,100,'+',0,'16828'),
(1839,171,3117,100,'+',0,'16769'),
(1840,171,3118,100,'+',0,'16770'),
(1841,171,3119,100,'+',0,'16774'),
(1842,171,3120,100,'+',0,'16771'),
(1843,171,3121,100,'+',0,'16773'),
(1844,171,3122,100,'+',0,'16776'),
(1845,171,3122,100,'+',0,'16775'),
(1846,171,3122,100,'+',0,'16777'),
(1847,171,3122,100,'+',0,'16783'),
(1848,171,3123,100,'+',0,'16779'),
(1849,171,3123,100,'+',0,'16781'),
(1850,171,3123,100,'+',0,'16782'),
(1851,171,3124,100,'+',0,'16829'),
(1852,171,3125,100,'+',0,'16839'),
(1853,171,3126,100,'+',0,'16844'),
(1854,171,3126,100,'+',0,'16845'),
(1855,171,3127,100,'+',0,'16846'),
(1856,171,3128,100,'+',0,'16855'),
(1857,171,3129,100,'+',0,'16848'),
(1858,171,3130,100,'+',0,'16856'),
(1859,171,3131,100,'+',0,'16859'),
(1860,171,3132,100,'+',0,'16860'),
(1861,171,3133,100,'+',0,'16820'),
(1862,171,3134,100,'+',0,'3114'),
(1863,171,3134,100,'-',0,'3115'),
(1864,171,3134,100,'-',0,'3116'),
(1865,171,3134,100,'-',0,'3124'),
(1866,171,3134,100,'-',0,'3127'),
(1867,171,3134,100,'-',0,'3131'),
(1868,171,3134,100,'+',0,'3133'),
(1869,171,3135,100,'+',0,'16821'),
(1870,171,3136,100,'+',0,'16823'),
(1871,171,3137,100,'+',0,'16864'),
(1872,171,3138,100,'+',0,'16869'),
(1873,171,3139,100,'+',0,'16871'),
(1874,171,3140,100,'+',0,'16872'),
(1875,171,3141,100,'+',0,'16873'),
(1876,171,3142,100,'+',0,'16874'),
(1877,171,3143,100,'+',0,'3135'),
(1878,171,3143,100,'-',0,'3137'),
(1879,171,3143,100,'+',0,'3134'),
(1880,171,3144,100,'+',0,'16876'),
(1881,171,3145,100,'+',0,'3143'),
(1882,171,3145,100,'-',0,'3144'),
(1883,174,3229,109,'+',0,'18106'),
(1884,174,3229,109,'+',0,'18107'),
(1885,174,3230,109,'+',0,'18114'),
(1886,174,3230,109,'+',0,'18115'),
(1887,174,3231,109,'+',0,'18116'),
(1888,174,3232,109,'+',0,'18057'),
(1889,174,3233,109,'+',0,'18058'),
(1890,174,3234,109,'+',0,'18062'),
(1891,174,3235,109,'+',0,'18059'),
(1892,174,3236,109,'+',0,'18061'),
(1893,174,3237,109,'+',0,'18064'),
(1894,174,3237,109,'+',0,'18063'),
(1895,174,3237,109,'+',0,'18065'),
(1896,174,3237,109,'+',0,'18071'),
(1897,174,3238,109,'+',0,'18067'),
(1898,174,3238,109,'+',0,'18069'),
(1899,174,3238,109,'+',0,'18070'),
(1900,174,3239,109,'+',0,'18117'),
(1901,174,3240,109,'+',0,'18127'),
(1902,174,3241,109,'+',0,'18132'),
(1903,174,3241,109,'+',0,'18133'),
(1904,174,3242,109,'+',0,'18134'),
(1905,174,3243,109,'+',0,'18143'),
(1906,174,3244,109,'+',0,'18136'),
(1907,174,3245,109,'+',0,'18144'),
(1908,174,3246,109,'+',0,'18147'),
(1909,174,3247,109,'+',0,'18148'),
(1910,174,3248,109,'+',0,'18108'),
(1911,174,3249,109,'+',0,'3229'),
(1912,174,3249,109,'-',0,'3230'),
(1913,174,3249,109,'-',0,'3231'),
(1914,174,3249,109,'-',0,'3239'),
(1915,174,3249,109,'-',0,'3242'),
(1916,174,3249,109,'-',0,'3246'),
(1917,174,3249,109,'+',0,'3248'),
(1918,174,3250,109,'+',0,'18109'),
(1919,174,3251,109,'+',0,'18111'),
(1920,174,3252,109,'+',0,'18152'),
(1921,174,3253,109,'+',0,'18157'),
(1922,174,3254,109,'+',0,'18159'),
(1923,174,3255,109,'+',0,'18160'),
(1924,174,3256,109,'+',0,'18161'),
(1925,174,3257,109,'+',0,'18162'),
(1926,174,3258,109,'+',0,'3250'),
(1927,174,3258,109,'-',0,'3252'),
(1928,174,3258,109,'+',0,'3249'),
(1929,174,3259,109,'+',0,'18164'),
(1930,174,3260,109,'+',0,'3258'),
(1931,174,3260,109,'-',0,'3259'),
(1932,177,3344,110,'+',0,'18267'),
(1933,177,3344,110,'+',0,'18268'),
(1934,177,3345,110,'+',0,'18275'),
(1935,177,3345,110,'+',0,'18276'),
(1936,177,3346,110,'+',0,'18277'),
(1937,177,3347,110,'+',0,'18218'),
(1938,177,3348,110,'+',0,'18219'),
(1939,177,3349,110,'+',0,'18223'),
(1940,177,3350,110,'+',0,'18220'),
(1941,177,3351,110,'+',0,'18222'),
(1942,177,3352,110,'+',0,'18225'),
(1943,177,3352,110,'+',0,'18224'),
(1944,177,3352,110,'+',0,'18226'),
(1945,177,3352,110,'+',0,'18232'),
(1946,177,3353,110,'+',0,'18228'),
(1947,177,3353,110,'+',0,'18230'),
(1948,177,3353,110,'+',0,'18231'),
(1949,177,3354,110,'+',0,'18278'),
(1950,177,3355,110,'+',0,'18288'),
(1951,177,3356,110,'+',0,'18293'),
(1952,177,3356,110,'+',0,'18294'),
(1953,177,3357,110,'+',0,'18295'),
(1954,177,3358,110,'+',0,'18304'),
(1955,177,3359,110,'+',0,'18297'),
(1956,177,3360,110,'+',0,'18305'),
(1957,177,3361,110,'+',0,'18308'),
(1958,177,3362,110,'+',0,'18309'),
(1959,177,3363,110,'+',0,'18269'),
(1960,177,3364,110,'+',0,'3344'),
(1961,177,3364,110,'-',0,'3345'),
(1962,177,3364,110,'-',0,'3346'),
(1963,177,3364,110,'-',0,'3354'),
(1964,177,3364,110,'-',0,'3357'),
(1965,177,3364,110,'-',0,'3361'),
(1966,177,3364,110,'+',0,'3363'),
(1967,177,3365,110,'+',0,'18270'),
(1968,177,3366,110,'+',0,'18272'),
(1969,177,3367,110,'+',0,'18313'),
(1970,177,3368,110,'+',0,'18318'),
(1971,177,3369,110,'+',0,'18320'),
(1972,177,3370,110,'+',0,'18321'),
(1973,177,3371,110,'+',0,'18322'),
(1974,177,3372,110,'+',0,'18323'),
(1975,177,3373,110,'+',0,'3365'),
(1976,177,3373,110,'-',0,'3367'),
(1977,177,3373,110,'+',0,'3364'),
(1978,177,3374,110,'+',0,'18325'),
(1979,177,3375,110,'+',0,'3373'),
(1980,177,3375,110,'-',0,'3374'),
(1981,180,3459,111,'+',0,'18432'),
(1982,180,3459,111,'+',0,'18433'),
(1983,180,3460,111,'+',0,'18440'),
(1984,180,3460,111,'+',0,'18441'),
(1985,180,3461,111,'+',0,'18442'),
(1986,180,3462,111,'+',0,'18383'),
(1987,180,3463,111,'+',0,'18384'),
(1988,180,3464,111,'+',0,'18388'),
(1989,180,3465,111,'+',0,'18385'),
(1990,180,3466,111,'+',0,'18387'),
(1991,180,3467,111,'+',0,'18390'),
(1992,180,3467,111,'+',0,'18389'),
(1993,180,3467,111,'+',0,'18391'),
(1994,180,3467,111,'+',0,'18397'),
(1995,180,3468,111,'+',0,'18393'),
(1996,180,3468,111,'+',0,'18395'),
(1997,180,3468,111,'+',0,'18396'),
(1998,180,3469,111,'+',0,'18443'),
(1999,180,3470,111,'+',0,'18453'),
(2000,180,3471,111,'+',0,'18458'),
(2001,180,3471,111,'+',0,'18459'),
(2002,180,3472,111,'+',0,'18460'),
(2003,180,3473,111,'+',0,'18469'),
(2004,180,3474,111,'+',0,'18462'),
(2005,180,3475,111,'+',0,'18470'),
(2006,180,3476,111,'+',0,'18473'),
(2007,180,3477,111,'+',0,'18474'),
(2008,180,3478,111,'+',0,'18434'),
(2009,180,3479,111,'+',0,'3459'),
(2010,180,3479,111,'-',0,'3460'),
(2011,180,3479,111,'-',0,'3461'),
(2012,180,3479,111,'-',0,'3469'),
(2013,180,3479,111,'-',0,'3472'),
(2014,180,3479,111,'-',0,'3476'),
(2015,180,3479,111,'+',0,'3478'),
(2016,180,3480,111,'+',0,'18435'),
(2017,180,3481,111,'+',0,'18437'),
(2018,180,3482,111,'+',0,'18478'),
(2019,180,3483,111,'+',0,'18483'),
(2020,180,3484,111,'+',0,'18485'),
(2021,180,3485,111,'+',0,'18486'),
(2022,180,3486,111,'+',0,'18487'),
(2023,180,3487,111,'+',0,'18488'),
(2024,180,3488,111,'+',0,'3480'),
(2025,180,3488,111,'-',0,'3482'),
(2026,180,3488,111,'+',0,'3479'),
(2027,180,3489,111,'+',0,'18490'),
(2028,180,3490,111,'+',0,'3488'),
(2029,180,3490,111,'-',0,'3489'),
(2030,183,3574,112,'+',0,'18596'),
(2031,183,3574,112,'+',0,'18597'),
(2032,183,3575,112,'+',0,'18604'),
(2033,183,3575,112,'+',0,'18605'),
(2034,183,3576,112,'+',0,'18606'),
(2035,183,3577,112,'+',0,'18547'),
(2036,183,3578,112,'+',0,'18548'),
(2037,183,3579,112,'+',0,'18552'),
(2038,183,3580,112,'+',0,'18549'),
(2039,183,3581,112,'+',0,'18551'),
(2040,183,3582,112,'+',0,'18554'),
(2041,183,3582,112,'+',0,'18553'),
(2042,183,3582,112,'+',0,'18555'),
(2043,183,3582,112,'+',0,'18561'),
(2044,183,3583,112,'+',0,'18557'),
(2045,183,3583,112,'+',0,'18559'),
(2046,183,3583,112,'+',0,'18560'),
(2047,183,3584,112,'+',0,'18607'),
(2048,183,3585,112,'+',0,'18617'),
(2049,183,3586,112,'+',0,'18622'),
(2050,183,3586,112,'+',0,'18623'),
(2051,183,3587,112,'+',0,'18624'),
(2052,183,3588,112,'+',0,'18633'),
(2053,183,3589,112,'+',0,'18626'),
(2054,183,3590,112,'+',0,'18634'),
(2055,183,3591,112,'+',0,'18637'),
(2056,183,3592,112,'+',0,'18638'),
(2057,183,3593,112,'+',0,'18598'),
(2058,183,3594,112,'+',0,'3574'),
(2059,183,3594,112,'-',0,'3575'),
(2060,183,3594,112,'-',0,'3576'),
(2061,183,3594,112,'-',0,'3584'),
(2062,183,3594,112,'-',0,'3587'),
(2063,183,3594,112,'-',0,'3591'),
(2064,183,3594,112,'+',0,'3593'),
(2065,183,3595,112,'+',0,'18599'),
(2066,183,3596,112,'+',0,'18601'),
(2067,183,3597,112,'+',0,'18642'),
(2068,183,3598,112,'+',0,'18647'),
(2069,183,3599,112,'+',0,'18649'),
(2070,183,3600,112,'+',0,'18650'),
(2071,183,3601,112,'+',0,'18651'),
(2072,183,3602,112,'+',0,'18652'),
(2073,183,3603,112,'+',0,'3595'),
(2074,183,3603,112,'-',0,'3597'),
(2075,183,3603,112,'+',0,'3594'),
(2076,183,3604,112,'+',0,'18654'),
(2077,183,3605,112,'+',0,'3603'),
(2078,183,3605,112,'-',0,'3604'),
(2079,186,3689,113,'+',0,'18757'),
(2080,186,3689,113,'+',0,'18758'),
(2081,186,3690,113,'+',0,'18765'),
(2082,186,3690,113,'+',0,'18766'),
(2083,186,3691,113,'+',0,'18767'),
(2084,186,3692,113,'+',0,'18708'),
(2085,186,3693,113,'+',0,'18709'),
(2086,186,3694,113,'+',0,'18713'),
(2087,186,3695,113,'+',0,'18710'),
(2088,186,3696,113,'+',0,'18712'),
(2089,186,3697,113,'+',0,'18715'),
(2090,186,3697,113,'+',0,'18714'),
(2091,186,3697,113,'+',0,'18716'),
(2092,186,3697,113,'+',0,'18722'),
(2093,186,3698,113,'+',0,'18718'),
(2094,186,3698,113,'+',0,'18720'),
(2095,186,3698,113,'+',0,'18721'),
(2096,186,3699,113,'+',0,'18768'),
(2097,186,3700,113,'+',0,'18778'),
(2098,186,3701,113,'+',0,'18783'),
(2099,186,3701,113,'+',0,'18784'),
(2100,186,3702,113,'+',0,'18785'),
(2101,186,3703,113,'+',0,'18794'),
(2102,186,3704,113,'+',0,'18787'),
(2103,186,3705,113,'+',0,'18795'),
(2104,186,3706,113,'+',0,'18798'),
(2105,186,3707,113,'+',0,'18799'),
(2106,186,3708,113,'+',0,'18759'),
(2107,186,3709,113,'+',0,'3689'),
(2108,186,3709,113,'-',0,'3690'),
(2109,186,3709,113,'-',0,'3691'),
(2110,186,3709,113,'-',0,'3699'),
(2111,186,3709,113,'-',0,'3702'),
(2112,186,3709,113,'-',0,'3706'),
(2113,186,3709,113,'+',0,'3708'),
(2114,186,3710,113,'+',0,'18760'),
(2115,186,3711,113,'+',0,'18762'),
(2116,186,3712,113,'+',0,'18803'),
(2117,186,3713,113,'+',0,'18808'),
(2118,186,3714,113,'+',0,'18810'),
(2119,186,3715,113,'+',0,'18811'),
(2120,186,3716,113,'+',0,'18812'),
(2121,186,3717,113,'+',0,'18813'),
(2122,186,3718,113,'+',0,'3710'),
(2123,186,3718,113,'-',0,'3712'),
(2124,186,3718,113,'+',0,'3709'),
(2125,186,3719,113,'+',0,'18815'),
(2126,186,3720,113,'+',0,'3718'),
(2127,186,3720,113,'-',0,'3719'),
(2128,189,3804,114,'+',0,'18918'),
(2129,189,3804,114,'+',0,'18919'),
(2130,189,3805,114,'+',0,'18926'),
(2131,189,3805,114,'+',0,'18927'),
(2132,189,3806,114,'+',0,'18928'),
(2133,189,3807,114,'+',0,'18869'),
(2134,189,3808,114,'+',0,'18870'),
(2135,189,3809,114,'+',0,'18874'),
(2136,189,3810,114,'+',0,'18871'),
(2137,189,3811,114,'+',0,'18873'),
(2138,189,3812,114,'+',0,'18876'),
(2139,189,3812,114,'+',0,'18875'),
(2140,189,3812,114,'+',0,'18877'),
(2141,189,3812,114,'+',0,'18883'),
(2142,189,3813,114,'+',0,'18879'),
(2143,189,3813,114,'+',0,'18881'),
(2144,189,3813,114,'+',0,'18882'),
(2145,189,3814,114,'+',0,'18929'),
(2146,189,3815,114,'+',0,'18939'),
(2147,189,3816,114,'+',0,'18944'),
(2148,189,3816,114,'+',0,'18945'),
(2149,189,3817,114,'+',0,'18946'),
(2150,189,3818,114,'+',0,'18955'),
(2151,189,3819,114,'+',0,'18948'),
(2152,189,3820,114,'+',0,'18956'),
(2153,189,3821,114,'+',0,'18959'),
(2154,189,3822,114,'+',0,'18960'),
(2155,189,3823,114,'+',0,'18920'),
(2156,189,3824,114,'+',0,'3804'),
(2157,189,3824,114,'-',0,'3805'),
(2158,189,3824,114,'-',0,'3806'),
(2159,189,3824,114,'-',0,'3814'),
(2160,189,3824,114,'-',0,'3817'),
(2161,189,3824,114,'-',0,'3821'),
(2162,189,3824,114,'+',0,'3823'),
(2163,189,3825,114,'+',0,'18921'),
(2164,189,3826,114,'+',0,'18923'),
(2165,189,3827,114,'+',0,'18964'),
(2166,189,3828,114,'+',0,'18969'),
(2167,189,3829,114,'+',0,'18971'),
(2168,189,3830,114,'+',0,'18972'),
(2169,189,3831,114,'+',0,'18973'),
(2170,189,3832,114,'+',0,'18974'),
(2171,189,3833,114,'+',0,'3825'),
(2172,189,3833,114,'-',0,'3827'),
(2173,189,3833,114,'+',0,'3824'),
(2174,189,3834,114,'+',0,'18976'),
(2175,189,3835,114,'+',0,'3833'),
(2176,189,3835,114,'-',0,'3834');
DROP TABLE IF EXISTS  `fxy_financial_subject`;
CREATE TABLE `fxy_financial_subject` (
  `id` int(11) NOT NULL AUTO_INCREMENT,
  `type` enum('资产','负债','权益','成本','损益','共同') COLLATE utf8mb4_bin NOT NULL DEFAULT '资产' COMMENT '科目类型',
  `code` varchar(32) COLLATE utf8mb4_bin NOT NULL COMMENT '科目编码',
  `name` varchar(64) COLLATE utf8mb4_bin NOT NULL COMMENT '科目名称',
  `mnemonic_code` varchar(32) COLLATE utf8mb4_bin DEFAULT NULL COMMENT '助记码',
  `balance_direction` enum('借','贷') COLLATE utf8mb4_bin DEFAULT NULL COMMENT '余额方向',
  `status` bit(1) NOT NULL DEFAULT b'1' COMMENT '状态',
  `parent_id` int(11) DEFAULT NULL COMMENT '上级科目',
  `level` smallint(6) NOT NULL DEFAULT '1' COMMENT '所在级别',
  `system_default` bit(1) NOT NULL DEFAULT b'0' COMMENT '是否为系统默认',
  `account_sets_id` int(11) DEFAULT NULL,
  `balance` double DEFAULT NULL COMMENT '科目余额',
  `unit` varchar(20) COLLATE utf8mb4_bin DEFAULT NULL COMMENT '单位',
  `auxiliary_accounting` varchar(256) COLLATE utf8mb4_bin DEFAULT NULL COMMENT '辅助核算',
  PRIMARY KEY (`id`) USING BTREE,
  KEY `fxy_financial_subject_account_sets_id_name_index` (`account_sets_id`,`name`) USING BTREE
) ENGINE=InnoDB AUTO_INCREMENT=18977 DEFAULT CHARSET=utf8mb4 COLLATE=utf8mb4_bin COMMENT='科目';

insert into `fxy_financial_subject`(`id`,`type`,`code`,`name`,`mnemonic_code`,`balance_direction`,`status`,`parent_id`,`level`,`system_default`,`account_sets_id`,`balance`,`unit`,`auxiliary_accounting`) values
(15427,'资产','1001','库存现金','kcxj','借',b'1',0,1,b'1',92,null,'',''),
(15428,'资产','1002','银行存款','yhck','借',b'1',0,1,b'1',92,null,'',''),
(15429,'资产','1012','其他货币资金','qthbzj','借',b'1',0,1,b'1',92,null,'',''),
(15430,'资产','1101','短期投资','dqtz','借',b'1',0,1,b'1',92,null,'',''),
(15431,'资产','110101','股票','dqtz_gp','借',b'1',15430,2,b'1',92,null,'',''),
(15432,'资产','110102','债券','dqtz_zq','借',b'1',15430,2,b'1',92,null,'',''),
(15433,'资产','110103','基金','dqtz_jj','借',b'1',15430,2,b'1',92,null,'',''),
(15434,'资产','1121','应收票据','yspj','借',b'1',0,1,b'1',92,null,'',''),
(15435,'资产','1122','应收账款','yszk','借',b'1',0,1,b'1',92,null,'',''),
(15436,'资产','1123','预付账款','yfzk','借',b'1',0,1,b'1',92,null,'',''),
(15437,'资产','1131','应收股利','ysgl','借',b'1',0,1,b'1',92,null,'',''),
(15438,'资产','1132','应收利息','yslx','借',b'1',0,1,b'1',92,null,'',''),
(15439,'资产','1221','其他应收款','qtysk','借',b'1',0,1,b'1',92,null,'',''),
(15440,'资产','1401','材料采购','clcg','借',b'1',0,1,b'1',92,null,'',''),
(15441,'资产','1402','在途物资','ztwz','借',b'1',0,1,b'1',92,null,'',''),
(15442,'资产','1403','原材料','ycl','借',b'1',0,1,b'1',92,null,'',''),
(15443,'资产','1404','材料成本差异','clcbcy','借',b'1',0,1,b'1',92,null,'',''),
(15444,'资产','1405','库存商品','kcsp','借',b'1',0,1,b'1',92,null,'',''),
(15445,'资产','1407','商品进销差价','spjxcj','借',b'1',0,1,b'1',92,null,'',''),
(15446,'资产','1408','委托加工物资','wtjgwz','借',b'1',0,1,b'1',92,null,'',''),
(15447,'资产','1411','周转材料','zzcl','借',b'1',0,1,b'1',92,null,'',''),
(15448,'资产','1421','消耗性生物资产','xhxswzc','借',b'1',0,1,b'1',92,null,'',''),
(15449,'资产','1501','长期债券投资','cqzqtz','借',b'1',0,1,b'1',92,null,'',''),
(15450,'资产','1511','长期股权投资','cqgqtz','借',b'1',0,1,b'1',92,null,'',''),
(15451,'资产','1601','固定资产','gdzc','借',b'1',0,1,b'1',92,null,'',''),
(15452,'资产','1602','累计折旧','ljzj','贷',b'1',0,1,b'1',92,null,'',''),
(15453,'资产','1604','在建工程','zjgc','借',b'1',0,1,b'1',92,null,'',''),
(15454,'资产','1605','工程物资','gcwz','借',b'1',0,1,b'1',92,null,'',''),
(15455,'资产','1606','固定资产清理','gdzcql','借',b'1',0,1,b'1',92,null,'',''),
(15456,'资产','1621','生产性生物资产','scxswzc','借',b'1',0,1,b'1',92,null,'',''),
(15457,'资产','1622','生产性生物资产累计折旧','scxswzcljzj','借',b'1',0,1,b'1',92,null,'',''),
(15458,'资产','1701','无形资产','wxzc','借',b'1',0,1,b'1',92,null,'',''),
(15459,'资产','1702','累计摊销','ljtx','借',b'1',0,1,b'1',92,null,'',''),
(15460,'资产','1801','长期待摊费用','cqdtfy','借',b'1',0,1,b'1',92,null,'',''),
(15461,'资产','1901','待处理财产损溢','dclccsy','借',b'1',0,1,b'1',92,null,'',''),
(15462,'负债','2001','短期借款','dqjk','贷',b'1',0,1,b'1',92,null,'',''),
(15463,'负债','2201','应付票据','yfpj','贷',b'1',0,1,b'1',92,null,'',''),
(15464,'负债','2202','应付账款','yfzk','贷',b'1',0,1,b'1',92,null,'',''),
(15465,'负债','2203','预收账款','yszk','贷',b'1',0,1,b'1',92,null,'',''),
(15466,'负债','2211','应付职工薪酬','yfzgxc','贷',b'1',0,1,b'1',92,null,'',''),
(15467,'负债','2221','应交税费','yjsf','贷',b'1',0,1,b'1',92,null,'',''),
(15468,'负债','222101','应交增值税','yjsf_yjzzs','贷',b'1',15467,2,b'1',92,null,'',''),
(15469,'负债','22210101','进项税额','yjsf_yjzzs_jxse','贷',b'1',15468,3,b'1',92,null,'',''),
(15470,'负债','22210102','已交税金','yjsf_yjzzs_yjsj','贷',b'1',15468,3,b'1',92,null,'',''),
(15471,'负债','22210103','转出未交增值税','yjsf_yjzzs_zcwjzzs','贷',b'1',15468,3,b'1',92,null,'',''),
(15472,'负债','22210104','减免税款','yjsf_yjzzs_jmsk','贷',b'1',15468,3,b'1',92,null,'',''),
(15473,'负债','22210105','销项税额','yjsf_yjzzs_xxse','贷',b'1',15468,3,b'1',92,null,'',''),
(15474,'负债','22210106','出口退税','yjsf_yjzzs_ckts','贷',b'1',15468,3,b'1',92,null,'',''),
(15475,'负债','22210107','进项税额转出','yjsf_yjzzs_jxsezc','贷',b'1',15468,3,b'1',92,null,'',''),
(15476,'负债','22210108','出口抵减内销产品应纳税额','yjsf_yjzzs_ckdjnxcpynse','贷',b'1',15468,3,b'1',92,null,'',''),
(15477,'负债','22210109','转出多交增值税','yjsf_yjzzs_zcdjzzs','贷',b'1',15468,3,b'1',92,null,'',''),
(15478,'负债','22210110','销项税额抵减','yjsf_yjzzs_xxsedj','贷',b'1',15468,3,b'1',92,null,'',''),
(15479,'负债','222102','未交增值税','yjsf_wjzzs','贷',b'1',15467,2,b'1',92,null,'',''),
(15480,'负债','222103','应交消费税','yjsf_yjxfs','贷',b'1',15467,2,b'1',92,null,'',''),
(15481,'负债','222104','应交营业税','yjsf_yjyys','贷',b'1',15467,2,b'1',92,null,'',''),
(15482,'负债','222105','应交资源税','yjsf_yjzys','贷',b'1',15467,2,b'1',92,null,'',''),
(15483,'负债','222106','应交所得税','yjsf_yjsds','贷',b'1',15467,2,b'1',92,null,'',''),
(15484,'负债','222107','应交土地增值税','yjsf_yjtdzzs','贷',b'1',15467,2,b'1',92,null,'',''),
(15485,'负债','222108','应交城市维护建设税','yjsf_yjcswhjss','贷',b'1',15467,2,b'1',92,null,'',''),
(15486,'负债','222109','应交房产税','yjsf_yjfcs','贷',b'1',15467,2,b'1',92,null,'',''),
(15487,'负债','222110','应交城镇土地使用税','yjsf_yjcztdsys','贷',b'1',15467,2,b'1',92,null,'',''),
(15488,'负债','222111','应交车船使用税','yjsf_yjccsys','贷',b'1',15467,2,b'1',92,null,'',''),
(15489,'负债','222112','应交个人所得税','yjsf_yjgrsds','贷',b'1',15467,2,b'1',92,null,'',''),
(15490,'负债','222113','教育费附加','yjsf_jyffj','贷',b'1',15467,2,b'1',92,null,'',''),
(15491,'负债','222114','地方教育费附加','yjsf_dfjyffj','贷',b'1',15467,2,b'1',92,null,'',''),
(15492,'负债','222115','矿产资源补偿费','yjsf_kczybcf','贷',b'1',15467,2,b'1',92,null,'',''),
(15493,'负债','222116','排污费','yjsf_pwf','贷',b'1',15467,2,b'1',92,null,'',''),
(15494,'负债','222117','印花税','yjsf_yhs','贷',b'1',15467,2,b'1',92,null,'',''),
(15495,'负债','222118','预交增值税','yjsf_yjzzs','贷',b'1',15467,2,b'1',92,null,'',''),
(15496,'负债','222119','待抵扣进项税额','yjsf_ddkjxse','贷',b'1',15467,2,b'1',92,null,'',''),
(15497,'负债','222120','待认证进项税额','yjsf_drzjxse','贷',b'1',15467,2,b'1',92,null,'',''),
(15498,'负债','222121','待转销项税额','yjsf_dzxxse','贷',b'1',15467,2,b'1',92,null,'',''),
(15499,'负债','222122','增值税留抵税额','yjsf_zzsldse','贷',b'1',15467,2,b'1',92,null,'',''),
(15500,'负债','222123','简易计税','yjsf_jyjs','贷',b'1',15467,2,b'1',92,null,'',''),
(15501,'负债','222124','转让金融商品应交增值税','yjsf_zrjrspyjzzs','贷',b'1',15467,2,b'1',92,null,'',''),
(15502,'负债','222125','代扣代交增值税','yjsf_dkdjzzs','贷',b'1',15467,2,b'1',92,null,'',''),
(15503,'负债','222126','应交增值税（小规模纳税人专用）','yjsf_yjzzs（xgmnsrzy）','贷',b'1',15467,2,b'1',92,null,'',''),
(15504,'负债','2231','应付利息','yflx','贷',b'1',0,1,b'1',92,null,'',''),
(15505,'负债','2232','应付利润','yflr','贷',b'1',0,1,b'1',92,null,'',''),
(15506,'负债','2241','其他应付款','qtyfk','贷',b'1',0,1,b'1',92,null,'',''),
(15507,'负债','2401','递延收益','dysy','贷',b'1',0,1,b'1',92,null,'',''),
(15508,'负债','2501','长期借款','cqjk','贷',b'1',0,1,b'1',92,null,'',''),
(15509,'负债','2701','长期应付款','cqyfk','贷',b'1',0,1,b'1',92,null,'',''),
(15510,'权益','3001','实收资本','sszb','贷',b'1',0,1,b'1',92,null,'',''),
(15511,'权益','3002','资本公积','zbgj','贷',b'1',0,1,b'1',92,null,'',''),
(15512,'权益','3101','盈余公积','yygj','贷',b'1',0,1,b'1',92,null,'',''),
(15513,'权益','310101','法定盈余公积','yygj_fdyygj','贷',b'1',15512,2,b'1',92,null,'',''),
(15514,'权益','310102','任意盈余公积','yygj_ryyygj','贷',b'1',15512,2,b'1',92,null,'',''),
(15515,'权益','310103','法定公益金','yygj_fdgyj','贷',b'1',15512,2,b'1',92,null,'',''),
(15516,'权益','3103','本年利润','bnlr','贷',b'1',0,1,b'1',92,null,'',''),
(15517,'权益','3104','利润分配','lrfp','贷',b'1',0,1,b'1',92,null,'',''),
(15518,'权益','310401','其他转入','lrfp_qtzr','贷',b'1',15517,2,b'1',92,null,'',''),
(15519,'权益','310402','提取法定盈余公积','lrfp_tqfdyygj','贷',b'1',15517,2,b'1',92,null,'',''),
(15520,'权益','310403','提取法定公益金','lrfp_tqfdgyj','贷',b'1',15517,2,b'1',92,null,'',''),
(15521,'权益','310404','提取任意盈余公积','lrfp_tqryyygj','贷',b'1',15517,2,b'1',92,null,'',''),
(15522,'权益','310405','应付利润','lrfp_yflr','贷',b'1',15517,2,b'1',92,null,'',''),
(15523,'权益','310406','未分配利润','lrfp_wfplr','贷',b'1',15517,2,b'1',92,null,'',''),
(15524,'成本','4001','生产成本','sccb','借',b'1',0,1,b'1',92,null,'',''),
(15525,'成本','4101','制造费用','zzfy','借',b'1',0,1,b'1',92,null,'',''),
(15526,'成本','4301','研发支出','yfzc','借',b'1',0,1,b'1',92,null,'',''),
(15527,'成本','4401','工程施工','gcsg','借',b'1',0,1,b'1',92,null,'',''),
(15528,'成本','4403','机械作业','jxzy','借',b'1',0,1,b'1',92,null,'',''),
(15529,'损益','5001','主营业务收入','zyywsr','贷',b'1',0,1,b'1',92,null,'',''),
(15530,'损益','5051','其他业务收入','qtywsr','贷',b'1',0,1,b'1',92,null,'',''),
(15531,'损益','5111','投资收益','tzsy','贷',b'1',0,1,b'1',92,null,'',''),
(15532,'损益','5301','营业外收入','yywsr','贷',b'1',0,1,b'1',92,null,'',''),
(15533,'损益','530101','非流动资产处置净收益','yywsr_fldzcczjsy','贷',b'1',15532,2,b'1',92,null,'',''),
(15534,'损益','530102','政府补助','yywsr_zfbz','贷',b'1',15532,2,b'1',92,null,'',''),
(15535,'损益','530103','捐赠收益','yywsr_jzsy','贷',b'1',15532,2,b'1',92,null,'',''),
(15536,'损益','530104','盘盈收益','yywsr_pysy','贷',b'1',15532,2,b'1',92,null,'',''),
(15537,'损益','5401','主营业务成本','zyywcb','借',b'1',0,1,b'1',92,null,'',''),
(15538,'损益','5402','其他业务成本','qtywcb','借',b'1',0,1,b'1',92,null,'',''),
(15539,'损益','5403','税金及附加','sjjfj','借',b'1',0,1,b'1',92,null,'',''),
(15540,'损益','5601','销售费用','xsfy','借',b'1',0,1,b'1',92,null,'',''),
(15541,'损益','560101','销售人员职工薪酬','xsfy_xsryzgxc','借',b'1',15540,2,b'1',92,null,'',''),
(15542,'损益','560102','业务招待费','xsfy_ywzdf','借',b'1',15540,2,b'1',92,null,'',''),
(15543,'损益','560103','修理费','xsfy_xlf','借',b'1',15540,2,b'1',92,null,'',''),
(15544,'损益','560104','办公费','xsfy_bgf','借',b'1',15540,2,b'1',92,null,'',''),
(15545,'损益','560105','水电费','xsfy_sdf','借',b'1',15540,2,b'1',92,null,'',''),
(15546,'损益','560106','差旅费','xsfy_clf','借',b'1',15540,2,b'1',92,null,'',''),
(15547,'损益','560107','折旧费','xsfy_zjf','借',b'1',15540,2,b'1',92,null,'',''),
(15548,'损益','560108','摊销费','xsfy_txf','借',b'1',15540,2,b'1',92,null,'',''),
(15549,'损益','560109','展览费','xsfy_zlf','借',b'1',15540,2,b'1',92,null,'',''),
(15550,'损益','560110','商品维修费','xsfy_spwxf','借',b'1',15540,2,b'1',92,null,'',''),
(15551,'损益','560111','运输费','xsfy_ysf','借',b'1',15540,2,b'1',92,null,'',''),
(15552,'损益','560112','装卸费','xsfy_zxf','借',b'1',15540,2,b'1',92,null,'',''),
(15553,'损益','560113','包装费','xsfy_bzf','借',b'1',15540,2,b'1',92,null,'',''),
(15554,'损益','560114','保险费','xsfy_bxf','借',b'1',15540,2,b'1',92,null,'',''),
(15555,'损益','560115','广告费','xsfy_ggf','借',b'1',15540,2,b'1',92,null,'',''),
(15556,'损益','560116','业务宣传费','xsfy_ywxcf','借',b'1',15540,2,b'1',92,null,'',''),
(15557,'损益','5602','管理费用','glfy','借',b'1',0,1,b'1',92,null,'',''),
(15558,'损益','560201','管理人员职工薪酬','glfy_glryzgxc','借',b'1',15557,2,b'1',92,null,'',''),
(15559,'损益','560202','业务招待费','glfy_ywzdf','借',b'1',15557,2,b'1',92,null,'',''),
(15560,'损益','560203','修理费','glfy_xlf','借',b'1',15557,2,b'1',92,null,'',''),
(15561,'损益','560204','办公费','glfy_bgf','借',b'1',15557,2,b'1',92,null,'',''),
(15562,'损益','560205','水电费','glfy_sdf','借',b'1',15557,2,b'1',92,null,'',''),
(15563,'损益','560206','差旅费','glfy_clf','借',b'1',15557,2,b'1',92,null,'',''),
(15564,'损益','560207','折旧费','glfy_zjf','借',b'1',15557,2,b'1',92,null,'',''),
(15565,'损益','560208','摊销费','glfy_txf','借',b'1',15557,2,b'1',92,null,'',''),
(15566,'损益','560209','开办费','glfy_kbf','借',b'1',15557,2,b'1',92,null,'',''),
(15567,'损益','560210','研究费用','glfy_yjfy','借',b'1',15557,2,b'1',92,null,'',''),
(15568,'损益','560211','咨询费','glfy_zxf','借',b'1',15557,2,b'1',92,null,'',''),
(15569,'损益','560212','长期待摊费用摊销','glfy_cqdtfytx','借',b'1',15557,2,b'1',92,null,'',''),
(15570,'损益','5603','财务费用','cwfy','借',b'1',0,1,b'1',92,null,'',''),
(15571,'损益','560301','利息费用','cwfy_lxfy','借',b'1',15570,2,b'1',92,null,'',''),
(15572,'损益','560302','手续费','cwfy_sxf','借',b'1',15570,2,b'1',92,null,'',''),
(15573,'损益','560303','汇兑损益','cwfy_hdsy','借',b'1',15570,2,b'1',92,null,'',''),
(15574,'损益','560304','现金折扣','cwfy_xjzk','借',b'1',15570,2,b'1',92,null,'',''),
(15575,'损益','5711','营业外支出','yywzc','借',b'1',0,1,b'1',92,null,'',''),
(15576,'损益','571101','非流动资产处置净损失','yywzc_fldzcczjss','借',b'1',15575,2,b'1',92,null,'',''),
(15577,'损益','571102','赞助支出','yywzc_zzzc','借',b'1',15575,2,b'1',92,null,'',''),
(15578,'损益','571103','捐赠支出','yywzc_jzzc','借',b'1',15575,2,b'1',92,null,'',''),
(15579,'损益','571104','盘亏损失','yywzc_pkss','借',b'1',15575,2,b'1',92,null,'',''),
(15580,'损益','571105','坏账损失','yywzc_hzss','借',b'1',15575,2,b'1',92,null,'',''),
(15581,'损益','571106','存货毁损报废损失','yywzc_chhsbfss','借',b'1',15575,2,b'1',92,null,'',''),
(15582,'损益','571107','无法收回的长期债券投资损失','yywzc_wfshdcqzqtzss','借',b'1',15575,2,b'1',92,null,'',''),
(15583,'损益','571108','无法收回的长期股权投资损失','yywzc_wfshdcqgqtzss','借',b'1',15575,2,b'1',92,null,'',''),
(15584,'损益','571109','自然灾害等不可抗力因素造成的损失','yywzc_zrzhdbkklyszcdss','借',b'1',15575,2,b'1',92,null,'',''),
(15585,'损益','571110','税收滞纳金','yywzc_ssznj','借',b'1',15575,2,b'1',92,null,'',''),
(15586,'损益','571111','罚款支出','yywzc_fkzc','借',b'1',15575,2,b'1',92,null,'',''),
(15587,'损益','5801','所得税费用','sdsfy','借',b'1',0,1,b'1',92,null,'',''),
(15588,'资产','1001','库存现金','kcxj','借',b'1',0,1,b'1',93,null,'',''),
(15589,'资产','1002','银行存款','yhck','借',b'1',0,1,b'1',93,null,'',''),
(15590,'资产','1012','其他货币资金','qthbzj','借',b'1',0,1,b'1',93,null,'',''),
(15591,'资产','1101','短期投资','dqtz','借',b'1',0,1,b'1',93,null,'',''),
(15592,'资产','110101','股票','dqtz_gp','借',b'1',15591,2,b'1',93,null,'',''),
(15593,'资产','110102','债券','dqtz_zq','借',b'1',15591,2,b'1',93,null,'',''),
(15594,'资产','110103','基金','dqtz_jj','借',b'1',15591,2,b'1',93,null,'',''),
(15595,'资产','1121','应收票据','yspj','借',b'1',0,1,b'1',93,null,'',''),
(15596,'资产','1122','应收账款','yszk','借',b'1',0,1,b'1',93,null,'',''),
(15597,'资产','1123','预付账款','yfzk','借',b'1',0,1,b'1',93,null,'',''),
(15598,'资产','1131','应收股利','ysgl','借',b'1',0,1,b'1',93,null,'',''),
(15599,'资产','1132','应收利息','yslx','借',b'1',0,1,b'1',93,null,'',''),
(15600,'资产','1221','其他应收款','qtysk','借',b'1',0,1,b'1',93,null,'',''),
(15601,'资产','1401','材料采购','clcg','借',b'1',0,1,b'1',93,null,'',''),
(15602,'资产','1402','在途物资','ztwz','借',b'1',0,1,b'1',93,null,'',''),
(15603,'资产','1403','原材料','ycl','借',b'1',0,1,b'1',93,null,'',''),
(15604,'资产','1404','材料成本差异','clcbcy','借',b'1',0,1,b'1',93,null,'',''),
(15605,'资产','1405','库存商品','kcsp','借',b'1',0,1,b'1',93,null,'',''),
(15606,'资产','1407','商品进销差价','spjxcj','借',b'1',0,1,b'1',93,null,'',''),
(15607,'资产','1408','委托加工物资','wtjgwz','借',b'1',0,1,b'1',93,null,'',''),
(15608,'资产','1411','周转材料','zzcl','借',b'1',0,1,b'1',93,null,'',''),
(15609,'资产','1421','消耗性生物资产','xhxswzc','借',b'1',0,1,b'1',93,null,'',''),
(15610,'资产','1501','长期债券投资','cqzqtz','借',b'1',0,1,b'1',93,null,'',''),
(15611,'资产','1511','长期股权投资','cqgqtz','借',b'1',0,1,b'1',93,null,'',''),
(15612,'资产','1601','固定资产','gdzc','借',b'1',0,1,b'1',93,null,'',''),
(15613,'资产','1602','累计折旧','ljzj','贷',b'1',0,1,b'1',93,null,'',''),
(15614,'资产','1604','在建工程','zjgc','借',b'1',0,1,b'1',93,null,'',''),
(15615,'资产','1605','工程物资','gcwz','借',b'1',0,1,b'1',93,null,'',''),
(15616,'资产','1606','固定资产清理','gdzcql','借',b'1',0,1,b'1',93,null,'',''),
(15617,'资产','1621','生产性生物资产','scxswzc','借',b'1',0,1,b'1',93,null,'',''),
(15618,'资产','1622','生产性生物资产累计折旧','scxswzcljzj','借',b'1',0,1,b'1',93,null,'',''),
(15619,'资产','1701','无形资产','wxzc','借',b'1',0,1,b'1',93,null,'',''),
(15620,'资产','1702','累计摊销','ljtx','借',b'1',0,1,b'1',93,null,'',''),
(15621,'资产','1801','长期待摊费用','cqdtfy','借',b'1',0,1,b'1',93,null,'',''),
(15622,'资产','1901','待处理财产损溢','dclccsy','借',b'1',0,1,b'1',93,null,'',''),
(15623,'负债','2001','短期借款','dqjk','贷',b'1',0,1,b'1',93,null,'',''),
(15624,'负债','2201','应付票据','yfpj','贷',b'1',0,1,b'1',93,null,'',''),
(15625,'负债','2202','应付账款','yfzk','贷',b'1',0,1,b'1',93,null,'',''),
(15626,'负债','2203','预收账款','yszk','贷',b'1',0,1,b'1',93,null,'',''),
(15627,'负债','2211','应付职工薪酬','yfzgxc','贷',b'1',0,1,b'1',93,null,'',''),
(15628,'负债','2221','应交税费','yjsf','贷',b'1',0,1,b'1',93,null,'',''),
(15629,'负债','222101','应交增值税','yjsf_yjzzs','贷',b'1',15628,2,b'1',93,null,'',''),
(15630,'负债','22210101','进项税额','yjsf_yjzzs_jxse','贷',b'1',15629,3,b'1',93,null,'',''),
(15631,'负债','22210102','已交税金','yjsf_yjzzs_yjsj','贷',b'1',15629,3,b'1',93,null,'',''),
(15632,'负债','22210103','转出未交增值税','yjsf_yjzzs_zcwjzzs','贷',b'1',15629,3,b'1',93,null,'',''),
(15633,'负债','22210104','减免税款','yjsf_yjzzs_jmsk','贷',b'1',15629,3,b'1',93,null,'',''),
(15634,'负债','22210105','销项税额','yjsf_yjzzs_xxse','贷',b'1',15629,3,b'1',93,null,'',''),
(15635,'负债','22210106','出口退税','yjsf_yjzzs_ckts','贷',b'1',15629,3,b'1',93,null,'',''),
(15636,'负债','22210107','进项税额转出','yjsf_yjzzs_jxsezc','贷',b'1',15629,3,b'1',93,null,'',''),
(15637,'负债','22210108','出口抵减内销产品应纳税额','yjsf_yjzzs_ckdjnxcpynse','贷',b'1',15629,3,b'1',93,null,'',''),
(15638,'负债','22210109','转出多交增值税','yjsf_yjzzs_zcdjzzs','贷',b'1',15629,3,b'1',93,null,'',''),
(15639,'负债','22210110','销项税额抵减','yjsf_yjzzs_xxsedj','贷',b'1',15629,3,b'1',93,null,'',''),
(15640,'负债','222102','未交增值税','yjsf_wjzzs','贷',b'1',15628,2,b'1',93,null,'',''),
(15641,'负债','222103','应交消费税','yjsf_yjxfs','贷',b'1',15628,2,b'1',93,null,'',''),
(15642,'负债','222104','应交营业税','yjsf_yjyys','贷',b'1',15628,2,b'1',93,null,'',''),
(15643,'负债','222105','应交资源税','yjsf_yjzys','贷',b'1',15628,2,b'1',93,null,'',''),
(15644,'负债','222106','应交所得税','yjsf_yjsds','贷',b'1',15628,2,b'1',93,null,'',''),
(15645,'负债','222107','应交土地增值税','yjsf_yjtdzzs','贷',b'1',15628,2,b'1',93,null,'',''),
(15646,'负债','222108','应交城市维护建设税','yjsf_yjcswhjss','贷',b'1',15628,2,b'1',93,null,'',''),
(15647,'负债','222109','应交房产税','yjsf_yjfcs','贷',b'1',15628,2,b'1',93,null,'',''),
(15648,'负债','222110','应交城镇土地使用税','yjsf_yjcztdsys','贷',b'1',15628,2,b'1',93,null,'',''),
(15649,'负债','222111','应交车船使用税','yjsf_yjccsys','贷',b'1',15628,2,b'1',93,null,'',''),
(15650,'负债','222112','应交个人所得税','yjsf_yjgrsds','贷',b'1',15628,2,b'1',93,null,'',''),
(15651,'负债','222113','教育费附加','yjsf_jyffj','贷',b'1',15628,2,b'1',93,null,'',''),
(15652,'负债','222114','地方教育费附加','yjsf_dfjyffj','贷',b'1',15628,2,b'1',93,null,'',''),
(15653,'负债','222115','矿产资源补偿费','yjsf_kczybcf','贷',b'1',15628,2,b'1',93,null,'',''),
(15654,'负债','222116','排污费','yjsf_pwf','贷',b'1',15628,2,b'1',93,null,'',''),
(15655,'负债','222117','印花税','yjsf_yhs','贷',b'1',15628,2,b'1',93,null,'',''),
(15656,'负债','222118','预交增值税','yjsf_yjzzs','贷',b'1',15628,2,b'1',93,null,'',''),
(15657,'负债','222119','待抵扣进项税额','yjsf_ddkjxse','贷',b'1',15628,2,b'1',93,null,'',''),
(15658,'负债','222120','待认证进项税额','yjsf_drzjxse','贷',b'1',15628,2,b'1',93,null,'',''),
(15659,'负债','222121','待转销项税额','yjsf_dzxxse','贷',b'1',15628,2,b'1',93,null,'',''),
(15660,'负债','222122','增值税留抵税额','yjsf_zzsldse','贷',b'1',15628,2,b'1',93,null,'',''),
(15661,'负债','222123','简易计税','yjsf_jyjs','贷',b'1',15628,2,b'1',93,null,'',''),
(15662,'负债','222124','转让金融商品应交增值税','yjsf_zrjrspyjzzs','贷',b'1',15628,2,b'1',93,null,'',''),
(15663,'负债','222125','代扣代交增值税','yjsf_dkdjzzs','贷',b'1',15628,2,b'1',93,null,'',''),
(15664,'负债','222126','应交增值税（小规模纳税人专用）','yjsf_yjzzs（xgmnsrzy）','贷',b'1',15628,2,b'1',93,null,'',''),
(15665,'负债','2231','应付利息','yflx','贷',b'1',0,1,b'1',93,null,'',''),
(15666,'负债','2232','应付利润','yflr','贷',b'1',0,1,b'1',93,null,'',''),
(15667,'负债','2241','其他应付款','qtyfk','贷',b'1',0,1,b'1',93,null,'',''),
(15668,'负债','2401','递延收益','dysy','贷',b'1',0,1,b'1',93,null,'',''),
(15669,'负债','2501','长期借款','cqjk','贷',b'1',0,1,b'1',93,null,'',''),
(15670,'负债','2701','长期应付款','cqyfk','贷',b'1',0,1,b'1',93,null,'',''),
(15671,'权益','3001','实收资本','sszb','贷',b'1',0,1,b'1',93,null,'',''),
(15672,'权益','3002','资本公积','zbgj','贷',b'1',0,1,b'1',93,null,'',''),
(15673,'权益','3101','盈余公积','yygj','贷',b'1',0,1,b'1',93,null,'',''),
(15674,'权益','310101','法定盈余公积','yygj_fdyygj','贷',b'1',15673,2,b'1',93,null,'',''),
(15675,'权益','310102','任意盈余公积','yygj_ryyygj','贷',b'1',15673,2,b'1',93,null,'',''),
(15676,'权益','310103','法定公益金','yygj_fdgyj','贷',b'1',15673,2,b'1',93,null,'',''),
(15677,'权益','3103','本年利润','bnlr','贷',b'1',0,1,b'1',93,null,'',''),
(15678,'权益','3104','利润分配','lrfp','贷',b'1',0,1,b'1',93,null,'',''),
(15679,'权益','310401','其他转入','lrfp_qtzr','贷',b'1',15678,2,b'1',93,null,'',''),
(15680,'权益','310402','提取法定盈余公积','lrfp_tqfdyygj','贷',b'1',15678,2,b'1',93,null,'',''),
(15681,'权益','310403','提取法定公益金','lrfp_tqfdgyj','贷',b'1',15678,2,b'1',93,null,'',''),
(15682,'权益','310404','提取任意盈余公积','lrfp_tqryyygj','贷',b'1',15678,2,b'1',93,null,'',''),
(15683,'权益','310405','应付利润','lrfp_yflr','贷',b'1',15678,2,b'1',93,null,'',''),
(15684,'权益','310406','未分配利润','lrfp_wfplr','贷',b'1',15678,2,b'1',93,null,'',''),
(15685,'成本','4001','生产成本','sccb','借',b'1',0,1,b'1',93,null,'',''),
(15686,'成本','4101','制造费用','zzfy','借',b'1',0,1,b'1',93,null,'',''),
(15687,'成本','4301','研发支出','yfzc','借',b'1',0,1,b'1',93,null,'',''),
(15688,'成本','4401','工程施工','gcsg','借',b'1',0,1,b'1',93,null,'',''),
(15689,'成本','4403','机械作业','jxzy','借',b'1',0,1,b'1',93,null,'',''),
(15690,'损益','5001','主营业务收入','zyywsr','贷',b'1',0,1,b'1',93,null,'',''),
(15691,'损益','5051','其他业务收入','qtywsr','贷',b'1',0,1,b'1',93,null,'',''),
(15692,'损益','5111','投资收益','tzsy','贷',b'1',0,1,b'1',93,null,'',''),
(15693,'损益','5301','营业外收入','yywsr','贷',b'1',0,1,b'1',93,null,'',''),
(15694,'损益','530101','非流动资产处置净收益','yywsr_fldzcczjsy','贷',b'1',15693,2,b'1',93,null,'',''),
(15695,'损益','530102','政府补助','yywsr_zfbz','贷',b'1',15693,2,b'1',93,null,'',''),
(15696,'损益','530103','捐赠收益','yywsr_jzsy','贷',b'1',15693,2,b'1',93,null,'',''),
(15697,'损益','530104','盘盈收益','yywsr_pysy','贷',b'1',15693,2,b'1',93,null,'',''),
(15698,'损益','5401','主营业务成本','zyywcb','借',b'1',0,1,b'1',93,null,'',''),
(15699,'损益','5402','其他业务成本','qtywcb','借',b'1',0,1,b'1',93,null,'',''),
(15700,'损益','5403','税金及附加','sjjfj','借',b'1',0,1,b'1',93,null,'',''),
(15701,'损益','5601','销售费用','xsfy','借',b'1',0,1,b'1',93,null,'',''),
(15702,'损益','560101','销售人员职工薪酬','xsfy_xsryzgxc','借',b'1',15701,2,b'1',93,null,'',''),
(15703,'损益','560102','业务招待费','xsfy_ywzdf','借',b'1',15701,2,b'1',93,null,'',''),
(15704,'损益','560103','修理费','xsfy_xlf','借',b'1',15701,2,b'1',93,null,'',''),
(15705,'损益','560104','办公费','xsfy_bgf','借',b'1',15701,2,b'1',93,null,'',''),
(15706,'损益','560105','水电费','xsfy_sdf','借',b'1',15701,2,b'1',93,null,'',''),
(15707,'损益','560106','差旅费','xsfy_clf','借',b'1',15701,2,b'1',93,null,'',''),
(15708,'损益','560107','折旧费','xsfy_zjf','借',b'1',15701,2,b'1',93,null,'',''),
(15709,'损益','560108','摊销费','xsfy_txf','借',b'1',15701,2,b'1',93,null,'',''),
(15710,'损益','560109','展览费','xsfy_zlf','借',b'1',15701,2,b'1',93,null,'',''),
(15711,'损益','560110','商品维修费','xsfy_spwxf','借',b'1',15701,2,b'1',93,null,'',''),
(15712,'损益','560111','运输费','xsfy_ysf','借',b'1',15701,2,b'1',93,null,'',''),
(15713,'损益','560112','装卸费','xsfy_zxf','借',b'1',15701,2,b'1',93,null,'',''),
(15714,'损益','560113','包装费','xsfy_bzf','借',b'1',15701,2,b'1',93,null,'',''),
(15715,'损益','560114','保险费','xsfy_bxf','借',b'1',15701,2,b'1',93,null,'',''),
(15716,'损益','560115','广告费','xsfy_ggf','借',b'1',15701,2,b'1',93,null,'',''),
(15717,'损益','560116','业务宣传费','xsfy_ywxcf','借',b'1',15701,2,b'1',93,null,'',''),
(15718,'损益','5602','管理费用','glfy','借',b'1',0,1,b'1',93,null,'',''),
(15719,'损益','560201','管理人员职工薪酬','glfy_glryzgxc','借',b'1',15718,2,b'1',93,null,'',''),
(15720,'损益','560202','业务招待费','glfy_ywzdf','借',b'1',15718,2,b'1',93,null,'',''),
(15721,'损益','560203','修理费','glfy_xlf','借',b'1',15718,2,b'1',93,null,'',''),
(15722,'损益','560204','办公费','glfy_bgf','借',b'1',15718,2,b'1',93,null,'',''),
(15723,'损益','560205','水电费','glfy_sdf','借',b'1',15718,2,b'1',93,null,'',''),
(15724,'损益','560206','差旅费','glfy_clf','借',b'1',15718,2,b'1',93,null,'',''),
(15725,'损益','560207','折旧费','glfy_zjf','借',b'1',15718,2,b'1',93,null,'',''),
(15726,'损益','560208','摊销费','glfy_txf','借',b'1',15718,2,b'1',93,null,'',''),
(15727,'损益','560209','开办费','glfy_kbf','借',b'1',15718,2,b'1',93,null,'',''),
(15728,'损益','560210','研究费用','glfy_yjfy','借',b'1',15718,2,b'1',93,null,'',''),
(15729,'损益','560211','咨询费','glfy_zxf','借',b'1',15718,2,b'1',93,null,'',''),
(15730,'损益','560212','长期待摊费用摊销','glfy_cqdtfytx','借',b'1',15718,2,b'1',93,null,'',''),
(15731,'损益','5603','财务费用','cwfy','借',b'1',0,1,b'1',93,null,'',''),
(15732,'损益','560301','利息费用','cwfy_lxfy','借',b'1',15731,2,b'1',93,null,'',''),
(15733,'损益','560302','手续费','cwfy_sxf','借',b'1',15731,2,b'1',93,null,'',''),
(15734,'损益','560303','汇兑损益','cwfy_hdsy','借',b'1',15731,2,b'1',93,null,'',''),
(15735,'损益','560304','现金折扣','cwfy_xjzk','借',b'1',15731,2,b'1',93,null,'',''),
(15736,'损益','5711','营业外支出','yywzc','借',b'1',0,1,b'1',93,null,'',''),
(15737,'损益','571101','非流动资产处置净损失','yywzc_fldzcczjss','借',b'1',15736,2,b'1',93,null,'',''),
(15738,'损益','571102','赞助支出','yywzc_zzzc','借',b'1',15736,2,b'1',93,null,'',''),
(15739,'损益','571103','捐赠支出','yywzc_jzzc','借',b'1',15736,2,b'1',93,null,'',''),
(15740,'损益','571104','盘亏损失','yywzc_pkss','借',b'1',15736,2,b'1',93,null,'',''),
(15741,'损益','571105','坏账损失','yywzc_hzss','借',b'1',15736,2,b'1',93,null,'',''),
(15742,'损益','571106','存货毁损报废损失','yywzc_chhsbfss','借',b'1',15736,2,b'1',93,null,'',''),
(15743,'损益','571107','无法收回的长期债券投资损失','yywzc_wfshdcqzqtzss','借',b'1',15736,2,b'1',93,null,'',''),
(15744,'损益','571108','无法收回的长期股权投资损失','yywzc_wfshdcqgqtzss','借',b'1',15736,2,b'1',93,null,'',''),
(15745,'损益','571109','自然灾害等不可抗力因素造成的损失','yywzc_zrzhdbkklyszcdss','借',b'1',15736,2,b'1',93,null,'',''),
(15746,'损益','571110','税收滞纳金','yywzc_ssznj','借',b'1',15736,2,b'1',93,null,'',''),
(15747,'损益','571111','罚款支出','yywzc_fkzc','借',b'1',15736,2,b'1',93,null,'',''),
(15748,'损益','5801','所得税费用','sdsfy','借',b'1',0,1,b'1',93,null,'',''),
(15749,'资产','1001','库存现金','kcxj','借',b'1',0,1,b'1',94,null,'',''),
(15750,'资产','1002','银行存款','yhck','借',b'1',0,1,b'1',94,null,'',''),
(15751,'资产','1012','其他货币资金','qthbzj','借',b'1',0,1,b'1',94,null,'',''),
(15752,'资产','1101','短期投资','dqtz','借',b'1',0,1,b'1',94,null,'',''),
(15753,'资产','110101','股票','dqtz_gp','借',b'1',15752,2,b'1',94,null,'',''),
(15754,'资产','110102','债券','dqtz_zq','借',b'1',15752,2,b'1',94,null,'',''),
(15755,'资产','110103','基金','dqtz_jj','借',b'1',15752,2,b'1',94,null,'',''),
(15756,'资产','1121','应收票据','yspj','借',b'1',0,1,b'1',94,null,'',''),
(15757,'资产','1122','应收账款','yszk','借',b'1',0,1,b'1',94,null,'',''),
(15758,'资产','1123','预付账款','yfzk','借',b'1',0,1,b'1',94,null,'',''),
(15759,'资产','1131','应收股利','ysgl','借',b'1',0,1,b'1',94,null,'',''),
(15760,'资产','1132','应收利息','yslx','借',b'1',0,1,b'1',94,null,'',''),
(15761,'资产','1221','其他应收款','qtysk','借',b'1',0,1,b'1',94,null,'',''),
(15762,'资产','1401','材料采购','clcg','借',b'1',0,1,b'1',94,null,'',''),
(15763,'资产','1402','在途物资','ztwz','借',b'1',0,1,b'1',94,null,'',''),
(15764,'资产','1403','原材料','ycl','借',b'1',0,1,b'1',94,null,'',''),
(15765,'资产','1404','材料成本差异','clcbcy','借',b'1',0,1,b'1',94,null,'',''),
(15766,'资产','1405','库存商品','kcsp','借',b'1',0,1,b'1',94,null,'',''),
(15767,'资产','1407','商品进销差价','spjxcj','借',b'1',0,1,b'1',94,null,'',''),
(15768,'资产','1408','委托加工物资','wtjgwz','借',b'1',0,1,b'1',94,null,'',''),
(15769,'资产','1411','周转材料','zzcl','借',b'1',0,1,b'1',94,null,'',''),
(15770,'资产','1421','消耗性生物资产','xhxswzc','借',b'1',0,1,b'1',94,null,'',''),
(15771,'资产','1501','长期债券投资','cqzqtz','借',b'1',0,1,b'1',94,null,'',''),
(15772,'资产','1511','长期股权投资','cqgqtz','借',b'1',0,1,b'1',94,null,'',''),
(15773,'资产','1601','固定资产','gdzc','借',b'1',0,1,b'1',94,null,'',''),
(15774,'资产','1602','累计折旧','ljzj','贷',b'1',0,1,b'1',94,null,'',''),
(15775,'资产','1604','在建工程','zjgc','借',b'1',0,1,b'1',94,null,'',''),
(15776,'资产','1605','工程物资','gcwz','借',b'1',0,1,b'1',94,null,'',''),
(15777,'资产','1606','固定资产清理','gdzcql','借',b'1',0,1,b'1',94,null,'',''),
(15778,'资产','1621','生产性生物资产','scxswzc','借',b'1',0,1,b'1',94,null,'',''),
(15779,'资产','1622','生产性生物资产累计折旧','scxswzcljzj','借',b'1',0,1,b'1',94,null,'',''),
(15780,'资产','1701','无形资产','wxzc','借',b'1',0,1,b'1',94,null,'',''),
(15781,'资产','1702','累计摊销','ljtx','借',b'1',0,1,b'1',94,null,'',''),
(15782,'资产','1801','长期待摊费用','cqdtfy','借',b'1',0,1,b'1',94,null,'',''),
(15783,'资产','1901','待处理财产损溢','dclccsy','借',b'1',0,1,b'1',94,null,'',''),
(15784,'负债','2001','短期借款','dqjk','贷',b'1',0,1,b'1',94,null,'',''),
(15785,'负债','2201','应付票据','yfpj','贷',b'1',0,1,b'1',94,null,'',''),
(15786,'负债','2202','应付账款','yfzk','贷',b'1',0,1,b'1',94,null,'',''),
(15787,'负债','2203','预收账款','yszk','贷',b'1',0,1,b'1',94,null,'',''),
(15788,'负债','2211','应付职工薪酬','yfzgxc','贷',b'1',0,1,b'1',94,null,'',''),
(15789,'负债','2221','应交税费','yjsf','贷',b'1',0,1,b'1',94,null,'',''),
(15790,'负债','222101','应交增值税','yjsf_yjzzs','贷',b'1',15789,2,b'1',94,null,'',''),
(15791,'负债','22210101','进项税额','yjsf_yjzzs_jxse','贷',b'1',15790,3,b'1',94,null,'',''),
(15792,'负债','22210102','已交税金','yjsf_yjzzs_yjsj','贷',b'1',15790,3,b'1',94,null,'',''),
(15793,'负债','22210103','转出未交增值税','yjsf_yjzzs_zcwjzzs','贷',b'1',15790,3,b'1',94,null,'',''),
(15794,'负债','22210104','减免税款','yjsf_yjzzs_jmsk','贷',b'1',15790,3,b'1',94,null,'',''),
(15795,'负债','22210105','销项税额','yjsf_yjzzs_xxse','贷',b'1',15790,3,b'1',94,null,'',''),
(15796,'负债','22210106','出口退税','yjsf_yjzzs_ckts','贷',b'1',15790,3,b'1',94,null,'',''),
(15797,'负债','22210107','进项税额转出','yjsf_yjzzs_jxsezc','贷',b'1',15790,3,b'1',94,null,'',''),
(15798,'负债','22210108','出口抵减内销产品应纳税额','yjsf_yjzzs_ckdjnxcpynse','贷',b'1',15790,3,b'1',94,null,'',''),
(15799,'负债','22210109','转出多交增值税','yjsf_yjzzs_zcdjzzs','贷',b'1',15790,3,b'1',94,null,'',''),
(15800,'负债','22210110','销项税额抵减','yjsf_yjzzs_xxsedj','贷',b'1',15790,3,b'1',94,null,'',''),
(15801,'负债','222102','未交增值税','yjsf_wjzzs','贷',b'1',15789,2,b'1',94,null,'',''),
(15802,'负债','222103','应交消费税','yjsf_yjxfs','贷',b'1',15789,2,b'1',94,null,'',''),
(15803,'负债','222104','应交营业税','yjsf_yjyys','贷',b'1',15789,2,b'1',94,null,'',''),
(15804,'负债','222105','应交资源税','yjsf_yjzys','贷',b'1',15789,2,b'1',94,null,'',''),
(15805,'负债','222106','应交所得税','yjsf_yjsds','贷',b'1',15789,2,b'1',94,null,'',''),
(15806,'负债','222107','应交土地增值税','yjsf_yjtdzzs','贷',b'1',15789,2,b'1',94,null,'',''),
(15807,'负债','222108','应交城市维护建设税','yjsf_yjcswhjss','贷',b'1',15789,2,b'1',94,null,'',''),
(15808,'负债','222109','应交房产税','yjsf_yjfcs','贷',b'1',15789,2,b'1',94,null,'',''),
(15809,'负债','222110','应交城镇土地使用税','yjsf_yjcztdsys','贷',b'1',15789,2,b'1',94,null,'',''),
(15810,'负债','222111','应交车船使用税','yjsf_yjccsys','贷',b'1',15789,2,b'1',94,null,'',''),
(15811,'负债','222112','应交个人所得税','yjsf_yjgrsds','贷',b'1',15789,2,b'1',94,null,'',''),
(15812,'负债','222113','教育费附加','yjsf_jyffj','贷',b'1',15789,2,b'1',94,null,'',''),
(15813,'负债','222114','地方教育费附加','yjsf_dfjyffj','贷',b'1',15789,2,b'1',94,null,'',''),
(15814,'负债','222115','矿产资源补偿费','yjsf_kczybcf','贷',b'1',15789,2,b'1',94,null,'',''),
(15815,'负债','222116','排污费','yjsf_pwf','贷',b'1',15789,2,b'1',94,null,'',''),
(15816,'负债','222117','印花税','yjsf_yhs','贷',b'1',15789,2,b'1',94,null,'',''),
(15817,'负债','222118','预交增值税','yjsf_yjzzs','贷',b'1',15789,2,b'1',94,null,'',''),
(15818,'负债','222119','待抵扣进项税额','yjsf_ddkjxse','贷',b'1',15789,2,b'1',94,null,'',''),
(15819,'负债','222120','待认证进项税额','yjsf_drzjxse','贷',b'1',15789,2,b'1',94,null,'',''),
(15820,'负债','222121','待转销项税额','yjsf_dzxxse','贷',b'1',15789,2,b'1',94,null,'',''),
(15821,'负债','222122','增值税留抵税额','yjsf_zzsldse','贷',b'1',15789,2,b'1',94,null,'',''),
(15822,'负债','222123','简易计税','yjsf_jyjs','贷',b'1',15789,2,b'1',94,null,'',''),
(15823,'负债','222124','转让金融商品应交增值税','yjsf_zrjrspyjzzs','贷',b'1',15789,2,b'1',94,null,'',''),
(15824,'负债','222125','代扣代交增值税','yjsf_dkdjzzs','贷',b'1',15789,2,b'1',94,null,'',''),
(15825,'负债','222126','应交增值税（小规模纳税人专用）','yjsf_yjzzs（xgmnsrzy）','贷',b'1',15789,2,b'1',94,null,'',''),
(15826,'负债','2231','应付利息','yflx','贷',b'1',0,1,b'1',94,null,'',''),
(15827,'负债','2232','应付利润','yflr','贷',b'1',0,1,b'1',94,null,'',''),
(15828,'负债','2241','其他应付款','qtyfk','贷',b'1',0,1,b'1',94,null,'',''),
(15829,'负债','2401','递延收益','dysy','贷',b'1',0,1,b'1',94,null,'',''),
(15830,'负债','2501','长期借款','cqjk','贷',b'1',0,1,b'1',94,null,'',''),
(15831,'负债','2701','长期应付款','cqyfk','贷',b'1',0,1,b'1',94,null,'',''),
(15832,'权益','3001','实收资本','sszb','贷',b'1',0,1,b'1',94,null,'',''),
(15833,'权益','3002','资本公积','zbgj','贷',b'1',0,1,b'1',94,null,'',''),
(15834,'权益','3101','盈余公积','yygj','贷',b'1',0,1,b'1',94,null,'',''),
(15835,'权益','310101','法定盈余公积','yygj_fdyygj','贷',b'1',15834,2,b'1',94,null,'',''),
(15836,'权益','310102','任意盈余公积','yygj_ryyygj','贷',b'1',15834,2,b'1',94,null,'',''),
(15837,'权益','310103','法定公益金','yygj_fdgyj','贷',b'1',15834,2,b'1',94,null,'',''),
(15838,'权益','3103','本年利润','bnlr','贷',b'1',0,1,b'1',94,null,'',''),
(15839,'权益','3104','利润分配','lrfp','贷',b'1',0,1,b'1',94,null,'',''),
(15840,'权益','310401','其他转入','lrfp_qtzr','贷',b'1',15839,2,b'1',94,null,'',''),
(15841,'权益','310402','提取法定盈余公积','lrfp_tqfdyygj','贷',b'1',15839,2,b'1',94,null,'',''),
(15842,'权益','310403','提取法定公益金','lrfp_tqfdgyj','贷',b'1',15839,2,b'1',94,null,'',''),
(15843,'权益','310404','提取任意盈余公积','lrfp_tqryyygj','贷',b'1',15839,2,b'1',94,null,'',''),
(15844,'权益','310405','应付利润','lrfp_yflr','贷',b'1',15839,2,b'1',94,null,'',''),
(15845,'权益','310406','未分配利润','lrfp_wfplr','贷',b'1',15839,2,b'1',94,null,'',''),
(15846,'成本','4001','生产成本','sccb','借',b'1',0,1,b'1',94,null,'',''),
(15847,'成本','4101','制造费用','zzfy','借',b'1',0,1,b'1',94,null,'',''),
(15848,'成本','4301','研发支出','yfzc','借',b'1',0,1,b'1',94,null,'',''),
(15849,'成本','4401','工程施工','gcsg','借',b'1',0,1,b'1',94,null,'',''),
(15850,'成本','4403','机械作业','jxzy','借',b'1',0,1,b'1',94,null,'',''),
(15851,'损益','5001','主营业务收入','zyywsr','贷',b'1',0,1,b'1',94,null,'',''),
(15852,'损益','5051','其他业务收入','qtywsr','贷',b'1',0,1,b'1',94,null,'',''),
(15853,'损益','5111','投资收益','tzsy','贷',b'1',0,1,b'1',94,null,'',''),
(15854,'损益','5301','营业外收入','yywsr','贷',b'1',0,1,b'1',94,null,'',''),
(15855,'损益','530101','非流动资产处置净收益','yywsr_fldzcczjsy','贷',b'1',15854,2,b'1',94,null,'',''),
(15856,'损益','530102','政府补助','yywsr_zfbz','贷',b'1',15854,2,b'1',94,null,'',''),
(15857,'损益','530103','捐赠收益','yywsr_jzsy','贷',b'1',15854,2,b'1',94,null,'',''),
(15858,'损益','530104','盘盈收益','yywsr_pysy','贷',b'1',15854,2,b'1',94,null,'',''),
(15859,'损益','5401','主营业务成本','zyywcb','借',b'1',0,1,b'1',94,null,'',''),
(15860,'损益','5402','其他业务成本','qtywcb','借',b'1',0,1,b'1',94,null,'',''),
(15861,'损益','5403','税金及附加','sjjfj','借',b'1',0,1,b'1',94,null,'',''),
(15862,'损益','5601','销售费用','xsfy','借',b'1',0,1,b'1',94,null,'',''),
(15863,'损益','560101','销售人员职工薪酬','xsfy_xsryzgxc','借',b'1',15862,2,b'1',94,null,'',''),
(15864,'损益','560102','业务招待费','xsfy_ywzdf','借',b'1',15862,2,b'1',94,null,'',''),
(15865,'损益','560103','修理费','xsfy_xlf','借',b'1',15862,2,b'1',94,null,'',''),
(15866,'损益','560104','办公费','xsfy_bgf','借',b'1',15862,2,b'1',94,null,'',''),
(15867,'损益','560105','水电费','xsfy_sdf','借',b'1',15862,2,b'1',94,null,'',''),
(15868,'损益','560106','差旅费','xsfy_clf','借',b'1',15862,2,b'1',94,null,'',''),
(15869,'损益','560107','折旧费','xsfy_zjf','借',b'1',15862,2,b'1',94,null,'',''),
(15870,'损益','560108','摊销费','xsfy_txf','借',b'1',15862,2,b'1',94,null,'',''),
(15871,'损益','560109','展览费','xsfy_zlf','借',b'1',15862,2,b'1',94,null,'',''),
(15872,'损益','560110','商品维修费','xsfy_spwxf','借',b'1',15862,2,b'1',94,null,'',''),
(15873,'损益','560111','运输费','xsfy_ysf','借',b'1',15862,2,b'1',94,null,'',''),
(15874,'损益','560112','装卸费','xsfy_zxf','借',b'1',15862,2,b'1',94,null,'',''),
(15875,'损益','560113','包装费','xsfy_bzf','借',b'1',15862,2,b'1',94,null,'',''),
(15876,'损益','560114','保险费','xsfy_bxf','借',b'1',15862,2,b'1',94,null,'',''),
(15877,'损益','560115','广告费','xsfy_ggf','借',b'1',15862,2,b'1',94,null,'',''),
(15878,'损益','560116','业务宣传费','xsfy_ywxcf','借',b'1',15862,2,b'1',94,null,'',''),
(15879,'损益','5602','管理费用','glfy','借',b'1',0,1,b'1',94,null,'',''),
(15880,'损益','560201','管理人员职工薪酬','glfy_glryzgxc','借',b'1',15879,2,b'1',94,null,'',''),
(15881,'损益','560202','业务招待费','glfy_ywzdf','借',b'1',15879,2,b'1',94,null,'',''),
(15882,'损益','560203','修理费','glfy_xlf','借',b'1',15879,2,b'1',94,null,'',''),
(15883,'损益','560204','办公费','glfy_bgf','借',b'1',15879,2,b'1',94,null,'',''),
(15884,'损益','560205','水电费','glfy_sdf','借',b'1',15879,2,b'1',94,null,'',''),
(15885,'损益','560206','差旅费','glfy_clf','借',b'1',15879,2,b'1',94,null,'',''),
(15886,'损益','560207','折旧费','glfy_zjf','借',b'1',15879,2,b'1',94,null,'',''),
(15887,'损益','560208','摊销费','glfy_txf','借',b'1',15879,2,b'1',94,null,'',''),
(15888,'损益','560209','开办费','glfy_kbf','借',b'1',15879,2,b'1',94,null,'',''),
(15889,'损益','560210','研究费用','glfy_yjfy','借',b'1',15879,2,b'1',94,null,'',''),
(15890,'损益','560211','咨询费','glfy_zxf','借',b'1',15879,2,b'1',94,null,'',''),
(15891,'损益','560212','长期待摊费用摊销','glfy_cqdtfytx','借',b'1',15879,2,b'1',94,null,'',''),
(15892,'损益','5603','财务费用','cwfy','借',b'1',0,1,b'1',94,null,'',''),
(15893,'损益','560301','利息费用','cwfy_lxfy','借',b'1',15892,2,b'1',94,null,'',''),
(15894,'损益','560302','手续费','cwfy_sxf','借',b'1',15892,2,b'1',94,null,'',''),
(15895,'损益','560303','汇兑损益','cwfy_hdsy','借',b'1',15892,2,b'1',94,null,'',''),
(15896,'损益','560304','现金折扣','cwfy_xjzk','借',b'1',15892,2,b'1',94,null,'',''),
(15897,'损益','5711','营业外支出','yywzc','借',b'1',0,1,b'1',94,null,'',''),
(15898,'损益','571101','非流动资产处置净损失','yywzc_fldzcczjss','借',b'1',15897,2,b'1',94,null,'',''),
(15899,'损益','571102','赞助支出','yywzc_zzzc','借',b'1',15897,2,b'1',94,null,'',''),
(15900,'损益','571103','捐赠支出','yywzc_jzzc','借',b'1',15897,2,b'1',94,null,'',''),
(15901,'损益','571104','盘亏损失','yywzc_pkss','借',b'1',15897,2,b'1',94,null,'',''),
(15902,'损益','571105','坏账损失','yywzc_hzss','借',b'1',15897,2,b'1',94,null,'',''),
(15903,'损益','571106','存货毁损报废损失','yywzc_chhsbfss','借',b'1',15897,2,b'1',94,null,'',''),
(15904,'损益','571107','无法收回的长期债券投资损失','yywzc_wfshdcqzqtzss','借',b'1',15897,2,b'1',94,null,'',''),
(15905,'损益','571108','无法收回的长期股权投资损失','yywzc_wfshdcqgqtzss','借',b'1',15897,2,b'1',94,null,'',''),
(15906,'损益','571109','自然灾害等不可抗力因素造成的损失','yywzc_zrzhdbkklyszcdss','借',b'1',15897,2,b'1',94,null,'',''),
(15907,'损益','571110','税收滞纳金','yywzc_ssznj','借',b'1',15897,2,b'1',94,null,'',''),
(15908,'损益','571111','罚款支出','yywzc_fkzc','借',b'1',15897,2,b'1',94,null,'',''),
(15909,'损益','5801','所得税费用','sdsfy','借',b'1',0,1,b'1',94,null,'',''),
(15910,'资产','1001','库存现金','kcxj','借',b'1',0,1,b'1',95,null,'',''),
(15911,'资产','1002','银行存款','yhck','借',b'1',0,1,b'1',95,null,'',''),
(15912,'资产','1012','其他货币资金','qthbzj','借',b'1',0,1,b'1',95,null,'',''),
(15913,'资产','1101','短期投资','dqtz','借',b'1',0,1,b'1',95,null,'',''),
(15914,'资产','110101','股票','dqtz_gp','借',b'1',15913,2,b'1',95,null,'',''),
(15915,'资产','110102','债券','dqtz_zq','借',b'1',15913,2,b'1',95,null,'',''),
(15916,'资产','110103','基金','dqtz_jj','借',b'1',15913,2,b'1',95,null,'',''),
(15917,'资产','1121','应收票据','yspj','借',b'1',0,1,b'1',95,null,'',''),
(15918,'资产','1122','应收账款','yszk','借',b'1',0,1,b'1',95,null,'',''),
(15919,'资产','1123','预付账款','yfzk','借',b'1',0,1,b'1',95,null,'',''),
(15920,'资产','1131','应收股利','ysgl','借',b'1',0,1,b'1',95,null,'',''),
(15921,'资产','1132','应收利息','yslx','借',b'1',0,1,b'1',95,null,'',''),
(15922,'资产','1221','其他应收款','qtysk','借',b'1',0,1,b'1',95,null,'',''),
(15923,'资产','1401','材料采购','clcg','借',b'1',0,1,b'1',95,null,'',''),
(15924,'资产','1402','在途物资','ztwz','借',b'1',0,1,b'1',95,null,'',''),
(15925,'资产','1403','原材料','ycl','借',b'1',0,1,b'1',95,null,'',''),
(15926,'资产','1404','材料成本差异','clcbcy','借',b'1',0,1,b'1',95,null,'',''),
(15927,'资产','1405','库存商品','kcsp','借',b'1',0,1,b'1',95,null,'',''),
(15928,'资产','1407','商品进销差价','spjxcj','借',b'1',0,1,b'1',95,null,'',''),
(15929,'资产','1408','委托加工物资','wtjgwz','借',b'1',0,1,b'1',95,null,'',''),
(15930,'资产','1411','周转材料','zzcl','借',b'1',0,1,b'1',95,null,'',''),
(15931,'资产','1421','消耗性生物资产','xhxswzc','借',b'1',0,1,b'1',95,null,'',''),
(15932,'资产','1501','长期债券投资','cqzqtz','借',b'1',0,1,b'1',95,null,'',''),
(15933,'资产','1511','长期股权投资','cqgqtz','借',b'1',0,1,b'1',95,null,'',''),
(15934,'资产','1601','固定资产','gdzc','借',b'1',0,1,b'1',95,null,'',''),
(15935,'资产','1602','累计折旧','ljzj','贷',b'1',0,1,b'1',95,null,'',''),
(15936,'资产','1604','在建工程','zjgc','借',b'1',0,1,b'1',95,null,'',''),
(15937,'资产','1605','工程物资','gcwz','借',b'1',0,1,b'1',95,null,'',''),
(15938,'资产','1606','固定资产清理','gdzcql','借',b'1',0,1,b'1',95,null,'',''),
(15939,'资产','1621','生产性生物资产','scxswzc','借',b'1',0,1,b'1',95,null,'',''),
(15940,'资产','1622','生产性生物资产累计折旧','scxswzcljzj','借',b'1',0,1,b'1',95,null,'',''),
(15941,'资产','1701','无形资产','wxzc','借',b'1',0,1,b'1',95,null,'',''),
(15942,'资产','1702','累计摊销','ljtx','借',b'1',0,1,b'1',95,null,'',''),
(15943,'资产','1801','长期待摊费用','cqdtfy','借',b'1',0,1,b'1',95,null,'',''),
(15944,'资产','1901','待处理财产损溢','dclccsy','借',b'1',0,1,b'1',95,null,'',''),
(15945,'负债','2001','短期借款','dqjk','贷',b'1',0,1,b'1',95,null,'',''),
(15946,'负债','2201','应付票据','yfpj','贷',b'1',0,1,b'1',95,null,'',''),
(15947,'负债','2202','应付账款','yfzk','贷',b'1',0,1,b'1',95,null,'',''),
(15948,'负债','2203','预收账款','yszk','贷',b'1',0,1,b'1',95,null,'',''),
(15949,'负债','2211','应付职工薪酬','yfzgxc','贷',b'1',0,1,b'1',95,null,'',''),
(15950,'负债','2221','应交税费','yjsf','贷',b'1',0,1,b'1',95,null,'',''),
(15951,'负债','222101','应交增值税','yjsf_yjzzs','贷',b'1',15950,2,b'1',95,null,'',''),
(15952,'负债','22210101','进项税额','yjsf_yjzzs_jxse','贷',b'1',15951,3,b'1',95,null,'',''),
(15953,'负债','22210102','已交税金','yjsf_yjzzs_yjsj','贷',b'1',15951,3,b'1',95,null,'',''),
(15954,'负债','22210103','转出未交增值税','yjsf_yjzzs_zcwjzzs','贷',b'1',15951,3,b'1',95,null,'',''),
(15955,'负债','22210104','减免税款','yjsf_yjzzs_jmsk','贷',b'1',15951,3,b'1',95,null,'',''),
(15956,'负债','22210105','销项税额','yjsf_yjzzs_xxse','贷',b'1',15951,3,b'1',95,null,'',''),
(15957,'负债','22210106','出口退税','yjsf_yjzzs_ckts','贷',b'1',15951,3,b'1',95,null,'',''),
(15958,'负债','22210107','进项税额转出','yjsf_yjzzs_jxsezc','贷',b'1',15951,3,b'1',95,null,'',''),
(15959,'负债','22210108','出口抵减内销产品应纳税额','yjsf_yjzzs_ckdjnxcpynse','贷',b'1',15951,3,b'1',95,null,'',''),
(15960,'负债','22210109','转出多交增值税','yjsf_yjzzs_zcdjzzs','贷',b'1',15951,3,b'1',95,null,'',''),
(15961,'负债','22210110','销项税额抵减','yjsf_yjzzs_xxsedj','贷',b'1',15951,3,b'1',95,null,'',''),
(15962,'负债','222102','未交增值税','yjsf_wjzzs','贷',b'1',15950,2,b'1',95,null,'',''),
(15963,'负债','222103','应交消费税','yjsf_yjxfs','贷',b'1',15950,2,b'1',95,null,'',''),
(15964,'负债','222104','应交营业税','yjsf_yjyys','贷',b'1',15950,2,b'1',95,null,'',''),
(15965,'负债','222105','应交资源税','yjsf_yjzys','贷',b'1',15950,2,b'1',95,null,'',''),
(15966,'负债','222106','应交所得税','yjsf_yjsds','贷',b'1',15950,2,b'1',95,null,'',''),
(15967,'负债','222107','应交土地增值税','yjsf_yjtdzzs','贷',b'1',15950,2,b'1',95,null,'',''),
(15968,'负债','222108','应交城市维护建设税','yjsf_yjcswhjss','贷',b'1',15950,2,b'1',95,null,'',''),
(15969,'负债','222109','应交房产税','yjsf_yjfcs','贷',b'1',15950,2,b'1',95,null,'',''),
(15970,'负债','222110','应交城镇土地使用税','yjsf_yjcztdsys','贷',b'1',15950,2,b'1',95,null,'',''),
(15971,'负债','222111','应交车船使用税','yjsf_yjccsys','贷',b'1',15950,2,b'1',95,null,'',''),
(15972,'负债','222112','应交个人所得税','yjsf_yjgrsds','贷',b'1',15950,2,b'1',95,null,'',''),
(15973,'负债','222113','教育费附加','yjsf_jyffj','贷',b'1',15950,2,b'1',95,null,'',''),
(15974,'负债','222114','地方教育费附加','yjsf_dfjyffj','贷',b'1',15950,2,b'1',95,null,'',''),
(15975,'负债','222115','矿产资源补偿费','yjsf_kczybcf','贷',b'1',15950,2,b'1',95,null,'',''),
(15976,'负债','222116','排污费','yjsf_pwf','贷',b'1',15950,2,b'1',95,null,'',''),
(15977,'负债','222117','印花税','yjsf_yhs','贷',b'1',15950,2,b'1',95,null,'',''),
(15978,'负债','222118','预交增值税','yjsf_yjzzs','贷',b'1',15950,2,b'1',95,null,'',''),
(15979,'负债','222119','待抵扣进项税额','yjsf_ddkjxse','贷',b'1',15950,2,b'1',95,null,'',''),
(15980,'负债','222120','待认证进项税额','yjsf_drzjxse','贷',b'1',15950,2,b'1',95,null,'',''),
(15981,'负债','222121','待转销项税额','yjsf_dzxxse','贷',b'1',15950,2,b'1',95,null,'',''),
(15982,'负债','222122','增值税留抵税额','yjsf_zzsldse','贷',b'1',15950,2,b'1',95,null,'',''),
(15983,'负债','222123','简易计税','yjsf_jyjs','贷',b'1',15950,2,b'1',95,null,'',''),
(15984,'负债','222124','转让金融商品应交增值税','yjsf_zrjrspyjzzs','贷',b'1',15950,2,b'1',95,null,'',''),
(15985,'负债','222125','代扣代交增值税','yjsf_dkdjzzs','贷',b'1',15950,2,b'1',95,null,'',''),
(15986,'负债','222126','应交增值税（小规模纳税人专用）','yjsf_yjzzs（xgmnsrzy）','贷',b'1',15950,2,b'1',95,null,'',''),
(15987,'负债','2231','应付利息','yflx','贷',b'1',0,1,b'1',95,null,'',''),
(15988,'负债','2232','应付利润','yflr','贷',b'1',0,1,b'1',95,null,'',''),
(15989,'负债','2241','其他应付款','qtyfk','贷',b'1',0,1,b'1',95,null,'',''),
(15990,'负债','2401','递延收益','dysy','贷',b'1',0,1,b'1',95,null,'',''),
(15991,'负债','2501','长期借款','cqjk','贷',b'1',0,1,b'1',95,null,'',''),
(15992,'负债','2701','长期应付款','cqyfk','贷',b'1',0,1,b'1',95,null,'',''),
(15993,'权益','3001','实收资本','sszb','贷',b'1',0,1,b'1',95,null,'',''),
(15994,'权益','3002','资本公积','zbgj','贷',b'1',0,1,b'1',95,null,'',''),
(15995,'权益','3101','盈余公积','yygj','贷',b'1',0,1,b'1',95,null,'',''),
(15996,'权益','310101','法定盈余公积','yygj_fdyygj','贷',b'1',15995,2,b'1',95,null,'',''),
(15997,'权益','310102','任意盈余公积','yygj_ryyygj','贷',b'1',15995,2,b'1',95,null,'',''),
(15998,'权益','310103','法定公益金','yygj_fdgyj','贷',b'1',15995,2,b'1',95,null,'',''),
(15999,'权益','3103','本年利润','bnlr','贷',b'1',0,1,b'1',95,null,'',''),
(16000,'权益','3104','利润分配','lrfp','贷',b'1',0,1,b'1',95,null,'',''),
(16001,'权益','310401','其他转入','lrfp_qtzr','贷',b'1',16000,2,b'1',95,null,'',''),
(16002,'权益','310402','提取法定盈余公积','lrfp_tqfdyygj','贷',b'1',16000,2,b'1',95,null,'',''),
(16003,'权益','310403','提取法定公益金','lrfp_tqfdgyj','贷',b'1',16000,2,b'1',95,null,'',''),
(16004,'权益','310404','提取任意盈余公积','lrfp_tqryyygj','贷',b'1',16000,2,b'1',95,null,'',''),
(16005,'权益','310405','应付利润','lrfp_yflr','贷',b'1',16000,2,b'1',95,null,'',''),
(16006,'权益','310406','未分配利润','lrfp_wfplr','贷',b'1',16000,2,b'1',95,null,'',''),
(16007,'成本','4001','生产成本','sccb','借',b'1',0,1,b'1',95,null,'',''),
(16008,'成本','4101','制造费用','zzfy','借',b'1',0,1,b'1',95,null,'',''),
(16009,'成本','4301','研发支出','yfzc','借',b'1',0,1,b'1',95,null,'',''),
(16010,'成本','4401','工程施工','gcsg','借',b'1',0,1,b'1',95,null,'',''),
(16011,'成本','4403','机械作业','jxzy','借',b'1',0,1,b'1',95,null,'',''),
(16012,'损益','5001','主营业务收入','zyywsr','贷',b'1',0,1,b'1',95,null,'',''),
(16013,'损益','5051','其他业务收入','qtywsr','贷',b'1',0,1,b'1',95,null,'',''),
(16014,'损益','5111','投资收益','tzsy','贷',b'1',0,1,b'1',95,null,'',''),
(16015,'损益','5301','营业外收入','yywsr','贷',b'1',0,1,b'1',95,null,'',''),
(16016,'损益','530101','非流动资产处置净收益','yywsr_fldzcczjsy','贷',b'1',16015,2,b'1',95,null,'',''),
(16017,'损益','530102','政府补助','yywsr_zfbz','贷',b'1',16015,2,b'1',95,null,'',''),
(16018,'损益','530103','捐赠收益','yywsr_jzsy','贷',b'1',16015,2,b'1',95,null,'',''),
(16019,'损益','530104','盘盈收益','yywsr_pysy','贷',b'1',16015,2,b'1',95,null,'',''),
(16020,'损益','5401','主营业务成本','zyywcb','借',b'1',0,1,b'1',95,null,'',''),
(16021,'损益','5402','其他业务成本','qtywcb','借',b'1',0,1,b'1',95,null,'',''),
(16022,'损益','5403','税金及附加','sjjfj','借',b'1',0,1,b'1',95,null,'',''),
(16023,'损益','5601','销售费用','xsfy','借',b'1',0,1,b'1',95,null,'',''),
(16024,'损益','560101','销售人员职工薪酬','xsfy_xsryzgxc','借',b'1',16023,2,b'1',95,null,'',''),
(16025,'损益','560102','业务招待费','xsfy_ywzdf','借',b'1',16023,2,b'1',95,null,'',''),
(16026,'损益','560103','修理费','xsfy_xlf','借',b'1',16023,2,b'1',95,null,'',''),
(16027,'损益','560104','办公费','xsfy_bgf','借',b'1',16023,2,b'1',95,null,'',''),
(16028,'损益','560105','水电费','xsfy_sdf','借',b'1',16023,2,b'1',95,null,'',''),
(16029,'损益','560106','差旅费','xsfy_clf','借',b'1',16023,2,b'1',95,null,'',''),
(16030,'损益','560107','折旧费','xsfy_zjf','借',b'1',16023,2,b'1',95,null,'',''),
(16031,'损益','560108','摊销费','xsfy_txf','借',b'1',16023,2,b'1',95,null,'',''),
(16032,'损益','560109','展览费','xsfy_zlf','借',b'1',16023,2,b'1',95,null,'',''),
(16033,'损益','560110','商品维修费','xsfy_spwxf','借',b'1',16023,2,b'1',95,null,'',''),
(16034,'损益','560111','运输费','xsfy_ysf','借',b'1',16023,2,b'1',95,null,'',''),
(16035,'损益','560112','装卸费','xsfy_zxf','借',b'1',16023,2,b'1',95,null,'',''),
(16036,'损益','560113','包装费','xsfy_bzf','借',b'1',16023,2,b'1',95,null,'',''),
(16037,'损益','560114','保险费','xsfy_bxf','借',b'1',16023,2,b'1',95,null,'',''),
(16038,'损益','560115','广告费','xsfy_ggf','借',b'1',16023,2,b'1',95,null,'',''),
(16039,'损益','560116','业务宣传费','xsfy_ywxcf','借',b'1',16023,2,b'1',95,null,'',''),
(16040,'损益','5602','管理费用','glfy','借',b'1',0,1,b'1',95,null,'',''),
(16041,'损益','560201','管理人员职工薪酬','glfy_glryzgxc','借',b'1',16040,2,b'1',95,null,'',''),
(16042,'损益','560202','业务招待费','glfy_ywzdf','借',b'1',16040,2,b'1',95,null,'',''),
(16043,'损益','560203','修理费','glfy_xlf','借',b'1',16040,2,b'1',95,null,'',''),
(16044,'损益','560204','办公费','glfy_bgf','借',b'1',16040,2,b'1',95,null,'',''),
(16045,'损益','560205','水电费','glfy_sdf','借',b'1',16040,2,b'1',95,null,'',''),
(16046,'损益','560206','差旅费','glfy_clf','借',b'1',16040,2,b'1',95,null,'',''),
(16047,'损益','560207','折旧费','glfy_zjf','借',b'1',16040,2,b'1',95,null,'',''),
(16048,'损益','560208','摊销费','glfy_txf','借',b'1',16040,2,b'1',95,null,'',''),
(16049,'损益','560209','开办费','glfy_kbf','借',b'1',16040,2,b'1',95,null,'',''),
(16050,'损益','560210','研究费用','glfy_yjfy','借',b'1',16040,2,b'1',95,null,'',''),
(16051,'损益','560211','咨询费','glfy_zxf','借',b'1',16040,2,b'1',95,null,'',''),
(16052,'损益','560212','长期待摊费用摊销','glfy_cqdtfytx','借',b'1',16040,2,b'1',95,null,'',''),
(16053,'损益','5603','财务费用','cwfy','借',b'1',0,1,b'1',95,null,'',''),
(16054,'损益','560301','利息费用','cwfy_lxfy','借',b'1',16053,2,b'1',95,null,'',''),
(16055,'损益','560302','手续费','cwfy_sxf','借',b'1',16053,2,b'1',95,null,'',''),
(16056,'损益','560303','汇兑损益','cwfy_hdsy','借',b'1',16053,2,b'1',95,null,'',''),
(16057,'损益','560304','现金折扣','cwfy_xjzk','借',b'1',16053,2,b'1',95,null,'',''),
(16058,'损益','5711','营业外支出','yywzc','借',b'1',0,1,b'1',95,null,'',''),
(16059,'损益','571101','非流动资产处置净损失','yywzc_fldzcczjss','借',b'1',16058,2,b'1',95,null,'',''),
(16060,'损益','571102','赞助支出','yywzc_zzzc','借',b'1',16058,2,b'1',95,null,'',''),
(16061,'损益','571103','捐赠支出','yywzc_jzzc','借',b'1',16058,2,b'1',95,null,'',''),
(16062,'损益','571104','盘亏损失','yywzc_pkss','借',b'1',16058,2,b'1',95,null,'',''),
(16063,'损益','571105','坏账损失','yywzc_hzss','借',b'1',16058,2,b'1',95,null,'',''),
(16064,'损益','571106','存货毁损报废损失','yywzc_chhsbfss','借',b'1',16058,2,b'1',95,null,'',''),
(16065,'损益','571107','无法收回的长期债券投资损失','yywzc_wfshdcqzqtzss','借',b'1',16058,2,b'1',95,null,'',''),
(16066,'损益','571108','无法收回的长期股权投资损失','yywzc_wfshdcqgqtzss','借',b'1',16058,2,b'1',95,null,'',''),
(16067,'损益','571109','自然灾害等不可抗力因素造成的损失','yywzc_zrzhdbkklyszcdss','借',b'1',16058,2,b'1',95,null,'',''),
(16068,'损益','571110','税收滞纳金','yywzc_ssznj','借',b'1',16058,2,b'1',95,null,'',''),
(16069,'损益','571111','罚款支出','yywzc_fkzc','借',b'1',16058,2,b'1',95,null,'',''),
(16070,'损益','5801','所得税费用','sdsfy','借',b'1',0,1,b'1',95,null,'',''),
(16071,'资产','1001','库存现金','kcxj','借',b'1',0,1,b'1',96,null,'',''),
(16072,'资产','1002','银行存款','yhck','借',b'1',0,1,b'1',96,null,'',''),
(16073,'资产','1012','其他货币资金','qthbzj','借',b'1',0,1,b'1',96,null,'',''),
(16074,'资产','1101','短期投资','dqtz','借',b'1',0,1,b'1',96,null,'',''),
(16075,'资产','110101','股票','dqtz_gp','借',b'1',16074,2,b'1',96,null,'',''),
(16076,'资产','110102','债券','dqtz_zq','借',b'1',16074,2,b'1',96,null,'',''),
(16077,'资产','110103','基金','dqtz_jj','借',b'1',16074,2,b'1',96,null,'',''),
(16078,'资产','1121','应收票据','yspj','借',b'1',0,1,b'1',96,null,'',''),
(16079,'资产','1122','应收账款','yszk','借',b'1',0,1,b'1',96,null,'',''),
(16080,'资产','1123','预付账款','yfzk','借',b'1',0,1,b'1',96,null,'',''),
(16081,'资产','1131','应收股利','ysgl','借',b'1',0,1,b'1',96,null,'',''),
(16082,'资产','1132','应收利息','yslx','借',b'1',0,1,b'1',96,null,'',''),
(16083,'资产','1221','其他应收款','qtysk','借',b'1',0,1,b'1',96,null,'',''),
(16084,'资产','1401','材料采购','clcg','借',b'1',0,1,b'1',96,null,'',''),
(16085,'资产','1402','在途物资','ztwz','借',b'1',0,1,b'1',96,null,'',''),
(16086,'资产','1403','原材料','ycl','借',b'1',0,1,b'1',96,null,'',''),
(16087,'资产','1404','材料成本差异','clcbcy','借',b'1',0,1,b'1',96,null,'',''),
(16088,'资产','1405','库存商品','kcsp','借',b'1',0,1,b'1',96,null,'',''),
(16089,'资产','1407','商品进销差价','spjxcj','借',b'1',0,1,b'1',96,null,'',''),
(16090,'资产','1408','委托加工物资','wtjgwz','借',b'1',0,1,b'1',96,null,'',''),
(16091,'资产','1411','周转材料','zzcl','借',b'1',0,1,b'1',96,null,'',''),
(16092,'资产','1421','消耗性生物资产','xhxswzc','借',b'1',0,1,b'1',96,null,'',''),
(16093,'资产','1501','长期债券投资','cqzqtz','借',b'1',0,1,b'1',96,null,'',''),
(16094,'资产','1511','长期股权投资','cqgqtz','借',b'1',0,1,b'1',96,null,'',''),
(16095,'资产','1601','固定资产','gdzc','借',b'1',0,1,b'1',96,null,'',''),
(16096,'资产','1602','累计折旧','ljzj','贷',b'1',0,1,b'1',96,null,'',''),
(16097,'资产','1604','在建工程','zjgc','借',b'1',0,1,b'1',96,null,'',''),
(16098,'资产','1605','工程物资','gcwz','借',b'1',0,1,b'1',96,null,'',''),
(16099,'资产','1606','固定资产清理','gdzcql','借',b'1',0,1,b'1',96,null,'',''),
(16100,'资产','1621','生产性生物资产','scxswzc','借',b'1',0,1,b'1',96,null,'',''),
(16101,'资产','1622','生产性生物资产累计折旧','scxswzcljzj','借',b'1',0,1,b'1',96,null,'',''),
(16102,'资产','1701','无形资产','wxzc','借',b'1',0,1,b'1',96,null,'',''),
(16103,'资产','1702','累计摊销','ljtx','借',b'1',0,1,b'1',96,null,'',''),
(16104,'资产','1801','长期待摊费用','cqdtfy','借',b'1',0,1,b'1',96,null,'',''),
(16105,'资产','1901','待处理财产损溢','dclccsy','借',b'1',0,1,b'1',96,null,'',''),
(16106,'负债','2001','短期借款','dqjk','贷',b'1',0,1,b'1',96,null,'',''),
(16107,'负债','2201','应付票据','yfpj','贷',b'1',0,1,b'1',96,null,'',''),
(16108,'负债','2202','应付账款','yfzk','贷',b'1',0,1,b'1',96,null,'',''),
(16109,'负债','2203','预收账款','yszk','贷',b'1',0,1,b'1',96,null,'',''),
(16110,'负债','2211','应付职工薪酬','yfzgxc','贷',b'1',0,1,b'1',96,null,'',''),
(16111,'负债','2221','应交税费','yjsf','贷',b'1',0,1,b'1',96,null,'',''),
(16112,'负债','222101','应交增值税','yjsf_yjzzs','贷',b'1',16111,2,b'1',96,null,'',''),
(16113,'负债','22210101','进项税额','yjsf_yjzzs_jxse','贷',b'1',16112,3,b'1',96,null,'',''),
(16114,'负债','22210102','已交税金','yjsf_yjzzs_yjsj','贷',b'1',16112,3,b'1',96,null,'',''),
(16115,'负债','22210103','转出未交增值税','yjsf_yjzzs_zcwjzzs','贷',b'1',16112,3,b'1',96,null,'',''),
(16116,'负债','22210104','减免税款','yjsf_yjzzs_jmsk','贷',b'1',16112,3,b'1',96,null,'',''),
(16117,'负债','22210105','销项税额','yjsf_yjzzs_xxse','贷',b'1',16112,3,b'1',96,null,'',''),
(16118,'负债','22210106','出口退税','yjsf_yjzzs_ckts','贷',b'1',16112,3,b'1',96,null,'',''),
(16119,'负债','22210107','进项税额转出','yjsf_yjzzs_jxsezc','贷',b'1',16112,3,b'1',96,null,'',''),
(16120,'负债','22210108','出口抵减内销产品应纳税额','yjsf_yjzzs_ckdjnxcpynse','贷',b'1',16112,3,b'1',96,null,'',''),
(16121,'负债','22210109','转出多交增值税','yjsf_yjzzs_zcdjzzs','贷',b'1',16112,3,b'1',96,null,'',''),
(16122,'负债','22210110','销项税额抵减','yjsf_yjzzs_xxsedj','贷',b'1',16112,3,b'1',96,null,'',''),
(16123,'负债','222102','未交增值税','yjsf_wjzzs','贷',b'1',16111,2,b'1',96,null,'',''),
(16124,'负债','222103','应交消费税','yjsf_yjxfs','贷',b'1',16111,2,b'1',96,null,'',''),
(16125,'负债','222104','应交营业税','yjsf_yjyys','贷',b'1',16111,2,b'1',96,null,'',''),
(16126,'负债','222105','应交资源税','yjsf_yjzys','贷',b'1',16111,2,b'1',96,null,'',''),
(16127,'负债','222106','应交所得税','yjsf_yjsds','贷',b'1',16111,2,b'1',96,null,'',''),
(16128,'负债','222107','应交土地增值税','yjsf_yjtdzzs','贷',b'1',16111,2,b'1',96,null,'',''),
(16129,'负债','222108','应交城市维护建设税','yjsf_yjcswhjss','贷',b'1',16111,2,b'1',96,null,'',''),
(16130,'负债','222109','应交房产税','yjsf_yjfcs','贷',b'1',16111,2,b'1',96,null,'',''),
(16131,'负债','222110','应交城镇土地使用税','yjsf_yjcztdsys','贷',b'1',16111,2,b'1',96,null,'',''),
(16132,'负债','222111','应交车船使用税','yjsf_yjccsys','贷',b'1',16111,2,b'1',96,null,'',''),
(16133,'负债','222112','应交个人所得税','yjsf_yjgrsds','贷',b'1',16111,2,b'1',96,null,'',''),
(16134,'负债','222113','教育费附加','yjsf_jyffj','贷',b'1',16111,2,b'1',96,null,'',''),
(16135,'负债','222114','地方教育费附加','yjsf_dfjyffj','贷',b'1',16111,2,b'1',96,null,'',''),
(16136,'负债','222115','矿产资源补偿费','yjsf_kczybcf','贷',b'1',16111,2,b'1',96,null,'',''),
(16137,'负债','222116','排污费','yjsf_pwf','贷',b'1',16111,2,b'1',96,null,'',''),
(16138,'负债','222117','印花税','yjsf_yhs','贷',b'1',16111,2,b'1',96,null,'',''),
(16139,'负债','222118','预交增值税','yjsf_yjzzs','贷',b'1',16111,2,b'1',96,null,'',''),
(16140,'负债','222119','待抵扣进项税额','yjsf_ddkjxse','贷',b'1',16111,2,b'1',96,null,'',''),
(16141,'负债','222120','待认证进项税额','yjsf_drzjxse','贷',b'1',16111,2,b'1',96,null,'',''),
(16142,'负债','222121','待转销项税额','yjsf_dzxxse','贷',b'1',16111,2,b'1',96,null,'',''),
(16143,'负债','222122','增值税留抵税额','yjsf_zzsldse','贷',b'1',16111,2,b'1',96,null,'',''),
(16144,'负债','222123','简易计税','yjsf_jyjs','贷',b'1',16111,2,b'1',96,null,'',''),
(16145,'负债','222124','转让金融商品应交增值税','yjsf_zrjrspyjzzs','贷',b'1',16111,2,b'1',96,null,'',''),
(16146,'负债','222125','代扣代交增值税','yjsf_dkdjzzs','贷',b'1',16111,2,b'1',96,null,'',''),
(16147,'负债','222126','应交增值税（小规模纳税人专用）','yjsf_yjzzs（xgmnsrzy）','贷',b'1',16111,2,b'1',96,null,'',''),
(16148,'负债','2231','应付利息','yflx','贷',b'1',0,1,b'1',96,null,'',''),
(16149,'负债','2232','应付利润','yflr','贷',b'1',0,1,b'1',96,null,'',''),
(16150,'负债','2241','其他应付款','qtyfk','贷',b'1',0,1,b'1',96,null,'',''),
(16151,'负债','2401','递延收益','dysy','贷',b'1',0,1,b'1',96,null,'',''),
(16152,'负债','2501','长期借款','cqjk','贷',b'1',0,1,b'1',96,null,'',''),
(16153,'负债','2701','长期应付款','cqyfk','贷',b'1',0,1,b'1',96,null,'',''),
(16154,'权益','3001','实收资本','sszb','贷',b'1',0,1,b'1',96,null,'',''),
(16155,'权益','3002','资本公积','zbgj','贷',b'1',0,1,b'1',96,null,'',''),
(16156,'权益','3101','盈余公积','yygj','贷',b'1',0,1,b'1',96,null,'',''),
(16157,'权益','310101','法定盈余公积','yygj_fdyygj','贷',b'1',16156,2,b'1',96,null,'',''),
(16158,'权益','310102','任意盈余公积','yygj_ryyygj','贷',b'1',16156,2,b'1',96,null,'',''),
(16159,'权益','310103','法定公益金','yygj_fdgyj','贷',b'1',16156,2,b'1',96,null,'',''),
(16160,'权益','3103','本年利润','bnlr','贷',b'1',0,1,b'1',96,null,'',''),
(16161,'权益','3104','利润分配','lrfp','贷',b'1',0,1,b'1',96,null,'',''),
(16162,'权益','310401','其他转入','lrfp_qtzr','贷',b'1',16161,2,b'1',96,null,'',''),
(16163,'权益','310402','提取法定盈余公积','lrfp_tqfdyygj','贷',b'1',16161,2,b'1',96,null,'',''),
(16164,'权益','310403','提取法定公益金','lrfp_tqfdgyj','贷',b'1',16161,2,b'1',96,null,'',''),
(16165,'权益','310404','提取任意盈余公积','lrfp_tqryyygj','贷',b'1',16161,2,b'1',96,null,'',''),
(16166,'权益','310405','应付利润','lrfp_yflr','贷',b'1',16161,2,b'1',96,null,'',''),
(16167,'权益','310406','未分配利润','lrfp_wfplr','贷',b'1',16161,2,b'1',96,null,'',''),
(16168,'成本','4001','生产成本','sccb','借',b'1',0,1,b'1',96,null,'',''),
(16169,'成本','4101','制造费用','zzfy','借',b'1',0,1,b'1',96,null,'',''),
(16170,'成本','4301','研发支出','yfzc','借',b'1',0,1,b'1',96,null,'',''),
(16171,'成本','4401','工程施工','gcsg','借',b'1',0,1,b'1',96,null,'',''),
(16172,'成本','4403','机械作业','jxzy','借',b'1',0,1,b'1',96,null,'',''),
(16173,'损益','5001','主营业务收入','zyywsr','贷',b'1',0,1,b'1',96,null,'',''),
(16174,'损益','5051','其他业务收入','qtywsr','贷',b'1',0,1,b'1',96,null,'',''),
(16175,'损益','5111','投资收益','tzsy','贷',b'1',0,1,b'1',96,null,'',''),
(16176,'损益','5301','营业外收入','yywsr','贷',b'1',0,1,b'1',96,null,'',''),
(16177,'损益','530101','非流动资产处置净收益','yywsr_fldzcczjsy','贷',b'1',16176,2,b'1',96,null,'',''),
(16178,'损益','530102','政府补助','yywsr_zfbz','贷',b'1',16176,2,b'1',96,null,'',''),
(16179,'损益','530103','捐赠收益','yywsr_jzsy','贷',b'1',16176,2,b'1',96,null,'',''),
(16180,'损益','530104','盘盈收益','yywsr_pysy','贷',b'1',16176,2,b'1',96,null,'',''),
(16181,'损益','5401','主营业务成本','zyywcb','借',b'1',0,1,b'1',96,null,'',''),
(16182,'损益','5402','其他业务成本','qtywcb','借',b'1',0,1,b'1',96,null,'',''),
(16183,'损益','5403','税金及附加','sjjfj','借',b'1',0,1,b'1',96,null,'',''),
(16184,'损益','5601','销售费用','xsfy','借',b'1',0,1,b'1',96,null,'',''),
(16185,'损益','560101','销售人员职工薪酬','xsfy_xsryzgxc','借',b'1',16184,2,b'1',96,null,'',''),
(16186,'损益','560102','业务招待费','xsfy_ywzdf','借',b'1',16184,2,b'1',96,null,'',''),
(16187,'损益','560103','修理费','xsfy_xlf','借',b'1',16184,2,b'1',96,null,'',''),
(16188,'损益','560104','办公费','xsfy_bgf','借',b'1',16184,2,b'1',96,null,'',''),
(16189,'损益','560105','水电费','xsfy_sdf','借',b'1',16184,2,b'1',96,null,'',''),
(16190,'损益','560106','差旅费','xsfy_clf','借',b'1',16184,2,b'1',96,null,'',''),
(16191,'损益','560107','折旧费','xsfy_zjf','借',b'1',16184,2,b'1',96,null,'',''),
(16192,'损益','560108','摊销费','xsfy_txf','借',b'1',16184,2,b'1',96,null,'',''),
(16193,'损益','560109','展览费','xsfy_zlf','借',b'1',16184,2,b'1',96,null,'',''),
(16194,'损益','560110','商品维修费','xsfy_spwxf','借',b'1',16184,2,b'1',96,null,'',''),
(16195,'损益','560111','运输费','xsfy_ysf','借',b'1',16184,2,b'1',96,null,'',''),
(16196,'损益','560112','装卸费','xsfy_zxf','借',b'1',16184,2,b'1',96,null,'',''),
(16197,'损益','560113','包装费','xsfy_bzf','借',b'1',16184,2,b'1',96,null,'',''),
(16198,'损益','560114','保险费','xsfy_bxf','借',b'1',16184,2,b'1',96,null,'',''),
(16199,'损益','560115','广告费','xsfy_ggf','借',b'1',16184,2,b'1',96,null,'',''),
(16200,'损益','560116','业务宣传费','xsfy_ywxcf','借',b'1',16184,2,b'1',96,null,'',''),
(16201,'损益','5602','管理费用','glfy','借',b'1',0,1,b'1',96,null,'',''),
(16202,'损益','560201','管理人员职工薪酬','glfy_glryzgxc','借',b'1',16201,2,b'1',96,null,'',''),
(16203,'损益','560202','业务招待费','glfy_ywzdf','借',b'1',16201,2,b'1',96,null,'',''),
(16204,'损益','560203','修理费','glfy_xlf','借',b'1',16201,2,b'1',96,null,'',''),
(16205,'损益','560204','办公费','glfy_bgf','借',b'1',16201,2,b'1',96,null,'',''),
(16206,'损益','560205','水电费','glfy_sdf','借',b'1',16201,2,b'1',96,null,'',''),
(16207,'损益','560206','差旅费','glfy_clf','借',b'1',16201,2,b'1',96,null,'',''),
(16208,'损益','560207','折旧费','glfy_zjf','借',b'1',16201,2,b'1',96,null,'',''),
(16209,'损益','560208','摊销费','glfy_txf','借',b'1',16201,2,b'1',96,null,'',''),
(16210,'损益','560209','开办费','glfy_kbf','借',b'1',16201,2,b'1',96,null,'',''),
(16211,'损益','560210','研究费用','glfy_yjfy','借',b'1',16201,2,b'1',96,null,'',''),
(16212,'损益','560211','咨询费','glfy_zxf','借',b'1',16201,2,b'1',96,null,'',''),
(16213,'损益','560212','长期待摊费用摊销','glfy_cqdtfytx','借',b'1',16201,2,b'1',96,null,'',''),
(16214,'损益','5603','财务费用','cwfy','借',b'1',0,1,b'1',96,null,'',''),
(16215,'损益','560301','利息费用','cwfy_lxfy','借',b'1',16214,2,b'1',96,null,'',''),
(16216,'损益','560302','手续费','cwfy_sxf','借',b'1',16214,2,b'1',96,null,'',''),
(16217,'损益','560303','汇兑损益','cwfy_hdsy','借',b'1',16214,2,b'1',96,null,'',''),
(16218,'损益','560304','现金折扣','cwfy_xjzk','借',b'1',16214,2,b'1',96,null,'',''),
(16219,'损益','5711','营业外支出','yywzc','借',b'1',0,1,b'1',96,null,'',''),
(16220,'损益','571101','非流动资产处置净损失','yywzc_fldzcczjss','借',b'1',16219,2,b'1',96,null,'',''),
(16221,'损益','571102','赞助支出','yywzc_zzzc','借',b'1',16219,2,b'1',96,null,'',''),
(16222,'损益','571103','捐赠支出','yywzc_jzzc','借',b'1',16219,2,b'1',96,null,'',''),
(16223,'损益','571104','盘亏损失','yywzc_pkss','借',b'1',16219,2,b'1',96,null,'',''),
(16224,'损益','571105','坏账损失','yywzc_hzss','借',b'1',16219,2,b'1',96,null,'',''),
(16225,'损益','571106','存货毁损报废损失','yywzc_chhsbfss','借',b'1',16219,2,b'1',96,null,'',''),
(16226,'损益','571107','无法收回的长期债券投资损失','yywzc_wfshdcqzqtzss','借',b'1',16219,2,b'1',96,null,'',''),
(16227,'损益','571108','无法收回的长期股权投资损失','yywzc_wfshdcqgqtzss','借',b'1',16219,2,b'1',96,null,'',''),
(16228,'损益','571109','自然灾害等不可抗力因素造成的损失','yywzc_zrzhdbkklyszcdss','借',b'1',16219,2,b'1',96,null,'',''),
(16229,'损益','571110','税收滞纳金','yywzc_ssznj','借',b'1',16219,2,b'1',96,null,'',''),
(16230,'损益','571111','罚款支出','yywzc_fkzc','借',b'1',16219,2,b'1',96,null,'',''),
(16231,'损益','5801','所得税费用','sdsfy','借',b'1',0,1,b'1',96,null,'',''),
(16232,'资产','1001','库存现金','kcxj','借',b'1',0,1,b'1',97,null,'',''),
(16233,'资产','1002','银行存款','yhck','借',b'1',0,1,b'1',97,null,'',''),
(16234,'资产','1012','其他货币资金','qthbzj','借',b'1',0,1,b'1',97,null,'',''),
(16235,'资产','1101','短期投资','dqtz','借',b'1',0,1,b'1',97,null,'',''),
(16236,'资产','110101','股票','dqtz_gp','借',b'1',16235,2,b'1',97,null,'',''),
(16237,'资产','110102','债券','dqtz_zq','借',b'1',16235,2,b'1',97,null,'',''),
(16238,'资产','110103','基金','dqtz_jj','借',b'1',16235,2,b'1',97,null,'',''),
(16239,'资产','1121','应收票据','yspj','借',b'1',0,1,b'1',97,null,'',''),
(16240,'资产','1122','应收账款','yszk','借',b'1',0,1,b'1',97,null,'',''),
(16241,'资产','1123','预付账款','yfzk','借',b'1',0,1,b'1',97,null,'',''),
(16242,'资产','1131','应收股利','ysgl','借',b'1',0,1,b'1',97,null,'',''),
(16243,'资产','1132','应收利息','yslx','借',b'1',0,1,b'1',97,null,'',''),
(16244,'资产','1221','其他应收款','qtysk','借',b'1',0,1,b'1',97,null,'',''),
(16245,'资产','1401','材料采购','clcg','借',b'1',0,1,b'1',97,null,'',''),
(16246,'资产','1402','在途物资','ztwz','借',b'1',0,1,b'1',97,null,'',''),
(16247,'资产','1403','原材料','ycl','借',b'1',0,1,b'1',97,null,'',''),
(16248,'资产','1404','材料成本差异','clcbcy','借',b'1',0,1,b'1',97,null,'',''),
(16249,'资产','1405','库存商品','kcsp','借',b'1',0,1,b'1',97,null,'',''),
(16250,'资产','1407','商品进销差价','spjxcj','借',b'1',0,1,b'1',97,null,'',''),
(16251,'资产','1408','委托加工物资','wtjgwz','借',b'1',0,1,b'1',97,null,'',''),
(16252,'资产','1411','周转材料','zzcl','借',b'1',0,1,b'1',97,null,'',''),
(16253,'资产','1421','消耗性生物资产','xhxswzc','借',b'1',0,1,b'1',97,null,'',''),
(16254,'资产','1501','长期债券投资','cqzqtz','借',b'1',0,1,b'1',97,null,'',''),
(16255,'资产','1511','长期股权投资','cqgqtz','借',b'1',0,1,b'1',97,null,'',''),
(16256,'资产','1601','固定资产','gdzc','借',b'1',0,1,b'1',97,null,'',''),
(16257,'资产','1602','累计折旧','ljzj','贷',b'1',0,1,b'1',97,null,'',''),
(16258,'资产','1604','在建工程','zjgc','借',b'1',0,1,b'1',97,null,'',''),
(16259,'资产','1605','工程物资','gcwz','借',b'1',0,1,b'1',97,null,'',''),
(16260,'资产','1606','固定资产清理','gdzcql','借',b'1',0,1,b'1',97,null,'',''),
(16261,'资产','1621','生产性生物资产','scxswzc','借',b'1',0,1,b'1',97,null,'',''),
(16262,'资产','1622','生产性生物资产累计折旧','scxswzcljzj','借',b'1',0,1,b'1',97,null,'',''),
(16263,'资产','1701','无形资产','wxzc','借',b'1',0,1,b'1',97,null,'',''),
(16264,'资产','1702','累计摊销','ljtx','借',b'1',0,1,b'1',97,null,'',''),
(16265,'资产','1801','长期待摊费用','cqdtfy','借',b'1',0,1,b'1',97,null,'',''),
(16266,'资产','1901','待处理财产损溢','dclccsy','借',b'1',0,1,b'1',97,null,'',''),
(16267,'负债','2001','短期借款','dqjk','贷',b'1',0,1,b'1',97,null,'',''),
(16268,'负债','2201','应付票据','yfpj','贷',b'1',0,1,b'1',97,null,'',''),
(16269,'负债','2202','应付账款','yfzk','贷',b'1',0,1,b'1',97,null,'',''),
(16270,'负债','2203','预收账款','yszk','贷',b'1',0,1,b'1',97,null,'',''),
(16271,'负债','2211','应付职工薪酬','yfzgxc','贷',b'1',0,1,b'1',97,null,'',''),
(16272,'负债','2221','应交税费','yjsf','贷',b'1',0,1,b'1',97,null,'',''),
(16273,'负债','222101','应交增值税','yjsf_yjzzs','贷',b'1',16272,2,b'1',97,null,'',''),
(16274,'负债','22210101','进项税额','yjsf_yjzzs_jxse','贷',b'1',16273,3,b'1',97,null,'',''),
(16275,'负债','22210102','已交税金','yjsf_yjzzs_yjsj','贷',b'1',16273,3,b'1',97,null,'',''),
(16276,'负债','22210103','转出未交增值税','yjsf_yjzzs_zcwjzzs','贷',b'1',16273,3,b'1',97,null,'',''),
(16277,'负债','22210104','减免税款','yjsf_yjzzs_jmsk','贷',b'1',16273,3,b'1',97,null,'',''),
(16278,'负债','22210105','销项税额','yjsf_yjzzs_xxse','贷',b'1',16273,3,b'1',97,null,'',''),
(16279,'负债','22210106','出口退税','yjsf_yjzzs_ckts','贷',b'1',16273,3,b'1',97,null,'',''),
(16280,'负债','22210107','进项税额转出','yjsf_yjzzs_jxsezc','贷',b'1',16273,3,b'1',97,null,'',''),
(16281,'负债','22210108','出口抵减内销产品应纳税额','yjsf_yjzzs_ckdjnxcpynse','贷',b'1',16273,3,b'1',97,null,'',''),
(16282,'负债','22210109','转出多交增值税','yjsf_yjzzs_zcdjzzs','贷',b'1',16273,3,b'1',97,null,'',''),
(16283,'负债','22210110','销项税额抵减','yjsf_yjzzs_xxsedj','贷',b'1',16273,3,b'1',97,null,'',''),
(16284,'负债','222102','未交增值税','yjsf_wjzzs','贷',b'1',16272,2,b'1',97,null,'',''),
(16285,'负债','222103','应交消费税','yjsf_yjxfs','贷',b'1',16272,2,b'1',97,null,'',''),
(16286,'负债','222104','应交营业税','yjsf_yjyys','贷',b'1',16272,2,b'1',97,null,'',''),
(16287,'负债','222105','应交资源税','yjsf_yjzys','贷',b'1',16272,2,b'1',97,null,'',''),
(16288,'负债','222106','应交所得税','yjsf_yjsds','贷',b'1',16272,2,b'1',97,null,'',''),
(16289,'负债','222107','应交土地增值税','yjsf_yjtdzzs','贷',b'1',16272,2,b'1',97,null,'',''),
(16290,'负债','222108','应交城市维护建设税','yjsf_yjcswhjss','贷',b'1',16272,2,b'1',97,null,'',''),
(16291,'负债','222109','应交房产税','yjsf_yjfcs','贷',b'1',16272,2,b'1',97,null,'',''),
(16292,'负债','222110','应交城镇土地使用税','yjsf_yjcztdsys','贷',b'1',16272,2,b'1',97,null,'',''),
(16293,'负债','222111','应交车船使用税','yjsf_yjccsys','贷',b'1',16272,2,b'1',97,null,'',''),
(16294,'负债','222112','应交个人所得税','yjsf_yjgrsds','贷',b'1',16272,2,b'1',97,null,'',''),
(16295,'负债','222113','教育费附加','yjsf_jyffj','贷',b'1',16272,2,b'1',97,null,'',''),
(16296,'负债','222114','地方教育费附加','yjsf_dfjyffj','贷',b'1',16272,2,b'1',97,null,'',''),
(16297,'负债','222115','矿产资源补偿费','yjsf_kczybcf','贷',b'1',16272,2,b'1',97,null,'',''),
(16298,'负债','222116','排污费','yjsf_pwf','贷',b'1',16272,2,b'1',97,null,'',''),
(16299,'负债','222117','印花税','yjsf_yhs','贷',b'1',16272,2,b'1',97,null,'',''),
(16300,'负债','222118','预交增值税','yjsf_yjzzs','贷',b'1',16272,2,b'1',97,null,'',''),
(16301,'负债','222119','待抵扣进项税额','yjsf_ddkjxse','贷',b'1',16272,2,b'1',97,null,'',''),
(16302,'负债','222120','待认证进项税额','yjsf_drzjxse','贷',b'1',16272,2,b'1',97,null,'',''),
(16303,'负债','222121','待转销项税额','yjsf_dzxxse','贷',b'1',16272,2,b'1',97,null,'',''),
(16304,'负债','222122','增值税留抵税额','yjsf_zzsldse','贷',b'1',16272,2,b'1',97,null,'',''),
(16305,'负债','222123','简易计税','yjsf_jyjs','贷',b'1',16272,2,b'1',97,null,'',''),
(16306,'负债','222124','转让金融商品应交增值税','yjsf_zrjrspyjzzs','贷',b'1',16272,2,b'1',97,null,'',''),
(16307,'负债','222125','代扣代交增值税','yjsf_dkdjzzs','贷',b'1',16272,2,b'1',97,null,'',''),
(16308,'负债','222126','应交增值税（小规模纳税人专用）','yjsf_yjzzs（xgmnsrzy）','贷',b'1',16272,2,b'1',97,null,'',''),
(16309,'负债','2231','应付利息','yflx','贷',b'1',0,1,b'1',97,null,'',''),
(16310,'负债','2232','应付利润','yflr','贷',b'1',0,1,b'1',97,null,'',''),
(16311,'负债','2241','其他应付款','qtyfk','贷',b'1',0,1,b'1',97,null,'',''),
(16312,'负债','2401','递延收益','dysy','贷',b'1',0,1,b'1',97,null,'',''),
(16313,'负债','2501','长期借款','cqjk','贷',b'1',0,1,b'1',97,null,'',''),
(16314,'负债','2701','长期应付款','cqyfk','贷',b'1',0,1,b'1',97,null,'',''),
(16315,'权益','3001','实收资本','sszb','贷',b'1',0,1,b'1',97,null,'',''),
(16316,'权益','3002','资本公积','zbgj','贷',b'1',0,1,b'1',97,null,'',''),
(16317,'权益','3101','盈余公积','yygj','贷',b'1',0,1,b'1',97,null,'',''),
(16318,'权益','310101','法定盈余公积','yygj_fdyygj','贷',b'1',16317,2,b'1',97,null,'',''),
(16319,'权益','310102','任意盈余公积','yygj_ryyygj','贷',b'1',16317,2,b'1',97,null,'',''),
(16320,'权益','310103','法定公益金','yygj_fdgyj','贷',b'1',16317,2,b'1',97,null,'',''),
(16321,'权益','3103','本年利润','bnlr','贷',b'1',0,1,b'1',97,null,'',''),
(16322,'权益','3104','利润分配','lrfp','贷',b'1',0,1,b'1',97,null,'',''),
(16323,'权益','310401','其他转入','lrfp_qtzr','贷',b'1',16322,2,b'1',97,null,'',''),
(16324,'权益','310402','提取法定盈余公积','lrfp_tqfdyygj','贷',b'1',16322,2,b'1',97,null,'',''),
(16325,'权益','310403','提取法定公益金','lrfp_tqfdgyj','贷',b'1',16322,2,b'1',97,null,'',''),
(16326,'权益','310404','提取任意盈余公积','lrfp_tqryyygj','贷',b'1',16322,2,b'1',97,null,'',''),
(16327,'权益','310405','应付利润','lrfp_yflr','贷',b'1',16322,2,b'1',97,null,'',''),
(16328,'权益','310406','未分配利润','lrfp_wfplr','贷',b'1',16322,2,b'1',97,null,'',''),
(16329,'成本','4001','生产成本','sccb','借',b'1',0,1,b'1',97,null,'',''),
(16330,'成本','4101','制造费用','zzfy','借',b'1',0,1,b'1',97,null,'',''),
(16331,'成本','4301','研发支出','yfzc','借',b'1',0,1,b'1',97,null,'',''),
(16332,'成本','4401','工程施工','gcsg','借',b'1',0,1,b'1',97,null,'',''),
(16333,'成本','4403','机械作业','jxzy','借',b'1',0,1,b'1',97,null,'',''),
(16334,'损益','5001','主营业务收入','zyywsr','贷',b'1',0,1,b'1',97,null,'',''),
(16335,'损益','5051','其他业务收入','qtywsr','贷',b'1',0,1,b'1',97,null,'',''),
(16336,'损益','5111','投资收益','tzsy','贷',b'1',0,1,b'1',97,null,'',''),
(16337,'损益','5301','营业外收入','yywsr','贷',b'1',0,1,b'1',97,null,'',''),
(16338,'损益','530101','非流动资产处置净收益','yywsr_fldzcczjsy','贷',b'1',16337,2,b'1',97,null,'',''),
(16339,'损益','530102','政府补助','yywsr_zfbz','贷',b'1',16337,2,b'1',97,null,'',''),
(16340,'损益','530103','捐赠收益','yywsr_jzsy','贷',b'1',16337,2,b'1',97,null,'',''),
(16341,'损益','530104','盘盈收益','yywsr_pysy','贷',b'1',16337,2,b'1',97,null,'',''),
(16342,'损益','5401','主营业务成本','zyywcb','借',b'1',0,1,b'1',97,null,'',''),
(16343,'损益','5402','其他业务成本','qtywcb','借',b'1',0,1,b'1',97,null,'',''),
(16344,'损益','5403','税金及附加','sjjfj','借',b'1',0,1,b'1',97,null,'',''),
(16345,'损益','5601','销售费用','xsfy','借',b'1',0,1,b'1',97,null,'',''),
(16346,'损益','560101','销售人员职工薪酬','xsfy_xsryzgxc','借',b'1',16345,2,b'1',97,null,'',''),
(16347,'损益','560102','业务招待费','xsfy_ywzdf','借',b'1',16345,2,b'1',97,null,'',''),
(16348,'损益','560103','修理费','xsfy_xlf','借',b'1',16345,2,b'1',97,null,'',''),
(16349,'损益','560104','办公费','xsfy_bgf','借',b'1',16345,2,b'1',97,null,'',''),
(16350,'损益','560105','水电费','xsfy_sdf','借',b'1',16345,2,b'1',97,null,'',''),
(16351,'损益','560106','差旅费','xsfy_clf','借',b'1',16345,2,b'1',97,null,'',''),
(16352,'损益','560107','折旧费','xsfy_zjf','借',b'1',16345,2,b'1',97,null,'',''),
(16353,'损益','560108','摊销费','xsfy_txf','借',b'1',16345,2,b'1',97,null,'',''),
(16354,'损益','560109','展览费','xsfy_zlf','借',b'1',16345,2,b'1',97,null,'',''),
(16355,'损益','560110','商品维修费','xsfy_spwxf','借',b'1',16345,2,b'1',97,null,'',''),
(16356,'损益','560111','运输费','xsfy_ysf','借',b'1',16345,2,b'1',97,null,'',''),
(16357,'损益','560112','装卸费','xsfy_zxf','借',b'1',16345,2,b'1',97,null,'',''),
(16358,'损益','560113','包装费','xsfy_bzf','借',b'1',16345,2,b'1',97,null,'',''),
(16359,'损益','560114','保险费','xsfy_bxf','借',b'1',16345,2,b'1',97,null,'',''),
(16360,'损益','560115','广告费','xsfy_ggf','借',b'1',16345,2,b'1',97,null,'',''),
(16361,'损益','560116','业务宣传费','xsfy_ywxcf','借',b'1',16345,2,b'1',97,null,'',''),
(16362,'损益','5602','管理费用','glfy','借',b'1',0,1,b'1',97,null,'',''),
(16363,'损益','560201','管理人员职工薪酬','glfy_glryzgxc','借',b'1',16362,2,b'1',97,null,'',''),
(16364,'损益','560202','业务招待费','glfy_ywzdf','借',b'1',16362,2,b'1',97,null,'',''),
(16365,'损益','560203','修理费','glfy_xlf','借',b'1',16362,2,b'1',97,null,'',''),
(16366,'损益','560204','办公费','glfy_bgf','借',b'1',16362,2,b'1',97,null,'',''),
(16367,'损益','560205','水电费','glfy_sdf','借',b'1',16362,2,b'1',97,null,'',''),
(16368,'损益','560206','差旅费','glfy_clf','借',b'1',16362,2,b'1',97,null,'',''),
(16369,'损益','560207','折旧费','glfy_zjf','借',b'1',16362,2,b'1',97,null,'',''),
(16370,'损益','560208','摊销费','glfy_txf','借',b'1',16362,2,b'1',97,null,'',''),
(16371,'损益','560209','开办费','glfy_kbf','借',b'1',16362,2,b'1',97,null,'',''),
(16372,'损益','560210','研究费用','glfy_yjfy','借',b'1',16362,2,b'1',97,null,'',''),
(16373,'损益','560211','咨询费','glfy_zxf','借',b'1',16362,2,b'1',97,null,'',''),
(16374,'损益','560212','长期待摊费用摊销','glfy_cqdtfytx','借',b'1',16362,2,b'1',97,null,'',''),
(16375,'损益','5603','财务费用','cwfy','借',b'1',0,1,b'1',97,null,'',''),
(16376,'损益','560301','利息费用','cwfy_lxfy','借',b'1',16375,2,b'1',97,null,'',''),
(16377,'损益','560302','手续费','cwfy_sxf','借',b'1',16375,2,b'1',97,null,'',''),
(16378,'损益','560303','汇兑损益','cwfy_hdsy','借',b'1',16375,2,b'1',97,null,'',''),
(16379,'损益','560304','现金折扣','cwfy_xjzk','借',b'1',16375,2,b'1',97,null,'',''),
(16380,'损益','5711','营业外支出','yywzc','借',b'1',0,1,b'1',97,null,'',''),
(16381,'损益','571101','非流动资产处置净损失','yywzc_fldzcczjss','借',b'1',16380,2,b'1',97,null,'',''),
(16382,'损益','571102','赞助支出','yywzc_zzzc','借',b'1',16380,2,b'1',97,null,'',''),
(16383,'损益','571103','捐赠支出','yywzc_jzzc','借',b'1',16380,2,b'1',97,null,'',''),
(16384,'损益','571104','盘亏损失','yywzc_pkss','借',b'1',16380,2,b'1',97,null,'',''),
(16385,'损益','571105','坏账损失','yywzc_hzss','借',b'1',16380,2,b'1',97,null,'',''),
(16386,'损益','571106','存货毁损报废损失','yywzc_chhsbfss','借',b'1',16380,2,b'1',97,null,'',''),
(16387,'损益','571107','无法收回的长期债券投资损失','yywzc_wfshdcqzqtzss','借',b'1',16380,2,b'1',97,null,'',''),
(16388,'损益','571108','无法收回的长期股权投资损失','yywzc_wfshdcqgqtzss','借',b'1',16380,2,b'1',97,null,'',''),
(16389,'损益','571109','自然灾害等不可抗力因素造成的损失','yywzc_zrzhdbkklyszcdss','借',b'1',16380,2,b'1',97,null,'',''),
(16390,'损益','571110','税收滞纳金','yywzc_ssznj','借',b'1',16380,2,b'1',97,null,'',''),
(16391,'损益','571111','罚款支出','yywzc_fkzc','借',b'1',16380,2,b'1',97,null,'',''),
(16392,'损益','5801','所得税费用','sdsfy','借',b'1',0,1,b'1',97,null,'',''),
(16393,'资产','1001','库存现金','kcxj','借',b'1',0,1,b'1',98,null,'',''),
(16394,'资产','1002','银行存款','yhck','借',b'1',0,1,b'1',98,null,'',''),
(16395,'资产','1012','其他货币资金','qthbzj','借',b'1',0,1,b'1',98,null,'',''),
(16396,'资产','1101','短期投资','dqtz','借',b'1',0,1,b'1',98,null,'',''),
(16397,'资产','110101','股票','dqtz_gp','借',b'1',16396,2,b'1',98,null,'',''),
(16398,'资产','110102','债券','dqtz_zq','借',b'1',16396,2,b'1',98,null,'',''),
(16399,'资产','110103','基金','dqtz_jj','借',b'1',16396,2,b'1',98,null,'',''),
(16400,'资产','1121','应收票据','yspj','借',b'1',0,1,b'1',98,null,'',''),
(16401,'资产','1122','应收账款','yszk','借',b'1',0,1,b'1',98,null,'',''),
(16402,'资产','1123','预付账款','yfzk','借',b'1',0,1,b'1',98,null,'',''),
(16403,'资产','1131','应收股利','ysgl','借',b'1',0,1,b'1',98,null,'',''),
(16404,'资产','1132','应收利息','yslx','借',b'1',0,1,b'1',98,null,'',''),
(16405,'资产','1221','其他应收款','qtysk','借',b'1',0,1,b'1',98,null,'',''),
(16406,'资产','1401','材料采购','clcg','借',b'1',0,1,b'1',98,null,'',''),
(16407,'资产','1402','在途物资','ztwz','借',b'1',0,1,b'1',98,null,'',''),
(16408,'资产','1403','原材料','ycl','借',b'1',0,1,b'1',98,null,'',''),
(16409,'资产','1404','材料成本差异','clcbcy','借',b'1',0,1,b'1',98,null,'',''),
(16410,'资产','1405','库存商品','kcsp','借',b'1',0,1,b'1',98,null,'',''),
(16411,'资产','1407','商品进销差价','spjxcj','借',b'1',0,1,b'1',98,null,'',''),
(16412,'资产','1408','委托加工物资','wtjgwz','借',b'1',0,1,b'1',98,null,'',''),
(16413,'资产','1411','周转材料','zzcl','借',b'1',0,1,b'1',98,null,'',''),
(16414,'资产','1421','消耗性生物资产','xhxswzc','借',b'1',0,1,b'1',98,null,'',''),
(16415,'资产','1501','长期债券投资','cqzqtz','借',b'1',0,1,b'1',98,null,'',''),
(16416,'资产','1511','长期股权投资','cqgqtz','借',b'1',0,1,b'1',98,null,'',''),
(16417,'资产','1601','固定资产','gdzc','借',b'1',0,1,b'1',98,null,'',''),
(16418,'资产','1602','累计折旧','ljzj','贷',b'1',0,1,b'1',98,null,'',''),
(16419,'资产','1604','在建工程','zjgc','借',b'1',0,1,b'1',98,null,'',''),
(16420,'资产','1605','工程物资','gcwz','借',b'1',0,1,b'1',98,null,'',''),
(16421,'资产','1606','固定资产清理','gdzcql','借',b'1',0,1,b'1',98,null,'',''),
(16422,'资产','1621','生产性生物资产','scxswzc','借',b'1',0,1,b'1',98,null,'',''),
(16423,'资产','1622','生产性生物资产累计折旧','scxswzcljzj','借',b'1',0,1,b'1',98,null,'',''),
(16424,'资产','1701','无形资产','wxzc','借',b'1',0,1,b'1',98,null,'',''),
(16425,'资产','1702','累计摊销','ljtx','借',b'1',0,1,b'1',98,null,'',''),
(16426,'资产','1801','长期待摊费用','cqdtfy','借',b'1',0,1,b'1',98,null,'',''),
(16427,'资产','1901','待处理财产损溢','dclccsy','借',b'1',0,1,b'1',98,null,'',''),
(16428,'负债','2001','短期借款','dqjk','贷',b'1',0,1,b'1',98,null,'',''),
(16429,'负债','2201','应付票据','yfpj','贷',b'1',0,1,b'1',98,null,'',''),
(16430,'负债','2202','应付账款','yfzk','贷',b'1',0,1,b'1',98,null,'',''),
(16431,'负债','2203','预收账款','yszk','贷',b'1',0,1,b'1',98,null,'',''),
(16432,'负债','2211','应付职工薪酬','yfzgxc','贷',b'1',0,1,b'1',98,null,'',''),
(16433,'负债','2221','应交税费','yjsf','贷',b'1',0,1,b'1',98,null,'',''),
(16434,'负债','222101','应交增值税','yjsf_yjzzs','贷',b'1',16433,2,b'1',98,null,'',''),
(16435,'负债','22210101','进项税额','yjsf_yjzzs_jxse','贷',b'1',16434,3,b'1',98,null,'',''),
(16436,'负债','22210102','已交税金','yjsf_yjzzs_yjsj','贷',b'1',16434,3,b'1',98,null,'',''),
(16437,'负债','22210103','转出未交增值税','yjsf_yjzzs_zcwjzzs','贷',b'1',16434,3,b'1',98,null,'',''),
(16438,'负债','22210104','减免税款','yjsf_yjzzs_jmsk','贷',b'1',16434,3,b'1',98,null,'',''),
(16439,'负债','22210105','销项税额','yjsf_yjzzs_xxse','贷',b'1',16434,3,b'1',98,null,'',''),
(16440,'负债','22210106','出口退税','yjsf_yjzzs_ckts','贷',b'1',16434,3,b'1',98,null,'',''),
(16441,'负债','22210107','进项税额转出','yjsf_yjzzs_jxsezc','贷',b'1',16434,3,b'1',98,null,'',''),
(16442,'负债','22210108','出口抵减内销产品应纳税额','yjsf_yjzzs_ckdjnxcpynse','贷',b'1',16434,3,b'1',98,null,'',''),
(16443,'负债','22210109','转出多交增值税','yjsf_yjzzs_zcdjzzs','贷',b'1',16434,3,b'1',98,null,'',''),
(16444,'负债','22210110','销项税额抵减','yjsf_yjzzs_xxsedj','贷',b'1',16434,3,b'1',98,null,'',''),
(16445,'负债','222102','未交增值税','yjsf_wjzzs','贷',b'1',16433,2,b'1',98,null,'',''),
(16446,'负债','222103','应交消费税','yjsf_yjxfs','贷',b'1',16433,2,b'1',98,null,'',''),
(16447,'负债','222104','应交营业税','yjsf_yjyys','贷',b'1',16433,2,b'1',98,null,'',''),
(16448,'负债','222105','应交资源税','yjsf_yjzys','贷',b'1',16433,2,b'1',98,null,'',''),
(16449,'负债','222106','应交所得税','yjsf_yjsds','贷',b'1',16433,2,b'1',98,null,'',''),
(16450,'负债','222107','应交土地增值税','yjsf_yjtdzzs','贷',b'1',16433,2,b'1',98,null,'',''),
(16451,'负债','222108','应交城市维护建设税','yjsf_yjcswhjss','贷',b'1',16433,2,b'1',98,null,'',''),
(16452,'负债','222109','应交房产税','yjsf_yjfcs','贷',b'1',16433,2,b'1',98,null,'',''),
(16453,'负债','222110','应交城镇土地使用税','yjsf_yjcztdsys','贷',b'1',16433,2,b'1',98,null,'',''),
(16454,'负债','222111','应交车船使用税','yjsf_yjccsys','贷',b'1',16433,2,b'1',98,null,'',''),
(16455,'负债','222112','应交个人所得税','yjsf_yjgrsds','贷',b'1',16433,2,b'1',98,null,'',''),
(16456,'负债','222113','教育费附加','yjsf_jyffj','贷',b'1',16433,2,b'1',98,null,'',''),
(16457,'负债','222114','地方教育费附加','yjsf_dfjyffj','贷',b'1',16433,2,b'1',98,null,'',''),
(16458,'负债','222115','矿产资源补偿费','yjsf_kczybcf','贷',b'1',16433,2,b'1',98,null,'',''),
(16459,'负债','222116','排污费','yjsf_pwf','贷',b'1',16433,2,b'1',98,null,'',''),
(16460,'负债','222117','印花税','yjsf_yhs','贷',b'1',16433,2,b'1',98,null,'',''),
(16461,'负债','222118','预交增值税','yjsf_yjzzs','贷',b'1',16433,2,b'1',98,null,'',''),
(16462,'负债','222119','待抵扣进项税额','yjsf_ddkjxse','贷',b'1',16433,2,b'1',98,null,'',''),
(16463,'负债','222120','待认证进项税额','yjsf_drzjxse','贷',b'1',16433,2,b'1',98,null,'',''),
(16464,'负债','222121','待转销项税额','yjsf_dzxxse','贷',b'1',16433,2,b'1',98,null,'',''),
(16465,'负债','222122','增值税留抵税额','yjsf_zzsldse','贷',b'1',16433,2,b'1',98,null,'',''),
(16466,'负债','222123','简易计税','yjsf_jyjs','贷',b'1',16433,2,b'1',98,null,'',''),
(16467,'负债','222124','转让金融商品应交增值税','yjsf_zrjrspyjzzs','贷',b'1',16433,2,b'1',98,null,'',''),
(16468,'负债','222125','代扣代交增值税','yjsf_dkdjzzs','贷',b'1',16433,2,b'1',98,null,'',''),
(16469,'负债','222126','应交增值税（小规模纳税人专用）','yjsf_yjzzs（xgmnsrzy）','贷',b'1',16433,2,b'1',98,null,'',''),
(16470,'负债','2231','应付利息','yflx','贷',b'1',0,1,b'1',98,null,'',''),
(16471,'负债','2232','应付利润','yflr','贷',b'1',0,1,b'1',98,null,'',''),
(16472,'负债','2241','其他应付款','qtyfk','贷',b'1',0,1,b'1',98,null,'',''),
(16473,'负债','2401','递延收益','dysy','贷',b'1',0,1,b'1',98,null,'',''),
(16474,'负债','2501','长期借款','cqjk','贷',b'1',0,1,b'1',98,null,'',''),
(16475,'负债','2701','长期应付款','cqyfk','贷',b'1',0,1,b'1',98,null,'',''),
(16476,'权益','3001','实收资本','sszb','贷',b'1',0,1,b'1',98,null,'',''),
(16477,'权益','3002','资本公积','zbgj','贷',b'1',0,1,b'1',98,null,'',''),
(16478,'权益','3101','盈余公积','yygj','贷',b'1',0,1,b'1',98,null,'',''),
(16479,'权益','310101','法定盈余公积','yygj_fdyygj','贷',b'1',16478,2,b'1',98,null,'',''),
(16480,'权益','310102','任意盈余公积','yygj_ryyygj','贷',b'1',16478,2,b'1',98,null,'',''),
(16481,'权益','310103','法定公益金','yygj_fdgyj','贷',b'1',16478,2,b'1',98,null,'',''),
(16482,'权益','3103','本年利润','bnlr','贷',b'1',0,1,b'1',98,null,'',''),
(16483,'权益','3104','利润分配','lrfp','贷',b'1',0,1,b'1',98,null,'',''),
(16484,'权益','310401','其他转入','lrfp_qtzr','贷',b'1',16483,2,b'1',98,null,'',''),
(16485,'权益','310402','提取法定盈余公积','lrfp_tqfdyygj','贷',b'1',16483,2,b'1',98,null,'',''),
(16486,'权益','310403','提取法定公益金','lrfp_tqfdgyj','贷',b'1',16483,2,b'1',98,null,'',''),
(16487,'权益','310404','提取任意盈余公积','lrfp_tqryyygj','贷',b'1',16483,2,b'1',98,null,'',''),
(16488,'权益','310405','应付利润','lrfp_yflr','贷',b'1',16483,2,b'1',98,null,'',''),
(16489,'权益','310406','未分配利润','lrfp_wfplr','贷',b'1',16483,2,b'1',98,null,'',''),
(16490,'成本','4001','生产成本','sccb','借',b'1',0,1,b'1',98,null,'',''),
(16491,'成本','4101','制造费用','zzfy','借',b'1',0,1,b'1',98,null,'',''),
(16492,'成本','4301','研发支出','yfzc','借',b'1',0,1,b'1',98,null,'',''),
(16493,'成本','4401','工程施工','gcsg','借',b'1',0,1,b'1',98,null,'',''),
(16494,'成本','4403','机械作业','jxzy','借',b'1',0,1,b'1',98,null,'',''),
(16495,'损益','5001','主营业务收入','zyywsr','贷',b'1',0,1,b'1',98,null,'',''),
(16496,'损益','5051','其他业务收入','qtywsr','贷',b'1',0,1,b'1',98,null,'',''),
(16497,'损益','5111','投资收益','tzsy','贷',b'1',0,1,b'1',98,null,'',''),
(16498,'损益','5301','营业外收入','yywsr','贷',b'1',0,1,b'1',98,null,'',''),
(16499,'损益','530101','非流动资产处置净收益','yywsr_fldzcczjsy','贷',b'1',16498,2,b'1',98,null,'',''),
(16500,'损益','530102','政府补助','yywsr_zfbz','贷',b'1',16498,2,b'1',98,null,'',''),
(16501,'损益','530103','捐赠收益','yywsr_jzsy','贷',b'1',16498,2,b'1',98,null,'',''),
(16502,'损益','530104','盘盈收益','yywsr_pysy','贷',b'1',16498,2,b'1',98,null,'',''),
(16503,'损益','5401','主营业务成本','zyywcb','借',b'1',0,1,b'1',98,null,'',''),
(16504,'损益','5402','其他业务成本','qtywcb','借',b'1',0,1,b'1',98,null,'',''),
(16505,'损益','5403','税金及附加','sjjfj','借',b'1',0,1,b'1',98,null,'',''),
(16506,'损益','5601','销售费用','xsfy','借',b'1',0,1,b'1',98,null,'',''),
(16507,'损益','560101','销售人员职工薪酬','xsfy_xsryzgxc','借',b'1',16506,2,b'1',98,null,'',''),
(16508,'损益','560102','业务招待费','xsfy_ywzdf','借',b'1',16506,2,b'1',98,null,'',''),
(16509,'损益','560103','修理费','xsfy_xlf','借',b'1',16506,2,b'1',98,null,'',''),
(16510,'损益','560104','办公费','xsfy_bgf','借',b'1',16506,2,b'1',98,null,'',''),
(16511,'损益','560105','水电费','xsfy_sdf','借',b'1',16506,2,b'1',98,null,'',''),
(16512,'损益','560106','差旅费','xsfy_clf','借',b'1',16506,2,b'1',98,null,'',''),
(16513,'损益','560107','折旧费','xsfy_zjf','借',b'1',16506,2,b'1',98,null,'',''),
(16514,'损益','560108','摊销费','xsfy_txf','借',b'1',16506,2,b'1',98,null,'',''),
(16515,'损益','560109','展览费','xsfy_zlf','借',b'1',16506,2,b'1',98,null,'',''),
(16516,'损益','560110','商品维修费','xsfy_spwxf','借',b'1',16506,2,b'1',98,null,'',''),
(16517,'损益','560111','运输费','xsfy_ysf','借',b'1',16506,2,b'1',98,null,'',''),
(16518,'损益','560112','装卸费','xsfy_zxf','借',b'1',16506,2,b'1',98,null,'',''),
(16519,'损益','560113','包装费','xsfy_bzf','借',b'1',16506,2,b'1',98,null,'',''),
(16520,'损益','560114','保险费','xsfy_bxf','借',b'1',16506,2,b'1',98,null,'',''),
(16521,'损益','560115','广告费','xsfy_ggf','借',b'1',16506,2,b'1',98,null,'',''),
(16522,'损益','560116','业务宣传费','xsfy_ywxcf','借',b'1',16506,2,b'1',98,null,'',''),
(16523,'损益','5602','管理费用','glfy','借',b'1',0,1,b'1',98,null,'',''),
(16524,'损益','560201','管理人员职工薪酬','glfy_glryzgxc','借',b'1',16523,2,b'1',98,null,'',''),
(16525,'损益','560202','业务招待费','glfy_ywzdf','借',b'1',16523,2,b'1',98,null,'',''),
(16526,'损益','560203','修理费','glfy_xlf','借',b'1',16523,2,b'1',98,null,'',''),
(16527,'损益','560204','办公费','glfy_bgf','借',b'1',16523,2,b'1',98,null,'',''),
(16528,'损益','560205','水电费','glfy_sdf','借',b'1',16523,2,b'1',98,null,'',''),
(16529,'损益','560206','差旅费','glfy_clf','借',b'1',16523,2,b'1',98,null,'',''),
(16530,'损益','560207','折旧费','glfy_zjf','借',b'1',16523,2,b'1',98,null,'',''),
(16531,'损益','560208','摊销费','glfy_txf','借',b'1',16523,2,b'1',98,null,'',''),
(16532,'损益','560209','开办费','glfy_kbf','借',b'1',16523,2,b'1',98,null,'',''),
(16533,'损益','560210','研究费用','glfy_yjfy','借',b'1',16523,2,b'1',98,null,'',''),
(16534,'损益','560211','咨询费','glfy_zxf','借',b'1',16523,2,b'1',98,null,'',''),
(16535,'损益','560212','长期待摊费用摊销','glfy_cqdtfytx','借',b'1',16523,2,b'1',98,null,'',''),
(16536,'损益','5603','财务费用','cwfy','借',b'1',0,1,b'1',98,null,'',''),
(16537,'损益','560301','利息费用','cwfy_lxfy','借',b'1',16536,2,b'1',98,null,'',''),
(16538,'损益','560302','手续费','cwfy_sxf','借',b'1',16536,2,b'1',98,null,'',''),
(16539,'损益','560303','汇兑损益','cwfy_hdsy','借',b'1',16536,2,b'1',98,null,'',''),
(16540,'损益','560304','现金折扣','cwfy_xjzk','借',b'1',16536,2,b'1',98,null,'',''),
(16541,'损益','5711','营业外支出','yywzc','借',b'1',0,1,b'1',98,null,'',''),
(16542,'损益','571101','非流动资产处置净损失','yywzc_fldzcczjss','借',b'1',16541,2,b'1',98,null,'',''),
(16543,'损益','571102','赞助支出','yywzc_zzzc','借',b'1',16541,2,b'1',98,null,'',''),
(16544,'损益','571103','捐赠支出','yywzc_jzzc','借',b'1',16541,2,b'1',98,null,'',''),
(16545,'损益','571104','盘亏损失','yywzc_pkss','借',b'1',16541,2,b'1',98,null,'',''),
(16546,'损益','571105','坏账损失','yywzc_hzss','借',b'1',16541,2,b'1',98,null,'',''),
(16547,'损益','571106','存货毁损报废损失','yywzc_chhsbfss','借',b'1',16541,2,b'1',98,null,'',''),
(16548,'损益','571107','无法收回的长期债券投资损失','yywzc_wfshdcqzqtzss','借',b'1',16541,2,b'1',98,null,'',''),
(16549,'损益','571108','无法收回的长期股权投资损失','yywzc_wfshdcqgqtzss','借',b'1',16541,2,b'1',98,null,'',''),
(16550,'损益','571109','自然灾害等不可抗力因素造成的损失','yywzc_zrzhdbkklyszcdss','借',b'1',16541,2,b'1',98,null,'',''),
(16551,'损益','571110','税收滞纳金','yywzc_ssznj','借',b'1',16541,2,b'1',98,null,'',''),
(16552,'损益','571111','罚款支出','yywzc_fkzc','借',b'1',16541,2,b'1',98,null,'',''),
(16553,'损益','5801','所得税费用','sdsfy','借',b'1',0,1,b'1',98,null,'',''),
(16554,'损益','540101','小菜成本','zyywcb_xccb','借',b'1',16503,2,b'0',98,null,'',''),
(16555,'资产','1001','库存现金','kcxj','借',b'1',0,1,b'1',99,null,'',''),
(16556,'资产','1002','银行存款','yhck','借',b'1',0,1,b'1',99,null,'',''),
(16557,'资产','1012','其他货币资金','qthbzj','借',b'1',0,1,b'1',99,null,'',''),
(16558,'资产','1101','短期投资','dqtz','借',b'1',0,1,b'1',99,null,'',''),
(16559,'资产','110101','股票','dqtz_gp','借',b'1',16558,2,b'1',99,null,'',''),
(16560,'资产','110102','债券','dqtz_zq','借',b'1',16558,2,b'1',99,null,'',''),
(16561,'资产','110103','基金','dqtz_jj','借',b'1',16558,2,b'1',99,null,'',''),
(16562,'资产','1121','应收票据','yspj','借',b'1',0,1,b'1',99,null,'',''),
(16563,'资产','1122','应收账款','yszk','借',b'1',0,1,b'1',99,null,'',''),
(16564,'资产','1123','预付账款','yfzk','借',b'1',0,1,b'1',99,null,'',''),
(16565,'资产','1131','应收股利','ysgl','借',b'1',0,1,b'1',99,null,'',''),
(16566,'资产','1132','应收利息','yslx','借',b'1',0,1,b'1',99,null,'',''),
(16567,'资产','1221','其他应收款','qtysk','借',b'1',0,1,b'1',99,null,'',''),
(16568,'资产','1401','材料采购','clcg','借',b'1',0,1,b'1',99,null,'',''),
(16569,'资产','1402','在途物资','ztwz','借',b'1',0,1,b'1',99,null,'',''),
(16570,'资产','1403','原材料','ycl','借',b'1',0,1,b'1',99,null,'',''),
(16571,'资产','1404','材料成本差异','clcbcy','借',b'1',0,1,b'1',99,null,'',''),
(16572,'资产','1405','库存商品','kcsp','借',b'1',0,1,b'1',99,null,'',''),
(16573,'资产','1407','商品进销差价','spjxcj','借',b'1',0,1,b'1',99,null,'',''),
(16574,'资产','1408','委托加工物资','wtjgwz','借',b'1',0,1,b'1',99,null,'',''),
(16575,'资产','1411','周转材料','zzcl','借',b'1',0,1,b'1',99,null,'',''),
(16576,'资产','1421','消耗性生物资产','xhxswzc','借',b'1',0,1,b'1',99,null,'',''),
(16577,'资产','1501','长期债券投资','cqzqtz','借',b'1',0,1,b'1',99,null,'',''),
(16578,'资产','1511','长期股权投资','cqgqtz','借',b'1',0,1,b'1',99,null,'',''),
(16579,'资产','1601','固定资产','gdzc','借',b'1',0,1,b'1',99,null,'',''),
(16580,'资产','1602','累计折旧','ljzj','贷',b'1',0,1,b'1',99,null,'',''),
(16581,'资产','1604','在建工程','zjgc','借',b'1',0,1,b'1',99,null,'',''),
(16582,'资产','1605','工程物资','gcwz','借',b'1',0,1,b'1',99,null,'',''),
(16583,'资产','1606','固定资产清理','gdzcql','借',b'1',0,1,b'1',99,null,'',''),
(16584,'资产','1621','生产性生物资产','scxswzc','借',b'1',0,1,b'1',99,null,'',''),
(16585,'资产','1622','生产性生物资产累计折旧','scxswzcljzj','借',b'1',0,1,b'1',99,null,'',''),
(16586,'资产','1701','无形资产','wxzc','借',b'1',0,1,b'1',99,null,'',''),
(16587,'资产','1702','累计摊销','ljtx','借',b'1',0,1,b'1',99,null,'',''),
(16588,'资产','1801','长期待摊费用','cqdtfy','借',b'1',0,1,b'1',99,null,'',''),
(16589,'资产','1901','待处理财产损溢','dclccsy','借',b'1',0,1,b'1',99,null,'',''),
(16590,'负债','2001','短期借款','dqjk','贷',b'1',0,1,b'1',99,null,'',''),
(16591,'负债','2201','应付票据','yfpj','贷',b'1',0,1,b'1',99,null,'',''),
(16592,'负债','2202','应付账款','yfzk','贷',b'1',0,1,b'1',99,null,'',''),
(16593,'负债','2203','预收账款','yszk','贷',b'1',0,1,b'1',99,null,'',''),
(16594,'负债','2211','应付职工薪酬','yfzgxc','贷',b'1',0,1,b'1',99,null,'',''),
(16595,'负债','2221','应交税费','yjsf','贷',b'1',0,1,b'1',99,null,'',''),
(16596,'负债','222101','应交增值税','yjsf_yjzzs','贷',b'1',16595,2,b'1',99,null,'',''),
(16597,'负债','22210101','进项税额','yjsf_yjzzs_jxse','贷',b'1',16596,3,b'1',99,null,'',''),
(16598,'负债','22210102','已交税金','yjsf_yjzzs_yjsj','贷',b'1',16596,3,b'1',99,null,'',''),
(16599,'负债','22210103','转出未交增值税','yjsf_yjzzs_zcwjzzs','贷',b'1',16596,3,b'1',99,null,'',''),
(16600,'负债','22210104','减免税款','yjsf_yjzzs_jmsk','贷',b'1',16596,3,b'1',99,null,'',''),
(16601,'负债','22210105','销项税额','yjsf_yjzzs_xxse','贷',b'1',16596,3,b'1',99,null,'',''),
(16602,'负债','22210106','出口退税','yjsf_yjzzs_ckts','贷',b'1',16596,3,b'1',99,null,'',''),
(16603,'负债','22210107','进项税额转出','yjsf_yjzzs_jxsezc','贷',b'1',16596,3,b'1',99,null,'',''),
(16604,'负债','22210108','出口抵减内销产品应纳税额','yjsf_yjzzs_ckdjnxcpynse','贷',b'1',16596,3,b'1',99,null,'',''),
(16605,'负债','22210109','转出多交增值税','yjsf_yjzzs_zcdjzzs','贷',b'1',16596,3,b'1',99,null,'',''),
(16606,'负债','22210110','销项税额抵减','yjsf_yjzzs_xxsedj','贷',b'1',16596,3,b'1',99,null,'',''),
(16607,'负债','222102','未交增值税','yjsf_wjzzs','贷',b'1',16595,2,b'1',99,null,'',''),
(16608,'负债','222103','应交消费税','yjsf_yjxfs','贷',b'1',16595,2,b'1',99,null,'',''),
(16609,'负债','222104','应交营业税','yjsf_yjyys','贷',b'1',16595,2,b'1',99,null,'',''),
(16610,'负债','222105','应交资源税','yjsf_yjzys','贷',b'1',16595,2,b'1',99,null,'',''),
(16611,'负债','222106','应交所得税','yjsf_yjsds','贷',b'1',16595,2,b'1',99,null,'',''),
(16612,'负债','222107','应交土地增值税','yjsf_yjtdzzs','贷',b'1',16595,2,b'1',99,null,'',''),
(16613,'负债','222108','应交城市维护建设税','yjsf_yjcswhjss','贷',b'1',16595,2,b'1',99,null,'',''),
(16614,'负债','222109','应交房产税','yjsf_yjfcs','贷',b'1',16595,2,b'1',99,null,'',''),
(16615,'负债','222110','应交城镇土地使用税','yjsf_yjcztdsys','贷',b'1',16595,2,b'1',99,null,'',''),
(16616,'负债','222111','应交车船使用税','yjsf_yjccsys','贷',b'1',16595,2,b'1',99,null,'',''),
(16617,'负债','222112','应交个人所得税','yjsf_yjgrsds','贷',b'1',16595,2,b'1',99,null,'',''),
(16618,'负债','222113','教育费附加','yjsf_jyffj','贷',b'1',16595,2,b'1',99,null,'',''),
(16619,'负债','222114','地方教育费附加','yjsf_dfjyffj','贷',b'1',16595,2,b'1',99,null,'',''),
(16620,'负债','222115','矿产资源补偿费','yjsf_kczybcf','贷',b'1',16595,2,b'1',99,null,'',''),
(16621,'负债','222116','排污费','yjsf_pwf','贷',b'1',16595,2,b'1',99,null,'',''),
(16622,'负债','222117','印花税','yjsf_yhs','贷',b'1',16595,2,b'1',99,null,'',''),
(16623,'负债','222118','预交增值税','yjsf_yjzzs','贷',b'1',16595,2,b'1',99,null,'',''),
(16624,'负债','222119','待抵扣进项税额','yjsf_ddkjxse','贷',b'1',16595,2,b'1',99,null,'',''),
(16625,'负债','222120','待认证进项税额','yjsf_drzjxse','贷',b'1',16595,2,b'1',99,null,'',''),
(16626,'负债','222121','待转销项税额','yjsf_dzxxse','贷',b'1',16595,2,b'1',99,null,'',''),
(16627,'负债','222122','增值税留抵税额','yjsf_zzsldse','贷',b'1',16595,2,b'1',99,null,'',''),
(16628,'负债','222123','简易计税','yjsf_jyjs','贷',b'1',16595,2,b'1',99,null,'',''),
(16629,'负债','222124','转让金融商品应交增值税','yjsf_zrjrspyjzzs','贷',b'1',16595,2,b'1',99,null,'',''),
(16630,'负债','222125','代扣代交增值税','yjsf_dkdjzzs','贷',b'1',16595,2,b'1',99,null,'',''),
(16631,'负债','222126','应交增值税（小规模纳税人专用）','yjsf_yjzzs（xgmnsrzy）','贷',b'1',16595,2,b'1',99,null,'',''),
(16632,'负债','2231','应付利息','yflx','贷',b'1',0,1,b'1',99,null,'',''),
(16633,'负债','2232','应付利润','yflr','贷',b'1',0,1,b'1',99,null,'',''),
(16634,'负债','2241','其他应付款','qtyfk','贷',b'1',0,1,b'1',99,null,'',''),
(16635,'负债','2401','递延收益','dysy','贷',b'1',0,1,b'1',99,null,'',''),
(16636,'负债','2501','长期借款','cqjk','贷',b'1',0,1,b'1',99,null,'',''),
(16637,'负债','2701','长期应付款','cqyfk','贷',b'1',0,1,b'1',99,null,'',''),
(16638,'权益','3001','实收资本','sszb','贷',b'1',0,1,b'1',99,null,'',''),
(16639,'权益','3002','资本公积','zbgj','贷',b'1',0,1,b'1',99,null,'',''),
(16640,'权益','3101','盈余公积','yygj','贷',b'1',0,1,b'1',99,null,'',''),
(16641,'权益','310101','法定盈余公积','yygj_fdyygj','贷',b'1',16640,2,b'1',99,null,'',''),
(16642,'权益','310102','任意盈余公积','yygj_ryyygj','贷',b'1',16640,2,b'1',99,null,'',''),
(16643,'权益','310103','法定公益金','yygj_fdgyj','贷',b'1',16640,2,b'1',99,null,'',''),
(16644,'权益','3103','本年利润','bnlr','贷',b'1',0,1,b'1',99,null,'',''),
(16645,'权益','3104','利润分配','lrfp','贷',b'1',0,1,b'1',99,null,'',''),
(16646,'权益','310401','其他转入','lrfp_qtzr','贷',b'1',16645,2,b'1',99,null,'',''),
(16647,'权益','310402','提取法定盈余公积','lrfp_tqfdyygj','贷',b'1',16645,2,b'1',99,null,'',''),
(16648,'权益','310403','提取法定公益金','lrfp_tqfdgyj','贷',b'1',16645,2,b'1',99,null,'',''),
(16649,'权益','310404','提取任意盈余公积','lrfp_tqryyygj','贷',b'1',16645,2,b'1',99,null,'',''),
(16650,'权益','310405','应付利润','lrfp_yflr','贷',b'1',16645,2,b'1',99,null,'',''),
(16651,'权益','310406','未分配利润','lrfp_wfplr','贷',b'1',16645,2,b'1',99,null,'',''),
(16652,'成本','4001','生产成本','sccb','借',b'1',0,1,b'1',99,null,'',''),
(16653,'成本','4101','制造费用','zzfy','借',b'1',0,1,b'1',99,null,'',''),
(16654,'成本','4301','研发支出','yfzc','借',b'1',0,1,b'1',99,null,'',''),
(16655,'成本','4401','工程施工','gcsg','借',b'1',0,1,b'1',99,null,'',''),
(16656,'成本','4403','机械作业','jxzy','借',b'1',0,1,b'1',99,null,'',''),
(16657,'损益','5001','主营业务收入','zyywsr','贷',b'1',0,1,b'1',99,null,'',''),
(16658,'损益','5051','其他业务收入','qtywsr','贷',b'1',0,1,b'1',99,null,'',''),
(16659,'损益','5111','投资收益','tzsy','贷',b'1',0,1,b'1',99,null,'',''),
(16660,'损益','5301','营业外收入','yywsr','贷',b'1',0,1,b'1',99,null,'',''),
(16661,'损益','530101','非流动资产处置净收益','yywsr_fldzcczjsy','贷',b'1',16660,2,b'1',99,null,'',''),
(16662,'损益','530102','政府补助','yywsr_zfbz','贷',b'1',16660,2,b'1',99,null,'',''),
(16663,'损益','530103','捐赠收益','yywsr_jzsy','贷',b'1',16660,2,b'1',99,null,'',''),
(16664,'损益','530104','盘盈收益','yywsr_pysy','贷',b'1',16660,2,b'1',99,null,'',''),
(16665,'损益','5401','主营业务成本','zyywcb','借',b'1',0,1,b'1',99,null,'',''),
(16666,'损益','5402','其他业务成本','qtywcb','借',b'1',0,1,b'1',99,null,'',''),
(16667,'损益','5403','税金及附加','sjjfj','借',b'1',0,1,b'1',99,null,'',''),
(16668,'损益','5601','销售费用','xsfy','借',b'1',0,1,b'1',99,null,'',''),
(16669,'损益','560101','销售人员职工薪酬','xsfy_xsryzgxc','借',b'1',16668,2,b'1',99,null,'',''),
(16670,'损益','560102','业务招待费','xsfy_ywzdf','借',b'1',16668,2,b'1',99,null,'',''),
(16671,'损益','560103','修理费','xsfy_xlf','借',b'1',16668,2,b'1',99,null,'',''),
(16672,'损益','560104','办公费','xsfy_bgf','借',b'1',16668,2,b'1',99,null,'',''),
(16673,'损益','560105','水电费','xsfy_sdf','借',b'1',16668,2,b'1',99,null,'',''),
(16674,'损益','560106','差旅费','xsfy_clf','借',b'1',16668,2,b'1',99,null,'',''),
(16675,'损益','560107','折旧费','xsfy_zjf','借',b'1',16668,2,b'1',99,null,'',''),
(16676,'损益','560108','摊销费','xsfy_txf','借',b'1',16668,2,b'1',99,null,'',''),
(16677,'损益','560109','展览费','xsfy_zlf','借',b'1',16668,2,b'1',99,null,'',''),
(16678,'损益','560110','商品维修费','xsfy_spwxf','借',b'1',16668,2,b'1',99,null,'',''),
(16679,'损益','560111','运输费','xsfy_ysf','借',b'1',16668,2,b'1',99,null,'',''),
(16680,'损益','560112','装卸费','xsfy_zxf','借',b'1',16668,2,b'1',99,null,'',''),
(16681,'损益','560113','包装费','xsfy_bzf','借',b'1',16668,2,b'1',99,null,'',''),
(16682,'损益','560114','保险费','xsfy_bxf','借',b'1',16668,2,b'1',99,null,'',''),
(16683,'损益','560115','广告费','xsfy_ggf','借',b'1',16668,2,b'1',99,null,'',''),
(16684,'损益','560116','业务宣传费','xsfy_ywxcf','借',b'1',16668,2,b'1',99,null,'',''),
(16685,'损益','5602','管理费用','glfy','借',b'1',0,1,b'1',99,null,'',''),
(16686,'损益','560201','管理人员职工薪酬','glfy_glryzgxc','借',b'1',16685,2,b'1',99,null,'',''),
(16687,'损益','560202','业务招待费','glfy_ywzdf','借',b'1',16685,2,b'1',99,null,'',''),
(16688,'损益','560203','修理费','glfy_xlf','借',b'1',16685,2,b'1',99,null,'',''),
(16689,'损益','560204','办公费','glfy_bgf','借',b'1',16685,2,b'1',99,null,'',''),
(16690,'损益','560205','水电费','glfy_sdf','借',b'1',16685,2,b'1',99,null,'',''),
(16691,'损益','560206','差旅费','glfy_clf','借',b'1',16685,2,b'1',99,null,'',''),
(16692,'损益','560207','折旧费','glfy_zjf','借',b'1',16685,2,b'1',99,null,'',''),
(16693,'损益','560208','摊销费','glfy_txf','借',b'1',16685,2,b'1',99,null,'',''),
(16694,'损益','560209','开办费','glfy_kbf','借',b'1',16685,2,b'1',99,null,'',''),
(16695,'损益','560210','研究费用','glfy_yjfy','借',b'1',16685,2,b'1',99,null,'',''),
(16696,'损益','560211','咨询费','glfy_zxf','借',b'1',16685,2,b'1',99,null,'',''),
(16697,'损益','560212','长期待摊费用摊销','glfy_cqdtfytx','借',b'1',16685,2,b'1',99,null,'',''),
(16698,'损益','5603','财务费用','cwfy','借',b'1',0,1,b'1',99,null,'',''),
(16699,'损益','560301','利息费用','cwfy_lxfy','借',b'1',16698,2,b'1',99,null,'',''),
(16700,'损益','560302','手续费','cwfy_sxf','借',b'1',16698,2,b'1',99,null,'',''),
(16701,'损益','560303','汇兑损益','cwfy_hdsy','借',b'1',16698,2,b'1',99,null,'',''),
(16702,'损益','560304','现金折扣','cwfy_xjzk','借',b'1',16698,2,b'1',99,null,'',''),
(16703,'损益','5711','营业外支出','yywzc','借',b'1',0,1,b'1',99,null,'',''),
(16704,'损益','571101','非流动资产处置净损失','yywzc_fldzcczjss','借',b'1',16703,2,b'1',99,null,'',''),
(16705,'损益','571102','赞助支出','yywzc_zzzc','借',b'1',16703,2,b'1',99,null,'',''),
(16706,'损益','571103','捐赠支出','yywzc_jzzc','借',b'1',16703,2,b'1',99,null,'',''),
(16707,'损益','571104','盘亏损失','yywzc_pkss','借',b'1',16703,2,b'1',99,null,'',''),
(16708,'损益','571105','坏账损失','yywzc_hzss','借',b'1',16703,2,b'1',99,null,'',''),
(16709,'损益','571106','存货毁损报废损失','yywzc_chhsbfss','借',b'1',16703,2,b'1',99,null,'',''),
(16710,'损益','571107','无法收回的长期债券投资损失','yywzc_wfshdcqzqtzss','借',b'1',16703,2,b'1',99,null,'',''),
(16711,'损益','571108','无法收回的长期股权投资损失','yywzc_wfshdcqgqtzss','借',b'1',16703,2,b'1',99,null,'',''),
(16712,'损益','571109','自然灾害等不可抗力因素造成的损失','yywzc_zrzhdbkklyszcdss','借',b'1',16703,2,b'1',99,null,'',''),
(16713,'损益','571110','税收滞纳金','yywzc_ssznj','借',b'1',16703,2,b'1',99,null,'',''),
(16714,'损益','571111','罚款支出','yywzc_fkzc','借',b'1',16703,2,b'1',99,null,'',''),
(16715,'损益','5801','所得税费用','sdsfy','借',b'1',0,1,b'1',99,null,'',''),
(16716,'资产','1001','库存现金','kcxj','借',b'1',0,1,b'1',100,null,'',''),
(16717,'资产','1002','银行存款','yhck','借',b'1',0,1,b'1',100,null,'',''),
(16718,'资产','1012','其他货币资金','qthbzj','借',b'1',0,1,b'1',100,null,'',''),
(16719,'资产','1101','短期投资','dqtz','借',b'1',0,1,b'1',100,null,'',''),
(16720,'资产','110101','股票','dqtz_gp','借',b'1',16719,2,b'1',100,null,'',''),
(16721,'资产','110102','债券','dqtz_zq','借',b'1',16719,2,b'1',100,null,'',''),
(16722,'资产','110103','基金','dqtz_jj','借',b'1',16719,2,b'1',100,null,'',''),
(16723,'资产','1121','应收票据','yspj','借',b'1',0,1,b'1',100,null,'',''),
(16724,'资产','1122','应收账款','yszk','借',b'1',0,1,b'1',100,null,'',''),
(16725,'资产','1123','预付账款','yfzk','借',b'1',0,1,b'1',100,null,'',''),
(16726,'资产','1131','应收股利','ysgl','借',b'1',0,1,b'1',100,null,'',''),
(16727,'资产','1132','应收利息','yslx','借',b'1',0,1,b'1',100,null,'',''),
(16728,'资产','1221','其他应收款','qtysk','借',b'1',0,1,b'1',100,null,'',''),
(16729,'资产','1401','材料采购','clcg','借',b'1',0,1,b'1',100,null,'',''),
(16730,'资产','1402','在途物资','ztwz','借',b'1',0,1,b'1',100,null,'',''),
(16731,'资产','1403','原材料','ycl','借',b'1',0,1,b'1',100,null,'',''),
(16732,'资产','1404','材料成本差异','clcbcy','借',b'1',0,1,b'1',100,null,'',''),
(16733,'资产','1405','库存商品','kcsp','借',b'1',0,1,b'1',100,null,'',''),
(16734,'资产','1407','商品进销差价','spjxcj','借',b'1',0,1,b'1',100,null,'',''),
(16735,'资产','1408','委托加工物资','wtjgwz','借',b'1',0,1,b'1',100,null,'',''),
(16736,'资产','1411','周转材料','zzcl','借',b'1',0,1,b'1',100,null,'',''),
(16737,'资产','1421','消耗性生物资产','xhxswzc','借',b'1',0,1,b'1',100,null,'',''),
(16738,'资产','1501','长期债券投资','cqzqtz','借',b'1',0,1,b'1',100,null,'',''),
(16739,'资产','1511','长期股权投资','cqgqtz','借',b'1',0,1,b'1',100,null,'',''),
(16740,'资产','1601','固定资产','gdzc','借',b'1',0,1,b'1',100,null,'',''),
(16741,'资产','1602','累计折旧','ljzj','贷',b'1',0,1,b'1',100,null,'',''),
(16742,'资产','1604','在建工程','zjgc','借',b'1',0,1,b'1',100,null,'',''),
(16743,'资产','1605','工程物资','gcwz','借',b'1',0,1,b'1',100,null,'',''),
(16744,'资产','1606','固定资产清理','gdzcql','借',b'1',0,1,b'1',100,null,'',''),
(16745,'资产','1621','生产性生物资产','scxswzc','借',b'1',0,1,b'1',100,null,'',''),
(16746,'资产','1622','生产性生物资产累计折旧','scxswzcljzj','借',b'1',0,1,b'1',100,null,'',''),
(16747,'资产','1701','无形资产','wxzc','借',b'1',0,1,b'1',100,null,'',''),
(16748,'资产','1702','累计摊销','ljtx','借',b'1',0,1,b'1',100,null,'',''),
(16749,'资产','1801','长期待摊费用','cqdtfy','借',b'1',0,1,b'1',100,null,'',''),
(16750,'资产','1901','待处理财产损溢','dclccsy','借',b'1',0,1,b'1',100,null,'',''),
(16751,'负债','2001','短期借款','dqjk','贷',b'1',0,1,b'1',100,null,'',''),
(16752,'负债','2201','应付票据','yfpj','贷',b'1',0,1,b'1',100,null,'',''),
(16753,'负债','2202','应付账款','yfzk','贷',b'1',0,1,b'1',100,null,'',''),
(16754,'负债','2203','预收账款','yszk','贷',b'1',0,1,b'1',100,null,'',''),
(16755,'负债','2211','应付职工薪酬','yfzgxc','贷',b'1',0,1,b'1',100,null,'',''),
(16756,'负债','2221','应交税费','yjsf','贷',b'1',0,1,b'1',100,null,'',''),
(16757,'负债','222101','应交增值税','yjsf_yjzzs','贷',b'1',16756,2,b'1',100,null,'',''),
(16758,'负债','22210101','进项税额','yjsf_yjzzs_jxse','贷',b'1',16757,3,b'1',100,null,'',''),
(16759,'负债','22210102','已交税金','yjsf_yjzzs_yjsj','贷',b'1',16757,3,b'1',100,null,'',''),
(16760,'负债','22210103','转出未交增值税','yjsf_yjzzs_zcwjzzs','贷',b'1',16757,3,b'1',100,null,'',''),
(16761,'负债','22210104','减免税款','yjsf_yjzzs_jmsk','贷',b'1',16757,3,b'1',100,null,'',''),
(16762,'负债','22210105','销项税额','yjsf_yjzzs_xxse','贷',b'1',16757,3,b'1',100,null,'',''),
(16763,'负债','22210106','出口退税','yjsf_yjzzs_ckts','贷',b'1',16757,3,b'1',100,null,'',''),
(16764,'负债','22210107','进项税额转出','yjsf_yjzzs_jxsezc','贷',b'1',16757,3,b'1',100,null,'',''),
(16765,'负债','22210108','出口抵减内销产品应纳税额','yjsf_yjzzs_ckdjnxcpynse','贷',b'1',16757,3,b'1',100,null,'',''),
(16766,'负债','22210109','转出多交增值税','yjsf_yjzzs_zcdjzzs','贷',b'1',16757,3,b'1',100,null,'',''),
(16767,'负债','22210110','销项税额抵减','yjsf_yjzzs_xxsedj','贷',b'1',16757,3,b'1',100,null,'',''),
(16768,'负债','222102','未交增值税','yjsf_wjzzs','贷',b'1',16756,2,b'1',100,null,'',''),
(16769,'负债','222103','应交消费税','yjsf_yjxfs','贷',b'1',16756,2,b'1',100,null,'',''),
(16770,'负债','222104','应交营业税','yjsf_yjyys','贷',b'1',16756,2,b'1',100,null,'',''),
(16771,'负债','222105','应交资源税','yjsf_yjzys','贷',b'1',16756,2,b'1',100,null,'',''),
(16772,'负债','222106','应交所得税','yjsf_yjsds','贷',b'1',16756,2,b'1',100,null,'',''),
(16773,'负债','222107','应交土地增值税','yjsf_yjtdzzs','贷',b'1',16756,2,b'1',100,null,'',''),
(16774,'负债','222108','应交城市维护建设税','yjsf_yjcswhjss','贷',b'1',16756,2,b'1',100,null,'',''),
(16775,'负债','222109','应交房产税','yjsf_yjfcs','贷',b'1',16756,2,b'1',100,null,'',''),
(16776,'负债','222110','应交城镇土地使用税','yjsf_yjcztdsys','贷',b'1',16756,2,b'1',100,null,'',''),
(16777,'负债','222111','应交车船使用税','yjsf_yjccsys','贷',b'1',16756,2,b'1',100,null,'',''),
(16778,'负债','222112','应交个人所得税','yjsf_yjgrsds','贷',b'1',16756,2,b'1',100,null,'',''),
(16779,'负债','222113','教育费附加','yjsf_jyffj','贷',b'1',16756,2,b'1',100,null,'',''),
(16780,'负债','222114','地方教育费附加','yjsf_dfjyffj','贷',b'1',16756,2,b'1',100,null,'',''),
(16781,'负债','222115','矿产资源补偿费','yjsf_kczybcf','贷',b'1',16756,2,b'1',100,null,'',''),
(16782,'负债','222116','排污费','yjsf_pwf','贷',b'1',16756,2,b'1',100,null,'',''),
(16783,'负债','222117','印花税','yjsf_yhs','贷',b'1',16756,2,b'1',100,null,'',''),
(16784,'负债','222118','预交增值税','yjsf_yjzzs','贷',b'1',16756,2,b'1',100,null,'',''),
(16785,'负债','222119','待抵扣进项税额','yjsf_ddkjxse','贷',b'1',16756,2,b'1',100,null,'',''),
(16786,'负债','222120','待认证进项税额','yjsf_drzjxse','贷',b'1',16756,2,b'1',100,null,'',''),
(16787,'负债','222121','待转销项税额','yjsf_dzxxse','贷',b'1',16756,2,b'1',100,null,'',''),
(16788,'负债','222122','增值税留抵税额','yjsf_zzsldse','贷',b'1',16756,2,b'1',100,null,'',''),
(16789,'负债','222123','简易计税','yjsf_jyjs','贷',b'1',16756,2,b'1',100,null,'',''),
(16790,'负债','222124','转让金融商品应交增值税','yjsf_zrjrspyjzzs','贷',b'1',16756,2,b'1',100,null,'',''),
(16791,'负债','222125','代扣代交增值税','yjsf_dkdjzzs','贷',b'1',16756,2,b'1',100,null,'',''),
(16792,'负债','222126','应交增值税（小规模纳税人专用）','yjsf_yjzzs（xgmnsrzy）','贷',b'1',16756,2,b'1',100,null,'',''),
(16793,'负债','2231','应付利息','yflx','贷',b'1',0,1,b'1',100,null,'',''),
(16794,'负债','2232','应付利润','yflr','贷',b'1',0,1,b'1',100,null,'',''),
(16795,'负债','2241','其他应付款','qtyfk','贷',b'1',0,1,b'1',100,null,'',''),
(16796,'负债','2401','递延收益','dysy','贷',b'1',0,1,b'1',100,null,'',''),
(16797,'负债','2501','长期借款','cqjk','贷',b'1',0,1,b'1',100,null,'',''),
(16798,'负债','2701','长期应付款','cqyfk','贷',b'1',0,1,b'1',100,null,'',''),
(16799,'权益','3001','实收资本','sszb','贷',b'1',0,1,b'1',100,null,'',''),
(16800,'权益','3002','资本公积','zbgj','贷',b'1',0,1,b'1',100,null,'',''),
(16801,'权益','3101','盈余公积','yygj','贷',b'1',0,1,b'1',100,null,'',''),
(16802,'权益','310101','法定盈余公积','yygj_fdyygj','贷',b'1',16801,2,b'1',100,null,'',''),
(16803,'权益','310102','任意盈余公积','yygj_ryyygj','贷',b'1',16801,2,b'1',100,null,'',''),
(16804,'权益','310103','法定公益金','yygj_fdgyj','贷',b'1',16801,2,b'1',100,null,'',''),
(16805,'权益','3103','本年利润','bnlr','贷',b'1',0,1,b'1',100,null,'',''),
(16806,'权益','3104','利润分配','lrfp','贷',b'1',0,1,b'1',100,null,'',''),
(16807,'权益','310401','其他转入','lrfp_qtzr','贷',b'1',16806,2,b'1',100,null,'',''),
(16808,'权益','310402','提取法定盈余公积','lrfp_tqfdyygj','贷',b'1',16806,2,b'1',100,null,'',''),
(16809,'权益','310403','提取法定公益金','lrfp_tqfdgyj','贷',b'1',16806,2,b'1',100,null,'',''),
(16810,'权益','310404','提取任意盈余公积','lrfp_tqryyygj','贷',b'1',16806,2,b'1',100,null,'',''),
(16811,'权益','310405','应付利润','lrfp_yflr','贷',b'1',16806,2,b'1',100,null,'',''),
(16812,'权益','310406','未分配利润','lrfp_wfplr','贷',b'1',16806,2,b'1',100,null,'',''),
(16813,'成本','4001','生产成本','sccb','借',b'1',0,1,b'1',100,null,'',''),
(16814,'成本','4101','制造费用','zzfy','借',b'1',0,1,b'1',100,null,'',''),
(16815,'成本','4301','研发支出','yfzc','借',b'1',0,1,b'1',100,null,'',''),
(16816,'成本','4401','工程施工','gcsg','借',b'1',0,1,b'1',100,null,'',''),
(16817,'成本','4403','机械作业','jxzy','借',b'1',0,1,b'1',100,null,'',''),
(16818,'损益','5001','主营业务收入','zyywsr','贷',b'1',0,1,b'1',100,null,'',''),
(16819,'损益','5051','其他业务收入','qtywsr','贷',b'1',0,1,b'1',100,null,'',''),
(16820,'损益','5111','投资收益','tzsy','贷',b'1',0,1,b'1',100,null,'',''),
(16821,'损益','5301','营业外收入','yywsr','贷',b'1',0,1,b'1',100,null,'',''),
(16822,'损益','530101','非流动资产处置净收益','yywsr_fldzcczjsy','贷',b'1',16821,2,b'1',100,null,'',''),
(16823,'损益','530102','政府补助','yywsr_zfbz','贷',b'1',16821,2,b'1',100,null,'',''),
(16824,'损益','530103','捐赠收益','yywsr_jzsy','贷',b'1',16821,2,b'1',100,null,'',''),
(16825,'损益','530104','盘盈收益','yywsr_pysy','贷',b'1',16821,2,b'1',100,null,'',''),
(16826,'损益','5401','主营业务成本','zyywcb','借',b'1',0,1,b'1',100,null,'',''),
(16827,'损益','5402','其他业务成本','qtywcb','借',b'1',0,1,b'1',100,null,'',''),
(16828,'损益','5403','税金及附加','sjjfj','借',b'1',0,1,b'1',100,null,'',''),
(16829,'损益','5601','销售费用','xsfy','借',b'1',0,1,b'1',100,null,'',''),
(16830,'损益','560101','销售人员职工薪酬','xsfy_xsryzgxc','借',b'1',16829,2,b'1',100,null,'',''),
(16831,'损益','560102','业务招待费','xsfy_ywzdf','借',b'1',16829,2,b'1',100,null,'',''),
(16832,'损益','560103','修理费','xsfy_xlf','借',b'1',16829,2,b'1',100,null,'',''),
(16833,'损益','560104','办公费','xsfy_bgf','借',b'1',16829,2,b'1',100,null,'',''),
(16834,'损益','560105','水电费','xsfy_sdf','借',b'1',16829,2,b'1',100,null,'',''),
(16835,'损益','560106','差旅费','xsfy_clf','借',b'1',16829,2,b'1',100,null,'',''),
(16836,'损益','560107','折旧费','xsfy_zjf','借',b'1',16829,2,b'1',100,null,'',''),
(16837,'损益','560108','摊销费','xsfy_txf','借',b'1',16829,2,b'1',100,null,'',''),
(16838,'损益','560109','展览费','xsfy_zlf','借',b'1',16829,2,b'1',100,null,'',''),
(16839,'损益','560110','商品维修费','xsfy_spwxf','借',b'1',16829,2,b'1',100,null,'',''),
(16840,'损益','560111','运输费','xsfy_ysf','借',b'1',16829,2,b'1',100,null,'',''),
(16841,'损益','560112','装卸费','xsfy_zxf','借',b'1',16829,2,b'1',100,null,'',''),
(16842,'损益','560113','包装费','xsfy_bzf','借',b'1',16829,2,b'1',100,null,'',''),
(16843,'损益','560114','保险费','xsfy_bxf','借',b'1',16829,2,b'1',100,null,'',''),
(16844,'损益','560115','广告费','xsfy_ggf','借',b'1',16829,2,b'1',100,null,'',''),
(16845,'损益','560116','业务宣传费','xsfy_ywxcf','借',b'1',16829,2,b'1',100,null,'',''),
(16846,'损益','5602','管理费用','glfy','借',b'1',0,1,b'1',100,null,'',''),
(16847,'损益','560201','管理人员职工薪酬','glfy_glryzgxc','借',b'1',16846,2,b'1',100,null,'',''),
(16848,'损益','560202','业务招待费','glfy_ywzdf','借',b'1',16846,2,b'1',100,null,'',''),
(16849,'损益','560203','修理费','glfy_xlf','借',b'1',16846,2,b'1',100,null,'',''),
(16850,'损益','560204','办公费','glfy_bgf','借',b'1',16846,2,b'1',100,null,'',''),
(16851,'损益','560205','水电费','glfy_sdf','借',b'1',16846,2,b'1',100,null,'',''),
(16852,'损益','560206','差旅费','glfy_clf','借',b'1',16846,2,b'1',100,null,'',''),
(16853,'损益','560207','折旧费','glfy_zjf','借',b'1',16846,2,b'1',100,null,'',''),
(16854,'损益','560208','摊销费','glfy_txf','借',b'1',16846,2,b'1',100,null,'',''),
(16855,'损益','560209','开办费','glfy_kbf','借',b'1',16846,2,b'1',100,null,'',''),
(16856,'损益','560210','研究费用','glfy_yjfy','借',b'1',16846,2,b'1',100,null,'',''),
(16857,'损益','560211','咨询费','glfy_zxf','借',b'1',16846,2,b'1',100,null,'',''),
(16858,'损益','560212','长期待摊费用摊销','glfy_cqdtfytx','借',b'1',16846,2,b'1',100,null,'',''),
(16859,'损益','5603','财务费用','cwfy','借',b'1',0,1,b'1',100,null,'',''),
(16860,'损益','560301','利息费用','cwfy_lxfy','借',b'1',16859,2,b'1',100,null,'',''),
(16861,'损益','560302','手续费','cwfy_sxf','借',b'1',16859,2,b'1',100,null,'',''),
(16862,'损益','560303','汇兑损益','cwfy_hdsy','借',b'1',16859,2,b'1',100,null,'',''),
(16863,'损益','560304','现金折扣','cwfy_xjzk','借',b'1',16859,2,b'1',100,null,'',''),
(16864,'损益','5711','营业外支出','yywzc','借',b'1',0,1,b'1',100,null,'',''),
(16865,'损益','571101','非流动资产处置净损失','yywzc_fldzcczjss','借',b'1',16864,2,b'1',100,null,'',''),
(16866,'损益','571102','赞助支出','yywzc_zzzc','借',b'1',16864,2,b'1',100,null,'',''),
(16867,'损益','571103','捐赠支出','yywzc_jzzc','借',b'1',16864,2,b'1',100,null,'',''),
(16868,'损益','571104','盘亏损失','yywzc_pkss','借',b'1',16864,2,b'1',100,null,'',''),
(16869,'损益','571105','坏账损失','yywzc_hzss','借',b'1',16864,2,b'1',100,null,'',''),
(16870,'损益','571106','存货毁损报废损失','yywzc_chhsbfss','借',b'1',16864,2,b'1',100,null,'',''),
(16871,'损益','571107','无法收回的长期债券投资损失','yywzc_wfshdcqzqtzss','借',b'1',16864,2,b'1',100,null,'',''),
(16872,'损益','571108','无法收回的长期股权投资损失','yywzc_wfshdcqgqtzss','借',b'1',16864,2,b'1',100,null,'',''),
(16873,'损益','571109','自然灾害等不可抗力因素造成的损失','yywzc_zrzhdbkklyszcdss','借',b'1',16864,2,b'1',100,null,'',''),
(16874,'损益','571110','税收滞纳金','yywzc_ssznj','借',b'1',16864,2,b'1',100,null,'',''),
(16875,'损益','571111','罚款支出','yywzc_fkzc','借',b'1',16864,2,b'1',100,null,'',''),
(16876,'损益','5801','所得税费用','sdsfy','借',b'1',0,1,b'1',100,null,'',''),
(18004,'资产','1001','库存现金','kcxj','借',b'1',0,1,b'1',109,null,'',''),
(18005,'资产','1002','银行存款','yhck','借',b'1',0,1,b'1',109,null,'',''),
(18006,'资产','1012','其他货币资金','qthbzj','借',b'1',0,1,b'1',109,null,'',''),
(18007,'资产','1101','短期投资','dqtz','借',b'1',0,1,b'1',109,null,'',''),
(18008,'资产','110101','股票','dqtz_gp','借',b'1',18007,2,b'1',109,null,'',''),
(18009,'资产','110102','债券','dqtz_zq','借',b'1',18007,2,b'1',109,null,'',''),
(18010,'资产','110103','基金','dqtz_jj','借',b'1',18007,2,b'1',109,null,'',''),
(18011,'资产','1121','应收票据','yspj','借',b'1',0,1,b'1',109,null,'',''),
(18012,'资产','1122','应收账款','yszk','借',b'1',0,1,b'1',109,null,'',''),
(18013,'资产','1123','预付账款','yfzk','借',b'1',0,1,b'1',109,null,'',''),
(18014,'资产','1131','应收股利','ysgl','借',b'1',0,1,b'1',109,null,'',''),
(18015,'资产','1132','应收利息','yslx','借',b'1',0,1,b'1',109,null,'',''),
(18016,'资产','1221','其他应收款','qtysk','借',b'1',0,1,b'1',109,null,'',''),
(18017,'资产','1401','材料采购','clcg','借',b'1',0,1,b'1',109,null,'',''),
(18018,'资产','1402','在途物资','ztwz','借',b'1',0,1,b'1',109,null,'',''),
(18019,'资产','1403','原材料','ycl','借',b'1',0,1,b'1',109,null,'',''),
(18020,'资产','1404','材料成本差异','clcbcy','借',b'1',0,1,b'1',109,null,'',''),
(18021,'资产','1405','库存商品','kcsp','借',b'1',0,1,b'1',109,null,'',''),
(18022,'资产','1407','商品进销差价','spjxcj','借',b'1',0,1,b'1',109,null,'',''),
(18023,'资产','1408','委托加工物资','wtjgwz','借',b'1',0,1,b'1',109,null,'',''),
(18024,'资产','1411','周转材料','zzcl','借',b'1',0,1,b'1',109,null,'',''),
(18025,'资产','1421','消耗性生物资产','xhxswzc','借',b'1',0,1,b'1',109,null,'',''),
(18026,'资产','1501','长期债券投资','cqzqtz','借',b'1',0,1,b'1',109,null,'',''),
(18027,'资产','1511','长期股权投资','cqgqtz','借',b'1',0,1,b'1',109,null,'',''),
(18028,'资产','1601','固定资产','gdzc','借',b'1',0,1,b'1',109,null,'',''),
(18029,'资产','1602','累计折旧','ljzj','贷',b'1',0,1,b'1',109,null,'',''),
(18030,'资产','1604','在建工程','zjgc','借',b'1',0,1,b'1',109,null,'',''),
(18031,'资产','1605','工程物资','gcwz','借',b'1',0,1,b'1',109,null,'',''),
(18032,'资产','1606','固定资产清理','gdzcql','借',b'1',0,1,b'1',109,null,'',''),
(18033,'资产','1621','生产性生物资产','scxswzc','借',b'1',0,1,b'1',109,null,'',''),
(18034,'资产','1622','生产性生物资产累计折旧','scxswzcljzj','借',b'1',0,1,b'1',109,null,'',''),
(18035,'资产','1701','无形资产','wxzc','借',b'1',0,1,b'1',109,null,'',''),
(18036,'资产','1702','累计摊销','ljtx','借',b'1',0,1,b'1',109,null,'',''),
(18037,'资产','1801','长期待摊费用','cqdtfy','借',b'1',0,1,b'1',109,null,'',''),
(18038,'资产','1901','待处理财产损溢','dclccsy','借',b'1',0,1,b'1',109,null,'',''),
(18039,'负债','2001','短期借款','dqjk','贷',b'1',0,1,b'1',109,null,'',''),
(18040,'负债','2201','应付票据','yfpj','贷',b'1',0,1,b'1',109,null,'',''),
(18041,'负债','2202','应付账款','yfzk','贷',b'1',0,1,b'1',109,null,'',''),
(18042,'负债','2203','预收账款','yszk','贷',b'1',0,1,b'1',109,null,'',''),
(18043,'负债','2211','应付职工薪酬','yfzgxc','贷',b'1',0,1,b'1',109,null,'',''),
(18044,'负债','2221','应交税费','yjsf','贷',b'1',0,1,b'1',109,null,'',''),
(18045,'负债','222101','应交增值税','yjsf_yjzzs','贷',b'1',18044,2,b'1',109,null,'',''),
(18046,'负债','22210101','进项税额','yjsf_yjzzs_jxse','贷',b'1',18045,3,b'1',109,null,'',''),
(18047,'负债','22210102','已交税金','yjsf_yjzzs_yjsj','贷',b'1',18045,3,b'1',109,null,'',''),
(18048,'负债','22210103','转出未交增值税','yjsf_yjzzs_zcwjzzs','贷',b'1',18045,3,b'1',109,null,'',''),
(18049,'负债','22210104','减免税款','yjsf_yjzzs_jmsk','贷',b'1',18045,3,b'1',109,null,'',''),
(18050,'负债','22210105','销项税额','yjsf_yjzzs_xxse','贷',b'1',18045,3,b'1',109,null,'',''),
(18051,'负债','22210106','出口退税','yjsf_yjzzs_ckts','贷',b'1',18045,3,b'1',109,null,'',''),
(18052,'负债','22210107','进项税额转出','yjsf_yjzzs_jxsezc','贷',b'1',18045,3,b'1',109,null,'',''),
(18053,'负债','22210108','出口抵减内销产品应纳税额','yjsf_yjzzs_ckdjnxcpynse','贷',b'1',18045,3,b'1',109,null,'',''),
(18054,'负债','22210109','转出多交增值税','yjsf_yjzzs_zcdjzzs','贷',b'1',18045,3,b'1',109,null,'',''),
(18055,'负债','22210110','销项税额抵减','yjsf_yjzzs_xxsedj','贷',b'1',18045,3,b'1',109,null,'',''),
(18056,'负债','222102','未交增值税','yjsf_wjzzs','贷',b'1',18044,2,b'1',109,null,'',''),
(18057,'负债','222103','应交消费税','yjsf_yjxfs','贷',b'1',18044,2,b'1',109,null,'',''),
(18058,'负债','222104','应交营业税','yjsf_yjyys','贷',b'1',18044,2,b'1',109,null,'',''),
(18059,'负债','222105','应交资源税','yjsf_yjzys','贷',b'1',18044,2,b'1',109,null,'',''),
(18060,'负债','222106','应交所得税','yjsf_yjsds','贷',b'1',18044,2,b'1',109,null,'',''),
(18061,'负债','222107','应交土地增值税','yjsf_yjtdzzs','贷',b'1',18044,2,b'1',109,null,'',''),
(18062,'负债','222108','应交城市维护建设税','yjsf_yjcswhjss','贷',b'1',18044,2,b'1',109,null,'',''),
(18063,'负债','222109','应交房产税','yjsf_yjfcs','贷',b'1',18044,2,b'1',109,null,'',''),
(18064,'负债','222110','应交城镇土地使用税','yjsf_yjcztdsys','贷',b'1',18044,2,b'1',109,null,'',''),
(18065,'负债','222111','应交车船使用税','yjsf_yjccsys','贷',b'1',18044,2,b'1',109,null,'',''),
(18066,'负债','222112','应交个人所得税','yjsf_yjgrsds','贷',b'1',18044,2,b'1',109,null,'',''),
(18067,'负债','222113','教育费附加','yjsf_jyffj','贷',b'1',18044,2,b'1',109,null,'',''),
(18068,'负债','222114','地方教育费附加','yjsf_dfjyffj','贷',b'1',18044,2,b'1',109,null,'',''),
(18069,'负债','222115','矿产资源补偿费','yjsf_kczybcf','贷',b'1',18044,2,b'1',109,null,'',''),
(18070,'负债','222116','排污费','yjsf_pwf','贷',b'1',18044,2,b'1',109,null,'',''),
(18071,'负债','222117','印花税','yjsf_yhs','贷',b'1',18044,2,b'1',109,null,'',''),
(18072,'负债','222118','预交增值税','yjsf_yjzzs','贷',b'1',18044,2,b'1',109,null,'',''),
(18073,'负债','222119','待抵扣进项税额','yjsf_ddkjxse','贷',b'1',18044,2,b'1',109,null,'',''),
(18074,'负债','222120','待认证进项税额','yjsf_drzjxse','贷',b'1',18044,2,b'1',109,null,'',''),
(18075,'负债','222121','待转销项税额','yjsf_dzxxse','贷',b'1',18044,2,b'1',109,null,'',''),
(18076,'负债','222122','增值税留抵税额','yjsf_zzsldse','贷',b'1',18044,2,b'1',109,null,'',''),
(18077,'负债','222123','简易计税','yjsf_jyjs','贷',b'1',18044,2,b'1',109,null,'',''),
(18078,'负债','222124','转让金融商品应交增值税','yjsf_zrjrspyjzzs','贷',b'1',18044,2,b'1',109,null,'',''),
(18079,'负债','222125','代扣代交增值税','yjsf_dkdjzzs','贷',b'1',18044,2,b'1',109,null,'',''),
(18080,'负债','222126','应交增值税（小规模纳税人专用）','yjsf_yjzzs（xgmnsrzy）','贷',b'1',18044,2,b'1',109,null,'',''),
(18081,'负债','2231','应付利息','yflx','贷',b'1',0,1,b'1',109,null,'',''),
(18082,'负债','2232','应付利润','yflr','贷',b'1',0,1,b'1',109,null,'',''),
(18083,'负债','2241','其他应付款','qtyfk','贷',b'1',0,1,b'1',109,null,'',''),
(18084,'负债','2401','递延收益','dysy','贷',b'1',0,1,b'1',109,null,'',''),
(18085,'负债','2501','长期借款','cqjk','贷',b'1',0,1,b'1',109,null,'',''),
(18086,'负债','2701','长期应付款','cqyfk','贷',b'1',0,1,b'1',109,null,'',''),
(18087,'权益','3001','实收资本','sszb','贷',b'1',0,1,b'1',109,null,'',''),
(18088,'权益','3002','资本公积','zbgj','贷',b'1',0,1,b'1',109,null,'',''),
(18089,'权益','3101','盈余公积','yygj','贷',b'1',0,1,b'1',109,null,'',''),
(18090,'权益','310101','法定盈余公积','yygj_fdyygj','贷',b'1',18089,2,b'1',109,null,'',''),
(18091,'权益','310102','任意盈余公积','yygj_ryyygj','贷',b'1',18089,2,b'1',109,null,'',''),
(18092,'权益','310103','法定公益金','yygj_fdgyj','贷',b'1',18089,2,b'1',109,null,'',''),
(18093,'权益','3103','本年利润','bnlr','贷',b'1',0,1,b'1',109,null,'',''),
(18094,'权益','3104','利润分配','lrfp','贷',b'1',0,1,b'1',109,null,'',''),
(18095,'权益','310401','其他转入','lrfp_qtzr','贷',b'1',18094,2,b'1',109,null,'',''),
(18096,'权益','310402','提取法定盈余公积','lrfp_tqfdyygj','贷',b'1',18094,2,b'1',109,null,'',''),
(18097,'权益','310403','提取法定公益金','lrfp_tqfdgyj','贷',b'1',18094,2,b'1',109,null,'',''),
(18098,'权益','310404','提取任意盈余公积','lrfp_tqryyygj','贷',b'1',18094,2,b'1',109,null,'',''),
(18099,'权益','310405','应付利润','lrfp_yflr','贷',b'1',18094,2,b'1',109,null,'',''),
(18100,'权益','310406','未分配利润','lrfp_wfplr','贷',b'1',18094,2,b'1',109,null,'',''),
(18101,'成本','4001','生产成本','sccb','借',b'1',0,1,b'1',109,null,'',''),
(18102,'成本','4101','制造费用','zzfy','借',b'1',0,1,b'1',109,null,'',''),
(18103,'成本','4301','研发支出','yfzc','借',b'1',0,1,b'1',109,null,'',''),
(18104,'成本','4401','工程施工','gcsg','借',b'1',0,1,b'1',109,null,'',''),
(18105,'成本','4403','机械作业','jxzy','借',b'1',0,1,b'1',109,null,'',''),
(18106,'损益','5001','主营业务收入','zyywsr','贷',b'1',0,1,b'1',109,null,'',''),
(18107,'损益','5051','其他业务收入','qtywsr','贷',b'1',0,1,b'1',109,null,'',''),
(18108,'损益','5111','投资收益','tzsy','贷',b'1',0,1,b'1',109,null,'',''),
(18109,'损益','5301','营业外收入','yywsr','贷',b'1',0,1,b'1',109,null,'',''),
(18110,'损益','530101','非流动资产处置净收益','yywsr_fldzcczjsy','贷',b'1',18109,2,b'1',109,null,'',''),
(18111,'损益','530102','政府补助','yywsr_zfbz','贷',b'1',18109,2,b'1',109,null,'',''),
(18112,'损益','530103','捐赠收益','yywsr_jzsy','贷',b'1',18109,2,b'1',109,null,'',''),
(18113,'损益','530104','盘盈收益','yywsr_pysy','贷',b'1',18109,2,b'1',109,null,'',''),
(18114,'损益','5401','主营业务成本','zyywcb','借',b'1',0,1,b'1',109,null,'',''),
(18115,'损益','5402','其他业务成本','qtywcb','借',b'1',0,1,b'1',109,null,'',''),
(18116,'损益','5403','税金及附加','sjjfj','借',b'1',0,1,b'1',109,null,'',''),
(18117,'损益','5601','销售费用','xsfy','借',b'1',0,1,b'1',109,null,'',''),
(18118,'损益','560101','销售人员职工薪酬','xsfy_xsryzgxc','借',b'1',18117,2,b'1',109,null,'',''),
(18119,'损益','560102','业务招待费','xsfy_ywzdf','借',b'1',18117,2,b'1',109,null,'',''),
(18120,'损益','560103','修理费','xsfy_xlf','借',b'1',18117,2,b'1',109,null,'',''),
(18121,'损益','560104','办公费','xsfy_bgf','借',b'1',18117,2,b'1',109,null,'',''),
(18122,'损益','560105','水电费','xsfy_sdf','借',b'1',18117,2,b'1',109,null,'',''),
(18123,'损益','560106','差旅费','xsfy_clf','借',b'1',18117,2,b'1',109,null,'',''),
(18124,'损益','560107','折旧费','xsfy_zjf','借',b'1',18117,2,b'1',109,null,'',''),
(18125,'损益','560108','摊销费','xsfy_txf','借',b'1',18117,2,b'1',109,null,'',''),
(18126,'损益','560109','展览费','xsfy_zlf','借',b'1',18117,2,b'1',109,null,'',''),
(18127,'损益','560110','商品维修费','xsfy_spwxf','借',b'1',18117,2,b'1',109,null,'',''),
(18128,'损益','560111','运输费','xsfy_ysf','借',b'1',18117,2,b'1',109,null,'',''),
(18129,'损益','560112','装卸费','xsfy_zxf','借',b'1',18117,2,b'1',109,null,'',''),
(18130,'损益','560113','包装费','xsfy_bzf','借',b'1',18117,2,b'1',109,null,'',''),
(18131,'损益','560114','保险费','xsfy_bxf','借',b'1',18117,2,b'1',109,null,'',''),
(18132,'损益','560115','广告费','xsfy_ggf','借',b'1',18117,2,b'1',109,null,'',''),
(18133,'损益','560116','业务宣传费','xsfy_ywxcf','借',b'1',18117,2,b'1',109,null,'',''),
(18134,'损益','5602','管理费用','glfy','借',b'1',0,1,b'1',109,null,'',''),
(18135,'损益','560201','管理人员职工薪酬','glfy_glryzgxc','借',b'1',18134,2,b'1',109,null,'',''),
(18136,'损益','560202','业务招待费','glfy_ywzdf','借',b'1',18134,2,b'1',109,null,'',''),
(18137,'损益','560203','修理费','glfy_xlf','借',b'1',18134,2,b'1',109,null,'',''),
(18138,'损益','560204','办公费','glfy_bgf','借',b'1',18134,2,b'1',109,null,'',''),
(18139,'损益','560205','水电费','glfy_sdf','借',b'1',18134,2,b'1',109,null,'',''),
(18140,'损益','560206','差旅费','glfy_clf','借',b'1',18134,2,b'1',109,null,'',''),
(18141,'损益','560207','折旧费','glfy_zjf','借',b'1',18134,2,b'1',109,null,'',''),
(18142,'损益','560208','摊销费','glfy_txf','借',b'1',18134,2,b'1',109,null,'',''),
(18143,'损益','560209','开办费','glfy_kbf','借',b'1',18134,2,b'1',109,null,'',''),
(18144,'损益','560210','研究费用','glfy_yjfy','借',b'1',18134,2,b'1',109,null,'',''),
(18145,'损益','560211','咨询费','glfy_zxf','借',b'1',18134,2,b'1',109,null,'',''),
(18146,'损益','560212','长期待摊费用摊销','glfy_cqdtfytx','借',b'1',18134,2,b'1',109,null,'',''),
(18147,'损益','5603','财务费用','cwfy','借',b'1',0,1,b'1',109,null,'',''),
(18148,'损益','560301','利息费用','cwfy_lxfy','借',b'1',18147,2,b'1',109,null,'',''),
(18149,'损益','560302','手续费','cwfy_sxf','借',b'1',18147,2,b'1',109,null,'',''),
(18150,'损益','560303','汇兑损益','cwfy_hdsy','借',b'1',18147,2,b'1',109,null,'',''),
(18151,'损益','560304','现金折扣','cwfy_xjzk','借',b'1',18147,2,b'1',109,null,'',''),
(18152,'损益','5711','营业外支出','yywzc','借',b'1',0,1,b'1',109,null,'',''),
(18153,'损益','571101','非流动资产处置净损失','yywzc_fldzcczjss','借',b'1',18152,2,b'1',109,null,'',''),
(18154,'损益','571102','赞助支出','yywzc_zzzc','借',b'1',18152,2,b'1',109,null,'',''),
(18155,'损益','571103','捐赠支出','yywzc_jzzc','借',b'1',18152,2,b'1',109,null,'',''),
(18156,'损益','571104','盘亏损失','yywzc_pkss','借',b'1',18152,2,b'1',109,null,'',''),
(18157,'损益','571105','坏账损失','yywzc_hzss','借',b'1',18152,2,b'1',109,null,'',''),
(18158,'损益','571106','存货毁损报废损失','yywzc_chhsbfss','借',b'1',18152,2,b'1',109,null,'',''),
(18159,'损益','571107','无法收回的长期债券投资损失','yywzc_wfshdcqzqtzss','借',b'1',18152,2,b'1',109,null,'',''),
(18160,'损益','571108','无法收回的长期股权投资损失','yywzc_wfshdcqgqtzss','借',b'1',18152,2,b'1',109,null,'',''),
(18161,'损益','571109','自然灾害等不可抗力因素造成的损失','yywzc_zrzhdbkklyszcdss','借',b'1',18152,2,b'1',109,null,'',''),
(18162,'损益','571110','税收滞纳金','yywzc_ssznj','借',b'1',18152,2,b'1',109,null,'',''),
(18163,'损益','571111','罚款支出','yywzc_fkzc','借',b'1',18152,2,b'1',109,null,'',''),
(18164,'损益','5801','所得税费用','sdsfy','借',b'1',0,1,b'1',109,null,'',''),
(18165,'资产','1001','库存现金','kcxj','借',b'1',0,1,b'1',110,null,'',''),
(18166,'资产','1002','银行存款','yhck','借',b'1',0,1,b'1',110,null,'',''),
(18167,'资产','1012','其他货币资金','qthbzj','借',b'1',0,1,b'1',110,null,'',''),
(18168,'资产','1101','短期投资','dqtz','借',b'1',0,1,b'1',110,null,'',''),
(18169,'资产','110101','股票','dqtz_gp','借',b'1',18168,2,b'1',110,null,'',''),
(18170,'资产','110102','债券','dqtz_zq','借',b'1',18168,2,b'1',110,null,'',''),
(18171,'资产','110103','基金','dqtz_jj','借',b'1',18168,2,b'1',110,null,'',''),
(18172,'资产','1121','应收票据','yspj','借',b'1',0,1,b'1',110,null,'',''),
(18173,'资产','1122','应收账款','yszk','借',b'1',0,1,b'1',110,null,'',''),
(18174,'资产','1123','预付账款','yfzk','借',b'1',0,1,b'1',110,null,'',''),
(18175,'资产','1131','应收股利','ysgl','借',b'1',0,1,b'1',110,null,'',''),
(18176,'资产','1132','应收利息','yslx','借',b'1',0,1,b'1',110,null,'',''),
(18177,'资产','1221','其他应收款','qtysk','借',b'1',0,1,b'1',110,null,'',''),
(18178,'资产','1401','材料采购','clcg','借',b'1',0,1,b'1',110,null,'',''),
(18179,'资产','1402','在途物资','ztwz','借',b'1',0,1,b'1',110,null,'',''),
(18180,'资产','1403','原材料','ycl','借',b'1',0,1,b'1',110,null,'',''),
(18181,'资产','1404','材料成本差异','clcbcy','借',b'1',0,1,b'1',110,null,'',''),
(18182,'资产','1405','库存商品','kcsp','借',b'1',0,1,b'1',110,null,'',''),
(18183,'资产','1407','商品进销差价','spjxcj','借',b'1',0,1,b'1',110,null,'',''),
(18184,'资产','1408','委托加工物资','wtjgwz','借',b'1',0,1,b'1',110,null,'',''),
(18185,'资产','1411','周转材料','zzcl','借',b'1',0,1,b'1',110,null,'',''),
(18186,'资产','1421','消耗性生物资产','xhxswzc','借',b'1',0,1,b'1',110,null,'',''),
(18187,'资产','1501','长期债券投资','cqzqtz','借',b'1',0,1,b'1',110,null,'',''),
(18188,'资产','1511','长期股权投资','cqgqtz','借',b'1',0,1,b'1',110,null,'',''),
(18189,'资产','1601','固定资产','gdzc','借',b'1',0,1,b'1',110,null,'',''),
(18190,'资产','1602','累计折旧','ljzj','贷',b'1',0,1,b'1',110,null,'',''),
(18191,'资产','1604','在建工程','zjgc','借',b'1',0,1,b'1',110,null,'',''),
(18192,'资产','1605','工程物资','gcwz','借',b'1',0,1,b'1',110,null,'',''),
(18193,'资产','1606','固定资产清理','gdzcql','借',b'1',0,1,b'1',110,null,'',''),
(18194,'资产','1621','生产性生物资产','scxswzc','借',b'1',0,1,b'1',110,null,'',''),
(18195,'资产','1622','生产性生物资产累计折旧','scxswzcljzj','借',b'1',0,1,b'1',110,null,'',''),
(18196,'资产','1701','无形资产','wxzc','借',b'1',0,1,b'1',110,null,'',''),
(18197,'资产','1702','累计摊销','ljtx','借',b'1',0,1,b'1',110,null,'',''),
(18198,'资产','1801','长期待摊费用','cqdtfy','借',b'1',0,1,b'1',110,null,'',''),
(18199,'资产','1901','待处理财产损溢','dclccsy','借',b'1',0,1,b'1',110,null,'',''),
(18200,'负债','2001','短期借款','dqjk','贷',b'1',0,1,b'1',110,null,'',''),
(18201,'负债','2201','应付票据','yfpj','贷',b'1',0,1,b'1',110,null,'',''),
(18202,'负债','2202','应付账款','yfzk','贷',b'1',0,1,b'1',110,null,'',''),
(18203,'负债','2203','预收账款','yszk','贷',b'1',0,1,b'1',110,null,'',''),
(18204,'负债','2211','应付职工薪酬','yfzgxc','贷',b'1',0,1,b'1',110,null,'',''),
(18205,'负债','2221','应交税费','yjsf','贷',b'1',0,1,b'1',110,null,'',''),
(18206,'负债','222101','应交增值税','yjsf_yjzzs','贷',b'1',18205,2,b'1',110,null,'',''),
(18207,'负债','22210101','进项税额','yjsf_yjzzs_jxse','贷',b'1',18206,3,b'1',110,null,'',''),
(18208,'负债','22210102','已交税金','yjsf_yjzzs_yjsj','贷',b'1',18206,3,b'1',110,null,'',''),
(18209,'负债','22210103','转出未交增值税','yjsf_yjzzs_zcwjzzs','贷',b'1',18206,3,b'1',110,null,'',''),
(18210,'负债','22210104','减免税款','yjsf_yjzzs_jmsk','贷',b'1',18206,3,b'1',110,null,'',''),
(18211,'负债','22210105','销项税额','yjsf_yjzzs_xxse','贷',b'1',18206,3,b'1',110,null,'',''),
(18212,'负债','22210106','出口退税','yjsf_yjzzs_ckts','贷',b'1',18206,3,b'1',110,null,'',''),
(18213,'负债','22210107','进项税额转出','yjsf_yjzzs_jxsezc','贷',b'1',18206,3,b'1',110,null,'',''),
(18214,'负债','22210108','出口抵减内销产品应纳税额','yjsf_yjzzs_ckdjnxcpynse','贷',b'1',18206,3,b'1',110,null,'',''),
(18215,'负债','22210109','转出多交增值税','yjsf_yjzzs_zcdjzzs','贷',b'1',18206,3,b'1',110,null,'',''),
(18216,'负债','22210110','销项税额抵减','yjsf_yjzzs_xxsedj','贷',b'1',18206,3,b'1',110,null,'',''),
(18217,'负债','222102','未交增值税','yjsf_wjzzs','贷',b'1',18205,2,b'1',110,null,'',''),
(18218,'负债','222103','应交消费税','yjsf_yjxfs','贷',b'1',18205,2,b'1',110,null,'',''),
(18219,'负债','222104','应交营业税','yjsf_yjyys','贷',b'1',18205,2,b'1',110,null,'',''),
(18220,'负债','222105','应交资源税','yjsf_yjzys','贷',b'1',18205,2,b'1',110,null,'',''),
(18221,'负债','222106','应交所得税','yjsf_yjsds','贷',b'1',18205,2,b'1',110,null,'',''),
(18222,'负债','222107','应交土地增值税','yjsf_yjtdzzs','贷',b'1',18205,2,b'1',110,null,'',''),
(18223,'负债','222108','应交城市维护建设税','yjsf_yjcswhjss','贷',b'1',18205,2,b'1',110,null,'',''),
(18224,'负债','222109','应交房产税','yjsf_yjfcs','贷',b'1',18205,2,b'1',110,null,'',''),
(18225,'负债','222110','应交城镇土地使用税','yjsf_yjcztdsys','贷',b'1',18205,2,b'1',110,null,'',''),
(18226,'负债','222111','应交车船使用税','yjsf_yjccsys','贷',b'1',18205,2,b'1',110,null,'',''),
(18227,'负债','222112','应交个人所得税','yjsf_yjgrsds','贷',b'1',18205,2,b'1',110,null,'',''),
(18228,'负债','222113','教育费附加','yjsf_jyffj','贷',b'1',18205,2,b'1',110,null,'',''),
(18229,'负债','222114','地方教育费附加','yjsf_dfjyffj','贷',b'1',18205,2,b'1',110,null,'',''),
(18230,'负债','222115','矿产资源补偿费','yjsf_kczybcf','贷',b'1',18205,2,b'1',110,null,'',''),
(18231,'负债','222116','排污费','yjsf_pwf','贷',b'1',18205,2,b'1',110,null,'',''),
(18232,'负债','222117','印花税','yjsf_yhs','贷',b'1',18205,2,b'1',110,null,'',''),
(18233,'负债','222118','预交增值税','yjsf_yjzzs','贷',b'1',18205,2,b'1',110,null,'',''),
(18234,'负债','222119','待抵扣进项税额','yjsf_ddkjxse','贷',b'1',18205,2,b'1',110,null,'',''),
(18235,'负债','222120','待认证进项税额','yjsf_drzjxse','贷',b'1',18205,2,b'1',110,null,'',''),
(18236,'负债','222121','待转销项税额','yjsf_dzxxse','贷',b'1',18205,2,b'1',110,null,'',''),
(18237,'负债','222122','增值税留抵税额','yjsf_zzsldse','贷',b'1',18205,2,b'1',110,null,'',''),
(18238,'负债','222123','简易计税','yjsf_jyjs','贷',b'1',18205,2,b'1',110,null,'',''),
(18239,'负债','222124','转让金融商品应交增值税','yjsf_zrjrspyjzzs','贷',b'1',18205,2,b'1',110,null,'',''),
(18240,'负债','222125','代扣代交增值税','yjsf_dkdjzzs','贷',b'1',18205,2,b'1',110,null,'',''),
(18241,'负债','222126','应交增值税（小规模纳税人专用）','yjsf_yjzzs（xgmnsrzy）','贷',b'1',18205,2,b'1',110,null,'',''),
(18242,'负债','2231','应付利息','yflx','贷',b'1',0,1,b'1',110,null,'',''),
(18243,'负债','2232','应付利润','yflr','贷',b'1',0,1,b'1',110,null,'',''),
(18244,'负债','2241','其他应付款','qtyfk','贷',b'1',0,1,b'1',110,null,'',''),
(18245,'负债','2401','递延收益','dysy','贷',b'1',0,1,b'1',110,null,'',''),
(18246,'负债','2501','长期借款','cqjk','贷',b'1',0,1,b'1',110,null,'',''),
(18247,'负债','2701','长期应付款','cqyfk','贷',b'1',0,1,b'1',110,null,'',''),
(18248,'权益','3001','实收资本','sszb','贷',b'1',0,1,b'1',110,null,'',''),
(18249,'权益','3002','资本公积','zbgj','贷',b'1',0,1,b'1',110,null,'',''),
(18250,'权益','3101','盈余公积','yygj','贷',b'1',0,1,b'1',110,null,'',''),
(18251,'权益','310101','法定盈余公积','yygj_fdyygj','贷',b'1',18250,2,b'1',110,null,'',''),
(18252,'权益','310102','任意盈余公积','yygj_ryyygj','贷',b'1',18250,2,b'1',110,null,'',''),
(18253,'权益','310103','法定公益金','yygj_fdgyj','贷',b'1',18250,2,b'1',110,null,'',''),
(18254,'权益','3103','本年利润','bnlr','贷',b'1',0,1,b'1',110,null,'',''),
(18255,'权益','3104','利润分配','lrfp','贷',b'1',0,1,b'1',110,null,'',''),
(18256,'权益','310401','其他转入','lrfp_qtzr','贷',b'1',18255,2,b'1',110,null,'',''),
(18257,'权益','310402','提取法定盈余公积','lrfp_tqfdyygj','贷',b'1',18255,2,b'1',110,null,'',''),
(18258,'权益','310403','提取法定公益金','lrfp_tqfdgyj','贷',b'1',18255,2,b'1',110,null,'',''),
(18259,'权益','310404','提取任意盈余公积','lrfp_tqryyygj','贷',b'1',18255,2,b'1',110,null,'',''),
(18260,'权益','310405','应付利润','lrfp_yflr','贷',b'1',18255,2,b'1',110,null,'',''),
(18261,'权益','310406','未分配利润','lrfp_wfplr','贷',b'1',18255,2,b'1',110,null,'',''),
(18262,'成本','4001','生产成本','sccb','借',b'1',0,1,b'1',110,null,'',''),
(18263,'成本','4101','制造费用','zzfy','借',b'1',0,1,b'1',110,null,'',''),
(18264,'成本','4301','研发支出','yfzc','借',b'1',0,1,b'1',110,null,'',''),
(18265,'成本','4401','工程施工','gcsg','借',b'1',0,1,b'1',110,null,'',''),
(18266,'成本','4403','机械作业','jxzy','借',b'1',0,1,b'1',110,null,'',''),
(18267,'损益','5001','主营业务收入','zyywsr','贷',b'1',0,1,b'1',110,null,'',''),
(18268,'损益','5051','其他业务收入','qtywsr','贷',b'1',0,1,b'1',110,null,'',''),
(18269,'损益','5111','投资收益','tzsy','贷',b'1',0,1,b'1',110,null,'',''),
(18270,'损益','5301','营业外收入','yywsr','贷',b'1',0,1,b'1',110,null,'',''),
(18271,'损益','530101','非流动资产处置净收益','yywsr_fldzcczjsy','贷',b'1',18270,2,b'1',110,null,'',''),
(18272,'损益','530102','政府补助','yywsr_zfbz','贷',b'1',18270,2,b'1',110,null,'',''),
(18273,'损益','530103','捐赠收益','yywsr_jzsy','贷',b'1',18270,2,b'1',110,null,'',''),
(18274,'损益','530104','盘盈收益','yywsr_pysy','贷',b'1',18270,2,b'1',110,null,'',''),
(18275,'损益','5401','主营业务成本','zyywcb','借',b'1',0,1,b'1',110,null,'',''),
(18276,'损益','5402','其他业务成本','qtywcb','借',b'1',0,1,b'1',110,null,'',''),
(18277,'损益','5403','税金及附加','sjjfj','借',b'1',0,1,b'1',110,null,'',''),
(18278,'损益','5601','销售费用','xsfy','借',b'1',0,1,b'1',110,null,'',''),
(18279,'损益','560101','销售人员职工薪酬','xsfy_xsryzgxc','借',b'1',18278,2,b'1',110,null,'',''),
(18280,'损益','560102','业务招待费','xsfy_ywzdf','借',b'1',18278,2,b'1',110,null,'',''),
(18281,'损益','560103','修理费','xsfy_xlf','借',b'1',18278,2,b'1',110,null,'',''),
(18282,'损益','560104','办公费','xsfy_bgf','借',b'1',18278,2,b'1',110,null,'',''),
(18283,'损益','560105','水电费','xsfy_sdf','借',b'1',18278,2,b'1',110,null,'',''),
(18284,'损益','560106','差旅费','xsfy_clf','借',b'1',18278,2,b'1',110,null,'',''),
(18285,'损益','560107','折旧费','xsfy_zjf','借',b'1',18278,2,b'1',110,null,'',''),
(18286,'损益','560108','摊销费','xsfy_txf','借',b'1',18278,2,b'1',110,null,'',''),
(18287,'损益','560109','展览费','xsfy_zlf','借',b'1',18278,2,b'1',110,null,'',''),
(18288,'损益','560110','商品维修费','xsfy_spwxf','借',b'1',18278,2,b'1',110,null,'',''),
(18289,'损益','560111','运输费','xsfy_ysf','借',b'1',18278,2,b'1',110,null,'',''),
(18290,'损益','560112','装卸费','xsfy_zxf','借',b'1',18278,2,b'1',110,null,'',''),
(18291,'损益','560113','包装费','xsfy_bzf','借',b'1',18278,2,b'1',110,null,'',''),
(18292,'损益','560114','保险费','xsfy_bxf','借',b'1',18278,2,b'1',110,null,'',''),
(18293,'损益','560115','广告费','xsfy_ggf','借',b'1',18278,2,b'1',110,null,'',''),
(18294,'损益','560116','业务宣传费','xsfy_ywxcf','借',b'1',18278,2,b'1',110,null,'',''),
(18295,'损益','5602','管理费用','glfy','借',b'1',0,1,b'1',110,null,'',''),
(18296,'损益','560201','管理人员职工薪酬','glfy_glryzgxc','借',b'1',18295,2,b'1',110,null,'',''),
(18297,'损益','560202','业务招待费','glfy_ywzdf','借',b'1',18295,2,b'1',110,null,'',''),
(18298,'损益','560203','修理费','glfy_xlf','借',b'1',18295,2,b'1',110,null,'',''),
(18299,'损益','560204','办公费','glfy_bgf','借',b'1',18295,2,b'1',110,null,'',''),
(18300,'损益','560205','水电费','glfy_sdf','借',b'1',18295,2,b'1',110,null,'',''),
(18301,'损益','560206','差旅费','glfy_clf','借',b'1',18295,2,b'1',110,null,'',''),
(18302,'损益','560207','折旧费','glfy_zjf','借',b'1',18295,2,b'1',110,null,'',''),
(18303,'损益','560208','摊销费','glfy_txf','借',b'1',18295,2,b'1',110,null,'',''),
(18304,'损益','560209','开办费','glfy_kbf','借',b'1',18295,2,b'1',110,null,'',''),
(18305,'损益','560210','研究费用','glfy_yjfy','借',b'1',18295,2,b'1',110,null,'',''),
(18306,'损益','560211','咨询费','glfy_zxf','借',b'1',18295,2,b'1',110,null,'',''),
(18307,'损益','560212','长期待摊费用摊销','glfy_cqdtfytx','借',b'1',18295,2,b'1',110,null,'',''),
(18308,'损益','5603','财务费用','cwfy','借',b'1',0,1,b'1',110,null,'',''),
(18309,'损益','560301','利息费用','cwfy_lxfy','借',b'1',18308,2,b'1',110,null,'',''),
(18310,'损益','560302','手续费','cwfy_sxf','借',b'1',18308,2,b'1',110,null,'',''),
(18311,'损益','560303','汇兑损益','cwfy_hdsy','借',b'1',18308,2,b'1',110,null,'',''),
(18312,'损益','560304','现金折扣','cwfy_xjzk','借',b'1',18308,2,b'1',110,null,'',''),
(18313,'损益','5711','营业外支出','yywzc','借',b'1',0,1,b'1',110,null,'',''),
(18314,'损益','571101','非流动资产处置净损失','yywzc_fldzcczjss','借',b'1',18313,2,b'1',110,null,'',''),
(18315,'损益','571102','赞助支出','yywzc_zzzc','借',b'1',18313,2,b'1',110,null,'',''),
(18316,'损益','571103','捐赠支出','yywzc_jzzc','借',b'1',18313,2,b'1',110,null,'',''),
(18317,'损益','571104','盘亏损失','yywzc_pkss','借',b'1',18313,2,b'1',110,null,'',''),
(18318,'损益','571105','坏账损失','yywzc_hzss','借',b'1',18313,2,b'1',110,null,'',''),
(18319,'损益','571106','存货毁损报废损失','yywzc_chhsbfss','借',b'1',18313,2,b'1',110,null,'',''),
(18320,'损益','571107','无法收回的长期债券投资损失','yywzc_wfshdcqzqtzss','借',b'1',18313,2,b'1',110,null,'',''),
(18321,'损益','571108','无法收回的长期股权投资损失','yywzc_wfshdcqgqtzss','借',b'1',18313,2,b'1',110,null,'',''),
(18322,'损益','571109','自然灾害等不可抗力因素造成的损失','yywzc_zrzhdbkklyszcdss','借',b'1',18313,2,b'1',110,null,'',''),
(18323,'损益','571110','税收滞纳金','yywzc_ssznj','借',b'1',18313,2,b'1',110,null,'',''),
(18324,'损益','571111','罚款支出','yywzc_fkzc','借',b'1',18313,2,b'1',110,null,'',''),
(18325,'损益','5801','所得税费用','sdsfy','借',b'1',0,1,b'1',110,null,'',''),
(18326,'负债','224101','啊龙调料','qtyfk_aldl','贷',b'1',18244,2,b'0',110,null,'','[{"id":659,"name":"供应商"}]'),
(18327,'资产','112301','房租','yfzk_fz','借',b'1',16241,2,b'0',97,null,'',''),
(18328,'资产','112301','房租','yfzk_fz','借',b'1',18174,2,b'0',110,null,'',''),
(18329,'损益','560213','房租','glfy_fz','借',b'1',18295,2,b'0',110,null,'',''),
(18330,'资产','1001','库存现金','kcxj','借',b'1',0,1,b'1',111,null,'',''),
(18331,'资产','1002','银行存款','yhck','借',b'1',0,1,b'1',111,null,'',''),
(18332,'资产','1012','其他货币资金','qthbzj','借',b'1',0,1,b'1',111,null,'',''),
(18333,'资产','1101','短期投资','dqtz','借',b'1',0,1,b'1',111,null,'',''),
(18334,'资产','110101','股票','dqtz_gp','借',b'1',18333,2,b'1',111,null,'',''),
(18335,'资产','110102','债券','dqtz_zq','借',b'1',18333,2,b'1',111,null,'',''),
(18336,'资产','110103','基金','dqtz_jj','借',b'1',18333,2,b'1',111,null,'',''),
(18337,'资产','1121','应收票据','yspj','借',b'1',0,1,b'1',111,null,'',''),
(18338,'资产','1122','应收账款','yszk','借',b'1',0,1,b'1',111,null,'',''),
(18339,'资产','1123','预付账款','yfzk','借',b'1',0,1,b'1',111,null,'',''),
(18340,'资产','1131','应收股利','ysgl','借',b'1',0,1,b'1',111,null,'',''),
(18341,'资产','1132','应收利息','yslx','借',b'1',0,1,b'1',111,null,'',''),
(18342,'资产','1221','其他应收款','qtysk','借',b'1',0,1,b'1',111,null,'',''),
(18343,'资产','1401','材料采购','clcg','借',b'1',0,1,b'1',111,null,'',''),
(18344,'资产','1402','在途物资','ztwz','借',b'1',0,1,b'1',111,null,'',''),
(18345,'资产','1403','原材料','ycl','借',b'1',0,1,b'1',111,null,'',''),
(18346,'资产','1404','材料成本差异','clcbcy','借',b'1',0,1,b'1',111,null,'',''),
(18347,'资产','1405','库存商品','kcsp','借',b'1',0,1,b'1',111,null,'',''),
(18348,'资产','1407','商品进销差价','spjxcj','借',b'1',0,1,b'1',111,null,'',''),
(18349,'资产','1408','委托加工物资','wtjgwz','借',b'1',0,1,b'1',111,null,'',''),
(18350,'资产','1411','周转材料','zzcl','借',b'1',0,1,b'1',111,null,'',''),
(18351,'资产','1421','消耗性生物资产','xhxswzc','借',b'1',0,1,b'1',111,null,'',''),
(18352,'资产','1501','长期债券投资','cqzqtz','借',b'1',0,1,b'1',111,null,'',''),
(18353,'资产','1511','长期股权投资','cqgqtz','借',b'1',0,1,b'1',111,null,'',''),
(18354,'资产','1601','固定资产','gdzc','借',b'1',0,1,b'1',111,null,'',''),
(18355,'资产','1602','累计折旧','ljzj','贷',b'1',0,1,b'1',111,null,'',''),
(18356,'资产','1604','在建工程','zjgc','借',b'1',0,1,b'1',111,null,'',''),
(18357,'资产','1605','工程物资','gcwz','借',b'1',0,1,b'1',111,null,'',''),
(18358,'资产','1606','固定资产清理','gdzcql','借',b'1',0,1,b'1',111,null,'',''),
(18359,'资产','1621','生产性生物资产','scxswzc','借',b'1',0,1,b'1',111,null,'',''),
(18360,'资产','1622','生产性生物资产累计折旧','scxswzcljzj','借',b'1',0,1,b'1',111,null,'',''),
(18361,'资产','1701','无形资产','wxzc','借',b'1',0,1,b'1',111,null,'',''),
(18362,'资产','1702','累计摊销','ljtx','借',b'1',0,1,b'1',111,null,'',''),
(18363,'资产','1801','长期待摊费用','cqdtfy','借',b'1',0,1,b'1',111,null,'',''),
(18364,'资产','1901','待处理财产损溢','dclccsy','借',b'1',0,1,b'1',111,null,'',''),
(18365,'负债','2001','短期借款','dqjk','贷',b'1',0,1,b'1',111,null,'',''),
(18366,'负债','2201','应付票据','yfpj','贷',b'1',0,1,b'1',111,null,'',''),
(18367,'负债','2202','应付账款','yfzk','贷',b'1',0,1,b'1',111,null,'',''),
(18368,'负债','2203','预收账款','yszk','贷',b'1',0,1,b'1',111,null,'',''),
(18369,'负债','2211','应付职工薪酬','yfzgxc','贷',b'1',0,1,b'1',111,null,'',''),
(18370,'负债','2221','应交税费','yjsf','贷',b'1',0,1,b'1',111,null,'',''),
(18371,'负债','222101','应交增值税','yjsf_yjzzs','贷',b'1',18370,2,b'1',111,null,'',''),
(18372,'负债','22210101','进项税额','yjsf_yjzzs_jxse','贷',b'1',18371,3,b'1',111,null,'',''),
(18373,'负债','22210102','已交税金','yjsf_yjzzs_yjsj','贷',b'1',18371,3,b'1',111,null,'',''),
(18374,'负债','22210103','转出未交增值税','yjsf_yjzzs_zcwjzzs','贷',b'1',18371,3,b'1',111,null,'',''),
(18375,'负债','22210104','减免税款','yjsf_yjzzs_jmsk','贷',b'1',18371,3,b'1',111,null,'',''),
(18376,'负债','22210105','销项税额','yjsf_yjzzs_xxse','贷',b'1',18371,3,b'1',111,null,'',''),
(18377,'负债','22210106','出口退税','yjsf_yjzzs_ckts','贷',b'1',18371,3,b'1',111,null,'',''),
(18378,'负债','22210107','进项税额转出','yjsf_yjzzs_jxsezc','贷',b'1',18371,3,b'1',111,null,'',''),
(18379,'负债','22210108','出口抵减内销产品应纳税额','yjsf_yjzzs_ckdjnxcpynse','贷',b'1',18371,3,b'1',111,null,'',''),
(18380,'负债','22210109','转出多交增值税','yjsf_yjzzs_zcdjzzs','贷',b'1',18371,3,b'1',111,null,'',''),
(18381,'负债','22210110','销项税额抵减','yjsf_yjzzs_xxsedj','贷',b'1',18371,3,b'1',111,null,'',''),
(18382,'负债','222102','未交增值税','yjsf_wjzzs','贷',b'1',18370,2,b'1',111,null,'',''),
(18383,'负债','222103','应交消费税','yjsf_yjxfs','贷',b'1',18370,2,b'1',111,null,'',''),
(18384,'负债','222104','应交营业税','yjsf_yjyys','贷',b'1',18370,2,b'1',111,null,'',''),
(18385,'负债','222105','应交资源税','yjsf_yjzys','贷',b'1',18370,2,b'1',111,null,'',''),
(18386,'负债','222106','应交所得税','yjsf_yjsds','贷',b'1',18370,2,b'1',111,null,'',''),
(18387,'负债','222107','应交土地增值税','yjsf_yjtdzzs','贷',b'1',18370,2,b'1',111,null,'',''),
(18388,'负债','222108','应交城市维护建设税','yjsf_yjcswhjss','贷',b'1',18370,2,b'1',111,null,'',''),
(18389,'负债','222109','应交房产税','yjsf_yjfcs','贷',b'1',18370,2,b'1',111,null,'',''),
(18390,'负债','222110','应交城镇土地使用税','yjsf_yjcztdsys','贷',b'1',18370,2,b'1',111,null,'',''),
(18391,'负债','222111','应交车船使用税','yjsf_yjccsys','贷',b'1',18370,2,b'1',111,null,'',''),
(18392,'负债','222112','应交个人所得税','yjsf_yjgrsds','贷',b'1',18370,2,b'1',111,null,'',''),
(18393,'负债','222113','教育费附加','yjsf_jyffj','贷',b'1',18370,2,b'1',111,null,'',''),
(18394,'负债','222114','地方教育费附加','yjsf_dfjyffj','贷',b'1',18370,2,b'1',111,null,'',''),
(18395,'负债','222115','矿产资源补偿费','yjsf_kczybcf','贷',b'1',18370,2,b'1',111,null,'',''),
(18396,'负债','222116','排污费','yjsf_pwf','贷',b'1',18370,2,b'1',111,null,'',''),
(18397,'负债','222117','印花税','yjsf_yhs','贷',b'1',18370,2,b'1',111,null,'',''),
(18398,'负债','222118','预交增值税','yjsf_yjzzs','贷',b'1',18370,2,b'1',111,null,'',''),
(18399,'负债','222119','待抵扣进项税额','yjsf_ddkjxse','贷',b'1',18370,2,b'1',111,null,'',''),
(18400,'负债','222120','待认证进项税额','yjsf_drzjxse','贷',b'1',18370,2,b'1',111,null,'',''),
(18401,'负债','222121','待转销项税额','yjsf_dzxxse','贷',b'1',18370,2,b'1',111,null,'',''),
(18402,'负债','222122','增值税留抵税额','yjsf_zzsldse','贷',b'1',18370,2,b'1',111,null,'',''),
(18403,'负债','222123','简易计税','yjsf_jyjs','贷',b'1',18370,2,b'1',111,null,'',''),
(18404,'负债','222124','转让金融商品应交增值税','yjsf_zrjrspyjzzs','贷',b'1',18370,2,b'1',111,null,'',''),
(18405,'负债','222125','代扣代交增值税','yjsf_dkdjzzs','贷',b'1',18370,2,b'1',111,null,'',''),
(18406,'负债','222126','应交增值税（小规模纳税人专用）','yjsf_yjzzs（xgmnsrzy）','贷',b'1',18370,2,b'1',111,null,'',''),
(18407,'负债','2231','应付利息','yflx','贷',b'1',0,1,b'1',111,null,'',''),
(18408,'负债','2232','应付利润','yflr','贷',b'1',0,1,b'1',111,null,'',''),
(18409,'负债','2241','其他应付款','qtyfk','贷',b'1',0,1,b'1',111,null,'',''),
(18410,'负债','2401','递延收益','dysy','贷',b'1',0,1,b'1',111,null,'',''),
(18411,'负债','2501','长期借款','cqjk','贷',b'1',0,1,b'1',111,null,'',''),
(18412,'负债','2701','长期应付款','cqyfk','贷',b'1',0,1,b'1',111,null,'',''),
(18413,'权益','3001','实收资本','sszb','贷',b'1',0,1,b'1',111,null,'',''),
(18414,'权益','3002','资本公积','zbgj','贷',b'1',0,1,b'1',111,null,'',''),
(18415,'权益','3101','盈余公积','yygj','贷',b'1',0,1,b'1',111,null,'',''),
(18416,'权益','310101','法定盈余公积','yygj_fdyygj','贷',b'1',18415,2,b'1',111,null,'',''),
(18417,'权益','310102','任意盈余公积','yygj_ryyygj','贷',b'1',18415,2,b'1',111,null,'',''),
(18418,'权益','310103','法定公益金','yygj_fdgyj','贷',b'1',18415,2,b'1',111,null,'',''),
(18419,'权益','3103','本年利润','bnlr','贷',b'1',0,1,b'1',111,null,'',''),
(18420,'权益','3104','利润分配','lrfp','贷',b'1',0,1,b'1',111,null,'',''),
(18421,'权益','310401','其他转入','lrfp_qtzr','贷',b'1',18420,2,b'1',111,null,'',''),
(18422,'权益','310402','提取法定盈余公积','lrfp_tqfdyygj','贷',b'1',18420,2,b'1',111,null,'',''),
(18423,'权益','310403','提取法定公益金','lrfp_tqfdgyj','贷',b'1',18420,2,b'1',111,null,'',''),
(18424,'权益','310404','提取任意盈余公积','lrfp_tqryyygj','贷',b'1',18420,2,b'1',111,null,'',''),
(18425,'权益','310405','应付利润','lrfp_yflr','贷',b'1',18420,2,b'1',111,null,'',''),
(18426,'权益','310406','未分配利润','lrfp_wfplr','贷',b'1',18420,2,b'1',111,null,'',''),
(18427,'成本','4001','生产成本','sccb','借',b'1',0,1,b'1',111,null,'',''),
(18428,'成本','4101','制造费用','zzfy','借',b'1',0,1,b'1',111,null,'',''),
(18429,'成本','4301','研发支出','yfzc','借',b'1',0,1,b'1',111,null,'',''),
(18430,'成本','4401','工程施工','gcsg','借',b'1',0,1,b'1',111,null,'',''),
(18431,'成本','4403','机械作业','jxzy','借',b'1',0,1,b'1',111,null,'',''),
(18432,'损益','5001','主营业务收入','zyywsr','贷',b'1',0,1,b'1',111,null,'',''),
(18433,'损益','5051','其他业务收入','qtywsr','贷',b'1',0,1,b'1',111,null,'',''),
(18434,'损益','5111','投资收益','tzsy','贷',b'1',0,1,b'1',111,null,'',''),
(18435,'损益','5301','营业外收入','yywsr','贷',b'1',0,1,b'1',111,null,'',''),
(18436,'损益','530101','非流动资产处置净收益','yywsr_fldzcczjsy','贷',b'1',18435,2,b'1',111,null,'',''),
(18437,'损益','530102','政府补助','yywsr_zfbz','贷',b'1',18435,2,b'1',111,null,'',''),
(18438,'损益','530103','捐赠收益','yywsr_jzsy','贷',b'1',18435,2,b'1',111,null,'',''),
(18439,'损益','530104','盘盈收益','yywsr_pysy','贷',b'1',18435,2,b'1',111,null,'',''),
(18440,'损益','5401','主营业务成本','zyywcb','借',b'1',0,1,b'1',111,null,'',''),
(18441,'损益','5402','其他业务成本','qtywcb','借',b'1',0,1,b'1',111,null,'',''),
(18442,'损益','5403','税金及附加','sjjfj','借',b'1',0,1,b'1',111,null,'',''),
(18443,'损益','5601','销售费用','xsfy','借',b'1',0,1,b'1',111,null,'',''),
(18444,'损益','560101','销售人员职工薪酬','xsfy_xsryzgxc','借',b'1',18443,2,b'1',111,null,'',''),
(18445,'损益','560102','业务招待费','xsfy_ywzdf','借',b'1',18443,2,b'1',111,null,'',''),
(18446,'损益','560103','修理费','xsfy_xlf','借',b'1',18443,2,b'1',111,null,'',''),
(18447,'损益','560104','办公费','xsfy_bgf','借',b'1',18443,2,b'1',111,null,'',''),
(18448,'损益','560105','水电费','xsfy_sdf','借',b'1',18443,2,b'1',111,null,'',''),
(18449,'损益','560106','差旅费','xsfy_clf','借',b'1',18443,2,b'1',111,null,'',''),
(18450,'损益','560107','折旧费','xsfy_zjf','借',b'1',18443,2,b'1',111,null,'',''),
(18451,'损益','560108','摊销费','xsfy_txf','借',b'1',18443,2,b'1',111,null,'',''),
(18452,'损益','560109','展览费','xsfy_zlf','借',b'1',18443,2,b'1',111,null,'',''),
(18453,'损益','560110','商品维修费','xsfy_spwxf','借',b'1',18443,2,b'1',111,null,'',''),
(18454,'损益','560111','运输费','xsfy_ysf','借',b'1',18443,2,b'1',111,null,'',''),
(18455,'损益','560112','装卸费','xsfy_zxf','借',b'1',18443,2,b'1',111,null,'',''),
(18456,'损益','560113','包装费','xsfy_bzf','借',b'1',18443,2,b'1',111,null,'',''),
(18457,'损益','560114','保险费','xsfy_bxf','借',b'1',18443,2,b'1',111,null,'',''),
(18458,'损益','560115','广告费','xsfy_ggf','借',b'1',18443,2,b'1',111,null,'',''),
(18459,'损益','560116','业务宣传费','xsfy_ywxcf','借',b'1',18443,2,b'1',111,null,'',''),
(18460,'损益','5602','管理费用','glfy','借',b'1',0,1,b'1',111,null,'',''),
(18461,'损益','560201','管理人员职工薪酬','glfy_glryzgxc','借',b'1',18460,2,b'1',111,null,'',''),
(18462,'损益','560202','业务招待费','glfy_ywzdf','借',b'1',18460,2,b'1',111,null,'',''),
(18463,'损益','560203','修理费','glfy_xlf','借',b'1',18460,2,b'1',111,null,'',''),
(18464,'损益','560204','办公费','glfy_bgf','借',b'1',18460,2,b'1',111,null,'',''),
(18465,'损益','560205','水电费','glfy_sdf','借',b'1',18460,2,b'1',111,null,'',''),
(18466,'损益','560206','差旅费','glfy_clf','借',b'1',18460,2,b'1',111,null,'',''),
(18467,'损益','560207','折旧费','glfy_zjf','借',b'1',18460,2,b'1',111,null,'',''),
(18468,'损益','560208','摊销费','glfy_txf','借',b'1',18460,2,b'1',111,null,'',''),
(18469,'损益','560209','开办费','glfy_kbf','借',b'1',18460,2,b'1',111,null,'',''),
(18470,'损益','560210','研究费用','glfy_yjfy','借',b'1',18460,2,b'1',111,null,'',''),
(18471,'损益','560211','咨询费','glfy_zxf','借',b'1',18460,2,b'1',111,null,'',''),
(18472,'损益','560212','长期待摊费用摊销','glfy_cqdtfytx','借',b'1',18460,2,b'1',111,null,'',''),
(18473,'损益','5603','财务费用','cwfy','借',b'1',0,1,b'1',111,null,'',''),
(18474,'损益','560301','利息费用','cwfy_lxfy','借',b'1',18473,2,b'1',111,null,'',''),
(18475,'损益','560302','手续费','cwfy_sxf','借',b'1',18473,2,b'1',111,null,'',''),
(18476,'损益','560303','汇兑损益','cwfy_hdsy','借',b'1',18473,2,b'1',111,null,'',''),
(18477,'损益','560304','现金折扣','cwfy_xjzk','借',b'1',18473,2,b'1',111,null,'',''),
(18478,'损益','5711','营业外支出','yywzc','借',b'1',0,1,b'1',111,null,'',''),
(18479,'损益','571101','非流动资产处置净损失','yywzc_fldzcczjss','借',b'1',18478,2,b'1',111,null,'',''),
(18480,'损益','571102','赞助支出','yywzc_zzzc','借',b'1',18478,2,b'1',111,null,'',''),
(18481,'损益','571103','捐赠支出','yywzc_jzzc','借',b'1',18478,2,b'1',111,null,'',''),
(18482,'损益','571104','盘亏损失','yywzc_pkss','借',b'1',18478,2,b'1',111,null,'',''),
(18483,'损益','571105','坏账损失','yywzc_hzss','借',b'1',18478,2,b'1',111,null,'',''),
(18484,'损益','571106','存货毁损报废损失','yywzc_chhsbfss','借',b'1',18478,2,b'1',111,null,'',''),
(18485,'损益','571107','无法收回的长期债券投资损失','yywzc_wfshdcqzqtzss','借',b'1',18478,2,b'1',111,null,'',''),
(18486,'损益','571108','无法收回的长期股权投资损失','yywzc_wfshdcqgqtzss','借',b'1',18478,2,b'1',111,null,'',''),
(18487,'损益','571109','自然灾害等不可抗力因素造成的损失','yywzc_zrzhdbkklyszcdss','借',b'1',18478,2,b'1',111,null,'',''),
(18488,'损益','571110','税收滞纳金','yywzc_ssznj','借',b'1',18478,2,b'1',111,null,'',''),
(18489,'损益','571111','罚款支出','yywzc_fkzc','借',b'1',18478,2,b'1',111,null,'',''),
(18490,'损益','5801','所得税费用','sdsfy','借',b'1',0,1,b'1',111,null,'',''),
(18491,'负债','224101','个人','qtyfk_gr','贷',b'1',18409,2,b'0',111,null,'','[{"id":667,"name":"职员"}]'),
(18492,'负债','224102','货款','qtyfk_hk','贷',b'1',18409,2,b'0',111,null,'','[{"id":666,"name":"供应商"}]'),
(18493,'负债','224103','尾款','qtyfk_wk','贷',b'1',18409,2,b'0',111,null,'',''),
(18494,'资产','1001','库存现金','kcxj','借',b'1',0,1,b'1',112,null,'',''),
(18495,'资产','1002','银行存款','yhck','借',b'1',0,1,b'1',112,null,'',''),
(18496,'资产','1012','其他货币资金','qthbzj','借',b'1',0,1,b'1',112,null,'',''),
(18497,'资产','1101','短期投资','dqtz','借',b'1',0,1,b'1',112,null,'',''),
(18498,'资产','110101','股票','dqtz_gp','借',b'1',18497,2,b'1',112,null,'',''),
(18499,'资产','110102','债券','dqtz_zq','借',b'1',18497,2,b'1',112,null,'',''),
(18500,'资产','110103','基金','dqtz_jj','借',b'1',18497,2,b'1',112,null,'',''),
(18501,'资产','1121','应收票据','yspj','借',b'1',0,1,b'1',112,null,'',''),
(18502,'资产','1122','应收账款','yszk','借',b'1',0,1,b'1',112,null,'',''),
(18503,'资产','1123','预付账款','yfzk','借',b'1',0,1,b'1',112,null,'',''),
(18504,'资产','1131','应收股利','ysgl','借',b'1',0,1,b'1',112,null,'',''),
(18505,'资产','1132','应收利息','yslx','借',b'1',0,1,b'1',112,null,'',''),
(18506,'资产','1221','其他应收款','qtysk','借',b'1',0,1,b'1',112,null,'',''),
(18507,'资产','1401','材料采购','clcg','借',b'1',0,1,b'1',112,null,'',''),
(18508,'资产','1402','在途物资','ztwz','借',b'1',0,1,b'1',112,null,'',''),
(18509,'资产','1403','原材料','ycl','借',b'1',0,1,b'1',112,null,'',''),
(18510,'资产','1404','材料成本差异','clcbcy','借',b'1',0,1,b'1',112,null,'',''),
(18511,'资产','1405','库存商品','kcsp','借',b'1',0,1,b'1',112,null,'',''),
(18512,'资产','1407','商品进销差价','spjxcj','借',b'1',0,1,b'1',112,null,'',''),
(18513,'资产','1408','委托加工物资','wtjgwz','借',b'1',0,1,b'1',112,null,'',''),
(18514,'资产','1411','周转材料','zzcl','借',b'1',0,1,b'1',112,null,'',''),
(18515,'资产','1421','消耗性生物资产','xhxswzc','借',b'1',0,1,b'1',112,null,'',''),
(18516,'资产','1501','长期债券投资','cqzqtz','借',b'1',0,1,b'1',112,null,'',''),
(18517,'资产','1511','长期股权投资','cqgqtz','借',b'1',0,1,b'1',112,null,'',''),
(18518,'资产','1601','固定资产','gdzc','借',b'1',0,1,b'1',112,null,'',''),
(18519,'资产','1602','累计折旧','ljzj','贷',b'1',0,1,b'1',112,null,'',''),
(18520,'资产','1604','在建工程','zjgc','借',b'1',0,1,b'1',112,null,'',''),
(18521,'资产','1605','工程物资','gcwz','借',b'1',0,1,b'1',112,null,'',''),
(18522,'资产','1606','固定资产清理','gdzcql','借',b'1',0,1,b'1',112,null,'',''),
(18523,'资产','1621','生产性生物资产','scxswzc','借',b'1',0,1,b'1',112,null,'',''),
(18524,'资产','1622','生产性生物资产累计折旧','scxswzcljzj','借',b'1',0,1,b'1',112,null,'',''),
(18525,'资产','1701','无形资产','wxzc','借',b'1',0,1,b'1',112,null,'',''),
(18526,'资产','1702','累计摊销','ljtx','借',b'1',0,1,b'1',112,null,'',''),
(18527,'资产','1801','长期待摊费用','cqdtfy','借',b'1',0,1,b'1',112,null,'',''),
(18528,'资产','1901','待处理财产损溢','dclccsy','借',b'1',0,1,b'1',112,null,'',''),
(18529,'负债','2001','短期借款','dqjk','贷',b'1',0,1,b'1',112,null,'',''),
(18530,'负债','2201','应付票据','yfpj','贷',b'1',0,1,b'1',112,null,'',''),
(18531,'负债','2202','应付账款','yfzk','贷',b'1',0,1,b'1',112,null,'',''),
(18532,'负债','2203','预收账款','yszk','贷',b'1',0,1,b'1',112,null,'',''),
(18533,'负债','2211','应付职工薪酬','yfzgxc','贷',b'1',0,1,b'1',112,null,'',''),
(18534,'负债','2221','应交税费','yjsf','贷',b'1',0,1,b'1',112,null,'',''),
(18535,'负债','222101','应交增值税','yjsf_yjzzs','贷',b'1',18534,2,b'1',112,null,'',''),
(18536,'负债','22210101','进项税额','yjsf_yjzzs_jxse','贷',b'1',18535,3,b'1',112,null,'',''),
(18537,'负债','22210102','已交税金','yjsf_yjzzs_yjsj','贷',b'1',18535,3,b'1',112,null,'',''),
(18538,'负债','22210103','转出未交增值税','yjsf_yjzzs_zcwjzzs','贷',b'1',18535,3,b'1',112,null,'',''),
(18539,'负债','22210104','减免税款','yjsf_yjzzs_jmsk','贷',b'1',18535,3,b'1',112,null,'',''),
(18540,'负债','22210105','销项税额','yjsf_yjzzs_xxse','贷',b'1',18535,3,b'1',112,null,'',''),
(18541,'负债','22210106','出口退税','yjsf_yjzzs_ckts','贷',b'1',18535,3,b'1',112,null,'',''),
(18542,'负债','22210107','进项税额转出','yjsf_yjzzs_jxsezc','贷',b'1',18535,3,b'1',112,null,'',''),
(18543,'负债','22210108','出口抵减内销产品应纳税额','yjsf_yjzzs_ckdjnxcpynse','贷',b'1',18535,3,b'1',112,null,'',''),
(18544,'负债','22210109','转出多交增值税','yjsf_yjzzs_zcdjzzs','贷',b'1',18535,3,b'1',112,null,'',''),
(18545,'负债','22210110','销项税额抵减','yjsf_yjzzs_xxsedj','贷',b'1',18535,3,b'1',112,null,'',''),
(18546,'负债','222102','未交增值税','yjsf_wjzzs','贷',b'1',18534,2,b'1',112,null,'',''),
(18547,'负债','222103','应交消费税','yjsf_yjxfs','贷',b'1',18534,2,b'1',112,null,'',''),
(18548,'负债','222104','应交营业税','yjsf_yjyys','贷',b'1',18534,2,b'1',112,null,'',''),
(18549,'负债','222105','应交资源税','yjsf_yjzys','贷',b'1',18534,2,b'1',112,null,'',''),
(18550,'负债','222106','应交所得税','yjsf_yjsds','贷',b'1',18534,2,b'1',112,null,'',''),
(18551,'负债','222107','应交土地增值税','yjsf_yjtdzzs','贷',b'1',18534,2,b'1',112,null,'',''),
(18552,'负债','222108','应交城市维护建设税','yjsf_yjcswhjss','贷',b'1',18534,2,b'1',112,null,'',''),
(18553,'负债','222109','应交房产税','yjsf_yjfcs','贷',b'1',18534,2,b'1',112,null,'',''),
(18554,'负债','222110','应交城镇土地使用税','yjsf_yjcztdsys','贷',b'1',18534,2,b'1',112,null,'',''),
(18555,'负债','222111','应交车船使用税','yjsf_yjccsys','贷',b'1',18534,2,b'1',112,null,'',''),
(18556,'负债','222112','应交个人所得税','yjsf_yjgrsds','贷',b'1',18534,2,b'1',112,null,'',''),
(18557,'负债','222113','教育费附加','yjsf_jyffj','贷',b'1',18534,2,b'1',112,null,'',''),
(18558,'负债','222114','地方教育费附加','yjsf_dfjyffj','贷',b'1',18534,2,b'1',112,null,'',''),
(18559,'负债','222115','矿产资源补偿费','yjsf_kczybcf','贷',b'1',18534,2,b'1',112,null,'',''),
(18560,'负债','222116','排污费','yjsf_pwf','贷',b'1',18534,2,b'1',112,null,'',''),
(18561,'负债','222117','印花税','yjsf_yhs','贷',b'1',18534,2,b'1',112,null,'',''),
(18562,'负债','222118','预交增值税','yjsf_yjzzs','贷',b'1',18534,2,b'1',112,null,'',''),
(18563,'负债','222119','待抵扣进项税额','yjsf_ddkjxse','贷',b'1',18534,2,b'1',112,null,'',''),
(18564,'负债','222120','待认证进项税额','yjsf_drzjxse','贷',b'1',18534,2,b'1',112,null,'',''),
(18565,'负债','222121','待转销项税额','yjsf_dzxxse','贷',b'1',18534,2,b'1',112,null,'',''),
(18566,'负债','222122','增值税留抵税额','yjsf_zzsldse','贷',b'1',18534,2,b'1',112,null,'',''),
(18567,'负债','222123','简易计税','yjsf_jyjs','贷',b'1',18534,2,b'1',112,null,'',''),
(18568,'负债','222124','转让金融商品应交增值税','yjsf_zrjrspyjzzs','贷',b'1',18534,2,b'1',112,null,'',''),
(18569,'负债','222125','代扣代交增值税','yjsf_dkdjzzs','贷',b'1',18534,2,b'1',112,null,'',''),
(18570,'负债','222126','应交增值税（小规模纳税人专用）','yjsf_yjzzs（xgmnsrzy）','贷',b'1',18534,2,b'1',112,null,'',''),
(18571,'负债','2231','应付利息','yflx','贷',b'1',0,1,b'1',112,null,'',''),
(18572,'负债','2232','应付利润','yflr','贷',b'1',0,1,b'1',112,null,'',''),
(18573,'负债','2241','其他应付款','qtyfk','贷',b'1',0,1,b'1',112,null,'',''),
(18574,'负债','2401','递延收益','dysy','贷',b'1',0,1,b'1',112,null,'',''),
(18575,'负债','2501','长期借款','cqjk','贷',b'1',0,1,b'1',112,null,'',''),
(18576,'负债','2701','长期应付款','cqyfk','贷',b'1',0,1,b'1',112,null,'',''),
(18577,'权益','3001','实收资本','sszb','贷',b'1',0,1,b'1',112,null,'',''),
(18578,'权益','3002','资本公积','zbgj','贷',b'1',0,1,b'1',112,null,'',''),
(18579,'权益','3101','盈余公积','yygj','贷',b'1',0,1,b'1',112,null,'',''),
(18580,'权益','310101','法定盈余公积','yygj_fdyygj','贷',b'1',18579,2,b'1',112,null,'',''),
(18581,'权益','310102','任意盈余公积','yygj_ryyygj','贷',b'1',18579,2,b'1',112,null,'',''),
(18582,'权益','310103','法定公益金','yygj_fdgyj','贷',b'1',18579,2,b'1',112,null,'',''),
(18583,'权益','3103','本年利润','bnlr','贷',b'1',0,1,b'1',112,null,'',''),
(18584,'权益','3104','利润分配','lrfp','贷',b'1',0,1,b'1',112,null,'',''),
(18585,'权益','310401','其他转入','lrfp_qtzr','贷',b'1',18584,2,b'1',112,null,'',''),
(18586,'权益','310402','提取法定盈余公积','lrfp_tqfdyygj','贷',b'1',18584,2,b'1',112,null,'',''),
(18587,'权益','310403','提取法定公益金','lrfp_tqfdgyj','贷',b'1',18584,2,b'1',112,null,'',''),
(18588,'权益','310404','提取任意盈余公积','lrfp_tqryyygj','贷',b'1',18584,2,b'1',112,null,'',''),
(18589,'权益','310405','应付利润','lrfp_yflr','贷',b'1',18584,2,b'1',112,null,'',''),
(18590,'权益','310406','未分配利润','lrfp_wfplr','贷',b'1',18584,2,b'1',112,null,'',''),
(18591,'成本','4001','生产成本','sccb','借',b'1',0,1,b'1',112,null,'',''),
(18592,'成本','4101','制造费用','zzfy','借',b'1',0,1,b'1',112,null,'',''),
(18593,'成本','4301','研发支出','yfzc','借',b'1',0,1,b'1',112,null,'',''),
(18594,'成本','4401','工程施工','gcsg','借',b'1',0,1,b'1',112,null,'',''),
(18595,'成本','4403','机械作业','jxzy','借',b'1',0,1,b'1',112,null,'',''),
(18596,'损益','5001','主营业务收入','zyywsr','贷',b'1',0,1,b'1',112,null,'',''),
(18597,'损益','5051','其他业务收入','qtywsr','贷',b'1',0,1,b'1',112,null,'',''),
(18598,'损益','5111','投资收益','tzsy','贷',b'1',0,1,b'1',112,null,'',''),
(18599,'损益','5301','营业外收入','yywsr','贷',b'1',0,1,b'1',112,null,'',''),
(18600,'损益','530101','非流动资产处置净收益','yywsr_fldzcczjsy','贷',b'1',18599,2,b'1',112,null,'',''),
(18601,'损益','530102','政府补助','yywsr_zfbz','贷',b'1',18599,2,b'1',112,null,'',''),
(18602,'损益','530103','捐赠收益','yywsr_jzsy','贷',b'1',18599,2,b'1',112,null,'',''),
(18603,'损益','530104','盘盈收益','yywsr_pysy','贷',b'1',18599,2,b'1',112,null,'',''),
(18604,'损益','5401','主营业务成本','zyywcb','借',b'1',0,1,b'1',112,null,'',''),
(18605,'损益','5402','其他业务成本','qtywcb','借',b'1',0,1,b'1',112,null,'',''),
(18606,'损益','5403','税金及附加','sjjfj','借',b'1',0,1,b'1',112,null,'',''),
(18607,'损益','5601','销售费用','xsfy','借',b'1',0,1,b'1',112,null,'',''),
(18608,'损益','560101','销售人员职工薪酬','xsfy_xsryzgxc','借',b'1',18607,2,b'1',112,null,'',''),
(18609,'损益','560102','业务招待费','xsfy_ywzdf','借',b'1',18607,2,b'1',112,null,'',''),
(18610,'损益','560103','修理费','xsfy_xlf','借',b'1',18607,2,b'1',112,null,'',''),
(18611,'损益','560104','办公费','xsfy_bgf','借',b'1',18607,2,b'1',112,null,'',''),
(18612,'损益','560105','水电费','xsfy_sdf','借',b'1',18607,2,b'1',112,null,'',''),
(18613,'损益','560106','差旅费','xsfy_clf','借',b'1',18607,2,b'1',112,null,'',''),
(18614,'损益','560107','折旧费','xsfy_zjf','借',b'1',18607,2,b'1',112,null,'',''),
(18615,'损益','560108','摊销费','xsfy_txf','借',b'1',18607,2,b'1',112,null,'',''),
(18616,'损益','560109','展览费','xsfy_zlf','借',b'1',18607,2,b'1',112,null,'',''),
(18617,'损益','560110','商品维修费','xsfy_spwxf','借',b'1',18607,2,b'1',112,null,'',''),
(18618,'损益','560111','运输费','xsfy_ysf','借',b'1',18607,2,b'1',112,null,'',''),
(18619,'损益','560112','装卸费','xsfy_zxf','借',b'1',18607,2,b'1',112,null,'',''),
(18620,'损益','560113','包装费','xsfy_bzf','借',b'1',18607,2,b'1',112,null,'',''),
(18621,'损益','560114','保险费','xsfy_bxf','借',b'1',18607,2,b'1',112,null,'',''),
(18622,'损益','560115','广告费','xsfy_ggf','借',b'1',18607,2,b'1',112,null,'',''),
(18623,'损益','560116','业务宣传费','xsfy_ywxcf','借',b'1',18607,2,b'1',112,null,'',''),
(18624,'损益','5602','管理费用','glfy','借',b'1',0,1,b'1',112,null,'',''),
(18625,'损益','560201','管理人员职工薪酬','glfy_glryzgxc','借',b'1',18624,2,b'1',112,null,'',''),
(18626,'损益','560202','业务招待费','glfy_ywzdf','借',b'1',18624,2,b'1',112,null,'',''),
(18627,'损益','560203','修理费','glfy_xlf','借',b'1',18624,2,b'1',112,null,'',''),
(18628,'损益','560204','办公费','glfy_bgf','借',b'1',18624,2,b'1',112,null,'',''),
(18629,'损益','560205','水电费','glfy_sdf','借',b'1',18624,2,b'1',112,null,'',''),
(18630,'损益','560206','差旅费','glfy_clf','借',b'1',18624,2,b'1',112,null,'',''),
(18631,'损益','560207','折旧费','glfy_zjf','借',b'1',18624,2,b'1',112,null,'',''),
(18632,'损益','560208','摊销费','glfy_txf','借',b'1',18624,2,b'1',112,null,'',''),
(18633,'损益','560209','开办费','glfy_kbf','借',b'1',18624,2,b'1',112,null,'',''),
(18634,'损益','560210','研究费用','glfy_yjfy','借',b'1',18624,2,b'1',112,null,'',''),
(18635,'损益','560211','咨询费','glfy_zxf','借',b'1',18624,2,b'1',112,null,'',''),
(18636,'损益','560212','长期待摊费用摊销','glfy_cqdtfytx','借',b'1',18624,2,b'1',112,null,'',''),
(18637,'损益','5603','财务费用','cwfy','借',b'1',0,1,b'1',112,null,'',''),
(18638,'损益','560301','利息费用','cwfy_lxfy','借',b'1',18637,2,b'1',112,null,'',''),
(18639,'损益','560302','手续费','cwfy_sxf','借',b'1',18637,2,b'1',112,null,'',''),
(18640,'损益','560303','汇兑损益','cwfy_hdsy','借',b'1',18637,2,b'1',112,null,'',''),
(18641,'损益','560304','现金折扣','cwfy_xjzk','借',b'1',18637,2,b'1',112,null,'',''),
(18642,'损益','5711','营业外支出','yywzc','借',b'1',0,1,b'1',112,null,'',''),
(18643,'损益','571101','非流动资产处置净损失','yywzc_fldzcczjss','借',b'1',18642,2,b'1',112,null,'',''),
(18644,'损益','571102','赞助支出','yywzc_zzzc','借',b'1',18642,2,b'1',112,null,'',''),
(18645,'损益','571103','捐赠支出','yywzc_jzzc','借',b'1',18642,2,b'1',112,null,'',''),
(18646,'损益','571104','盘亏损失','yywzc_pkss','借',b'1',18642,2,b'1',112,null,'',''),
(18647,'损益','571105','坏账损失','yywzc_hzss','借',b'1',18642,2,b'1',112,null,'',''),
(18648,'损益','571106','存货毁损报废损失','yywzc_chhsbfss','借',b'1',18642,2,b'1',112,null,'',''),
(18649,'损益','571107','无法收回的长期债券投资损失','yywzc_wfshdcqzqtzss','借',b'1',18642,2,b'1',112,null,'',''),
(18650,'损益','571108','无法收回的长期股权投资损失','yywzc_wfshdcqgqtzss','借',b'1',18642,2,b'1',112,null,'',''),
(18651,'损益','571109','自然灾害等不可抗力因素造成的损失','yywzc_zrzhdbkklyszcdss','借',b'1',18642,2,b'1',112,null,'',''),
(18652,'损益','571110','税收滞纳金','yywzc_ssznj','借',b'1',18642,2,b'1',112,null,'',''),
(18653,'损益','571111','罚款支出','yywzc_fkzc','借',b'1',18642,2,b'1',112,null,'',''),
(18654,'损益','5801','所得税费用','sdsfy','借',b'1',0,1,b'1',112,null,'',''),
(18655,'资产','1001','库存现金','kcxj','借',b'1',0,1,b'1',113,null,'',''),
(18656,'资产','1002','银行存款','yhck','借',b'1',0,1,b'1',113,null,'',''),
(18657,'资产','1012','其他货币资金','qthbzj','借',b'1',0,1,b'1',113,null,'',''),
(18658,'资产','1101','短期投资','dqtz','借',b'1',0,1,b'1',113,null,'',''),
(18659,'资产','110101','股票','dqtz_gp','借',b'1',18658,2,b'1',113,null,'',''),
(18660,'资产','110102','债券','dqtz_zq','借',b'1',18658,2,b'1',113,null,'',''),
(18661,'资产','110103','基金','dqtz_jj','借',b'1',18658,2,b'1',113,null,'',''),
(18662,'资产','1121','应收票据','yspj','借',b'1',0,1,b'1',113,null,'',''),
(18663,'资产','1122','应收账款','yszk','借',b'1',0,1,b'1',113,null,'',''),
(18664,'资产','1123','预付账款','yfzk','借',b'1',0,1,b'1',113,null,'',''),
(18665,'资产','1131','应收股利','ysgl','借',b'1',0,1,b'1',113,null,'',''),
(18666,'资产','1132','应收利息','yslx','借',b'1',0,1,b'1',113,null,'',''),
(18667,'资产','1221','其他应收款','qtysk','借',b'1',0,1,b'1',113,null,'',''),
(18668,'资产','1401','材料采购','clcg','借',b'1',0,1,b'1',113,null,'',''),
(18669,'资产','1402','在途物资','ztwz','借',b'1',0,1,b'1',113,null,'',''),
(18670,'资产','1403','原材料','ycl','借',b'1',0,1,b'1',113,null,'',''),
(18671,'资产','1404','材料成本差异','clcbcy','借',b'1',0,1,b'1',113,null,'',''),
(18672,'资产','1405','库存商品','kcsp','借',b'1',0,1,b'1',113,null,'',''),
(18673,'资产','1407','商品进销差价','spjxcj','借',b'1',0,1,b'1',113,null,'',''),
(18674,'资产','1408','委托加工物资','wtjgwz','借',b'1',0,1,b'1',113,null,'',''),
(18675,'资产','1411','周转材料','zzcl','借',b'1',0,1,b'1',113,null,'',''),
(18676,'资产','1421','消耗性生物资产','xhxswzc','借',b'1',0,1,b'1',113,null,'',''),
(18677,'资产','1501','长期债券投资','cqzqtz','借',b'1',0,1,b'1',113,null,'',''),
(18678,'资产','1511','长期股权投资','cqgqtz','借',b'1',0,1,b'1',113,null,'',''),
(18679,'资产','1601','固定资产','gdzc','借',b'1',0,1,b'1',113,null,'',''),
(18680,'资产','1602','累计折旧','ljzj','贷',b'1',0,1,b'1',113,null,'',''),
(18681,'资产','1604','在建工程','zjgc','借',b'1',0,1,b'1',113,null,'',''),
(18682,'资产','1605','工程物资','gcwz','借',b'1',0,1,b'1',113,null,'',''),
(18683,'资产','1606','固定资产清理','gdzcql','借',b'1',0,1,b'1',113,null,'',''),
(18684,'资产','1621','生产性生物资产','scxswzc','借',b'1',0,1,b'1',113,null,'',''),
(18685,'资产','1622','生产性生物资产累计折旧','scxswzcljzj','借',b'1',0,1,b'1',113,null,'',''),
(18686,'资产','1701','无形资产','wxzc','借',b'1',0,1,b'1',113,null,'',''),
(18687,'资产','1702','累计摊销','ljtx','借',b'1',0,1,b'1',113,null,'',''),
(18688,'资产','1801','长期待摊费用','cqdtfy','借',b'1',0,1,b'1',113,null,'',''),
(18689,'资产','1901','待处理财产损溢','dclccsy','借',b'1',0,1,b'1',113,null,'',''),
(18690,'负债','2001','短期借款','dqjk','贷',b'1',0,1,b'1',113,null,'',''),
(18691,'负债','2201','应付票据','yfpj','贷',b'1',0,1,b'1',113,null,'',''),
(18692,'负债','2202','应付账款','yfzk','贷',b'1',0,1,b'1',113,null,'',''),
(18693,'负债','2203','预收账款','yszk','贷',b'1',0,1,b'1',113,null,'',''),
(18694,'负债','2211','应付职工薪酬','yfzgxc','贷',b'1',0,1,b'1',113,null,'',''),
(18695,'负债','2221','应交税费','yjsf','贷',b'1',0,1,b'1',113,null,'',''),
(18696,'负债','222101','应交增值税','yjsf_yjzzs','贷',b'1',18695,2,b'1',113,null,'',''),
(18697,'负债','22210101','进项税额','yjsf_yjzzs_jxse','贷',b'1',18696,3,b'1',113,null,'',''),
(18698,'负债','22210102','已交税金','yjsf_yjzzs_yjsj','贷',b'1',18696,3,b'1',113,null,'',''),
(18699,'负债','22210103','转出未交增值税','yjsf_yjzzs_zcwjzzs','贷',b'1',18696,3,b'1',113,null,'',''),
(18700,'负债','22210104','减免税款','yjsf_yjzzs_jmsk','贷',b'1',18696,3,b'1',113,null,'',''),
(18701,'负债','22210105','销项税额','yjsf_yjzzs_xxse','贷',b'1',18696,3,b'1',113,null,'',''),
(18702,'负债','22210106','出口退税','yjsf_yjzzs_ckts','贷',b'1',18696,3,b'1',113,null,'',''),
(18703,'负债','22210107','进项税额转出','yjsf_yjzzs_jxsezc','贷',b'1',18696,3,b'1',113,null,'',''),
(18704,'负债','22210108','出口抵减内销产品应纳税额','yjsf_yjzzs_ckdjnxcpynse','贷',b'1',18696,3,b'1',113,null,'',''),
(18705,'负债','22210109','转出多交增值税','yjsf_yjzzs_zcdjzzs','贷',b'1',18696,3,b'1',113,null,'',''),
(18706,'负债','22210110','销项税额抵减','yjsf_yjzzs_xxsedj','贷',b'1',18696,3,b'1',113,null,'',''),
(18707,'负债','222102','未交增值税','yjsf_wjzzs','贷',b'1',18695,2,b'1',113,null,'',''),
(18708,'负债','222103','应交消费税','yjsf_yjxfs','贷',b'1',18695,2,b'1',113,null,'',''),
(18709,'负债','222104','应交营业税','yjsf_yjyys','贷',b'1',18695,2,b'1',113,null,'',''),
(18710,'负债','222105','应交资源税','yjsf_yjzys','贷',b'1',18695,2,b'1',113,null,'',''),
(18711,'负债','222106','应交所得税','yjsf_yjsds','贷',b'1',18695,2,b'1',113,null,'',''),
(18712,'负债','222107','应交土地增值税','yjsf_yjtdzzs','贷',b'1',18695,2,b'1',113,null,'',''),
(18713,'负债','222108','应交城市维护建设税','yjsf_yjcswhjss','贷',b'1',18695,2,b'1',113,null,'',''),
(18714,'负债','222109','应交房产税','yjsf_yjfcs','贷',b'1',18695,2,b'1',113,null,'',''),
(18715,'负债','222110','应交城镇土地使用税','yjsf_yjcztdsys','贷',b'1',18695,2,b'1',113,null,'',''),
(18716,'负债','222111','应交车船使用税','yjsf_yjccsys','贷',b'1',18695,2,b'1',113,null,'',''),
(18717,'负债','222112','应交个人所得税','yjsf_yjgrsds','贷',b'1',18695,2,b'1',113,null,'',''),
(18718,'负债','222113','教育费附加','yjsf_jyffj','贷',b'1',18695,2,b'1',113,null,'',''),
(18719,'负债','222114','地方教育费附加','yjsf_dfjyffj','贷',b'1',18695,2,b'1',113,null,'',''),
(18720,'负债','222115','矿产资源补偿费','yjsf_kczybcf','贷',b'1',18695,2,b'1',113,null,'',''),
(18721,'负债','222116','排污费','yjsf_pwf','贷',b'1',18695,2,b'1',113,null,'',''),
(18722,'负债','222117','印花税','yjsf_yhs','贷',b'1',18695,2,b'1',113,null,'',''),
(18723,'负债','222118','预交增值税','yjsf_yjzzs','贷',b'1',18695,2,b'1',113,null,'',''),
(18724,'负债','222119','待抵扣进项税额','yjsf_ddkjxse','贷',b'1',18695,2,b'1',113,null,'',''),
(18725,'负债','222120','待认证进项税额','yjsf_drzjxse','贷',b'1',18695,2,b'1',113,null,'',''),
(18726,'负债','222121','待转销项税额','yjsf_dzxxse','贷',b'1',18695,2,b'1',113,null,'',''),
(18727,'负债','222122','增值税留抵税额','yjsf_zzsldse','贷',b'1',18695,2,b'1',113,null,'',''),
(18728,'负债','222123','简易计税','yjsf_jyjs','贷',b'1',18695,2,b'1',113,null,'',''),
(18729,'负债','222124','转让金融商品应交增值税','yjsf_zrjrspyjzzs','贷',b'1',18695,2,b'1',113,null,'',''),
(18730,'负债','222125','代扣代交增值税','yjsf_dkdjzzs','贷',b'1',18695,2,b'1',113,null,'',''),
(18731,'负债','222126','应交增值税（小规模纳税人专用）','yjsf_yjzzs（xgmnsrzy）','贷',b'1',18695,2,b'1',113,null,'',''),
(18732,'负债','2231','应付利息','yflx','贷',b'1',0,1,b'1',113,null,'',''),
(18733,'负债','2232','应付利润','yflr','贷',b'1',0,1,b'1',113,null,'',''),
(18734,'负债','2241','其他应付款','qtyfk','贷',b'1',0,1,b'1',113,null,'',''),
(18735,'负债','2401','递延收益','dysy','贷',b'1',0,1,b'1',113,null,'',''),
(18736,'负债','2501','长期借款','cqjk','贷',b'1',0,1,b'1',113,null,'',''),
(18737,'负债','2701','长期应付款','cqyfk','贷',b'1',0,1,b'1',113,null,'',''),
(18738,'权益','3001','实收资本','sszb','贷',b'1',0,1,b'1',113,null,'',''),
(18739,'权益','3002','资本公积','zbgj','贷',b'1',0,1,b'1',113,null,'',''),
(18740,'权益','3101','盈余公积','yygj','贷',b'1',0,1,b'1',113,null,'',''),
(18741,'权益','310101','法定盈余公积','yygj_fdyygj','贷',b'1',18740,2,b'1',113,null,'',''),
(18742,'权益','310102','任意盈余公积','yygj_ryyygj','贷',b'1',18740,2,b'1',113,null,'',''),
(18743,'权益','310103','法定公益金','yygj_fdgyj','贷',b'1',18740,2,b'1',113,null,'',''),
(18744,'权益','3103','本年利润','bnlr','贷',b'1',0,1,b'1',113,null,'',''),
(18745,'权益','3104','利润分配','lrfp','贷',b'1',0,1,b'1',113,null,'',''),
(18746,'权益','310401','其他转入','lrfp_qtzr','贷',b'1',18745,2,b'1',113,null,'',''),
(18747,'权益','310402','提取法定盈余公积','lrfp_tqfdyygj','贷',b'1',18745,2,b'1',113,null,'',''),
(18748,'权益','310403','提取法定公益金','lrfp_tqfdgyj','贷',b'1',18745,2,b'1',113,null,'',''),
(18749,'权益','310404','提取任意盈余公积','lrfp_tqryyygj','贷',b'1',18745,2,b'1',113,null,'',''),
(18750,'权益','310405','应付利润','lrfp_yflr','贷',b'1',18745,2,b'1',113,null,'',''),
(18751,'权益','310406','未分配利润','lrfp_wfplr','贷',b'1',18745,2,b'1',113,null,'',''),
(18752,'成本','4001','生产成本','sccb','借',b'1',0,1,b'1',113,null,'',''),
(18753,'成本','4101','制造费用','zzfy','借',b'1',0,1,b'1',113,null,'',''),
(18754,'成本','4301','研发支出','yfzc','借',b'1',0,1,b'1',113,null,'',''),
(18755,'成本','4401','工程施工','gcsg','借',b'1',0,1,b'1',113,null,'',''),
(18756,'成本','4403','机械作业','jxzy','借',b'1',0,1,b'1',113,null,'',''),
(18757,'损益','5001','主营业务收入','zyywsr','贷',b'1',0,1,b'1',113,null,'',''),
(18758,'损益','5051','其他业务收入','qtywsr','贷',b'1',0,1,b'1',113,null,'',''),
(18759,'损益','5111','投资收益','tzsy','贷',b'1',0,1,b'1',113,null,'',''),
(18760,'损益','5301','营业外收入','yywsr','贷',b'1',0,1,b'1',113,null,'',''),
(18761,'损益','530101','非流动资产处置净收益','yywsr_fldzcczjsy','贷',b'1',18760,2,b'1',113,null,'',''),
(18762,'损益','530102','政府补助','yywsr_zfbz','贷',b'1',18760,2,b'1',113,null,'',''),
(18763,'损益','530103','捐赠收益','yywsr_jzsy','贷',b'1',18760,2,b'1',113,null,'',''),
(18764,'损益','530104','盘盈收益','yywsr_pysy','贷',b'1',18760,2,b'1',113,null,'',''),
(18765,'损益','5401','主营业务成本','zyywcb','借',b'1',0,1,b'1',113,null,'',''),
(18766,'损益','5402','其他业务成本','qtywcb','借',b'1',0,1,b'1',113,null,'',''),
(18767,'损益','5403','税金及附加','sjjfj','借',b'1',0,1,b'1',113,null,'',''),
(18768,'损益','5601','销售费用','xsfy','借',b'1',0,1,b'1',113,null,'',''),
(18769,'损益','560101','销售人员职工薪酬','xsfy_xsryzgxc','借',b'1',18768,2,b'1',113,null,'',''),
(18770,'损益','560102','业务招待费','xsfy_ywzdf','借',b'1',18768,2,b'1',113,null,'',''),
(18771,'损益','560103','修理费','xsfy_xlf','借',b'1',18768,2,b'1',113,null,'',''),
(18772,'损益','560104','办公费','xsfy_bgf','借',b'1',18768,2,b'1',113,null,'',''),
(18773,'损益','560105','水电费','xsfy_sdf','借',b'1',18768,2,b'1',113,null,'',''),
(18774,'损益','560106','差旅费','xsfy_clf','借',b'1',18768,2,b'1',113,null,'',''),
(18775,'损益','560107','折旧费','xsfy_zjf','借',b'1',18768,2,b'1',113,null,'',''),
(18776,'损益','560108','摊销费','xsfy_txf','借',b'1',18768,2,b'1',113,null,'',''),
(18777,'损益','560109','展览费','xsfy_zlf','借',b'1',18768,2,b'1',113,null,'',''),
(18778,'损益','560110','商品维修费','xsfy_spwxf','借',b'1',18768,2,b'1',113,null,'',''),
(18779,'损益','560111','运输费','xsfy_ysf','借',b'1',18768,2,b'1',113,null,'',''),
(18780,'损益','560112','装卸费','xsfy_zxf','借',b'1',18768,2,b'1',113,null,'',''),
(18781,'损益','560113','包装费','xsfy_bzf','借',b'1',18768,2,b'1',113,null,'',''),
(18782,'损益','560114','保险费','xsfy_bxf','借',b'1',18768,2,b'1',113,null,'',''),
(18783,'损益','560115','广告费','xsfy_ggf','借',b'1',18768,2,b'1',113,null,'',''),
(18784,'损益','560116','业务宣传费','xsfy_ywxcf','借',b'1',18768,2,b'1',113,null,'',''),
(18785,'损益','5602','管理费用','glfy','借',b'1',0,1,b'1',113,null,'',''),
(18786,'损益','560201','管理人员职工薪酬','glfy_glryzgxc','借',b'1',18785,2,b'1',113,null,'',''),
(18787,'损益','560202','业务招待费','glfy_ywzdf','借',b'1',18785,2,b'1',113,null,'',''),
(18788,'损益','560203','修理费','glfy_xlf','借',b'1',18785,2,b'1',113,null,'',''),
(18789,'损益','560204','办公费','glfy_bgf','借',b'1',18785,2,b'1',113,null,'',''),
(18790,'损益','560205','水电费','glfy_sdf','借',b'1',18785,2,b'1',113,null,'',''),
(18791,'损益','560206','差旅费','glfy_clf','借',b'1',18785,2,b'1',113,null,'',''),
(18792,'损益','560207','折旧费','glfy_zjf','借',b'1',18785,2,b'1',113,null,'',''),
(18793,'损益','560208','摊销费','glfy_txf','借',b'1',18785,2,b'1',113,null,'',''),
(18794,'损益','560209','开办费','glfy_kbf','借',b'1',18785,2,b'1',113,null,'',''),
(18795,'损益','560210','研究费用','glfy_yjfy','借',b'1',18785,2,b'1',113,null,'',''),
(18796,'损益','560211','咨询费','glfy_zxf','借',b'1',18785,2,b'1',113,null,'',''),
(18797,'损益','560212','长期待摊费用摊销','glfy_cqdtfytx','借',b'1',18785,2,b'1',113,null,'',''),
(18798,'损益','5603','财务费用','cwfy','借',b'1',0,1,b'1',113,null,'',''),
(18799,'损益','560301','利息费用','cwfy_lxfy','借',b'1',18798,2,b'1',113,null,'',''),
(18800,'损益','560302','手续费','cwfy_sxf','借',b'1',18798,2,b'1',113,null,'',''),
(18801,'损益','560303','汇兑损益','cwfy_hdsy','借',b'1',18798,2,b'1',113,null,'',''),
(18802,'损益','560304','现金折扣','cwfy_xjzk','借',b'1',18798,2,b'1',113,null,'',''),
(18803,'损益','5711','营业外支出','yywzc','借',b'1',0,1,b'1',113,null,'',''),
(18804,'损益','571101','非流动资产处置净损失','yywzc_fldzcczjss','借',b'1',18803,2,b'1',113,null,'',''),
(18805,'损益','571102','赞助支出','yywzc_zzzc','借',b'1',18803,2,b'1',113,null,'',''),
(18806,'损益','571103','捐赠支出','yywzc_jzzc','借',b'1',18803,2,b'1',113,null,'',''),
(18807,'损益','571104','盘亏损失','yywzc_pkss','借',b'1',18803,2,b'1',113,null,'',''),
(18808,'损益','571105','坏账损失','yywzc_hzss','借',b'1',18803,2,b'1',113,null,'',''),
(18809,'损益','571106','存货毁损报废损失','yywzc_chhsbfss','借',b'1',18803,2,b'1',113,null,'',''),
(18810,'损益','571107','无法收回的长期债券投资损失','yywzc_wfshdcqzqtzss','借',b'1',18803,2,b'1',113,null,'',''),
(18811,'损益','571108','无法收回的长期股权投资损失','yywzc_wfshdcqgqtzss','借',b'1',18803,2,b'1',113,null,'',''),
(18812,'损益','571109','自然灾害等不可抗力因素造成的损失','yywzc_zrzhdbkklyszcdss','借',b'1',18803,2,b'1',113,null,'',''),
(18813,'损益','571110','税收滞纳金','yywzc_ssznj','借',b'1',18803,2,b'1',113,null,'',''),
(18814,'损益','571111','罚款支出','yywzc_fkzc','借',b'1',18803,2,b'1',113,null,'',''),
(18815,'损益','5801','所得税费用','sdsfy','借',b'1',0,1,b'1',113,null,'',''),
(18816,'资产','1001','库存现金','kcxj','借',b'1',0,1,b'1',114,null,'',''),
(18817,'资产','1002','银行存款','yhck','借',b'1',0,1,b'1',114,null,'',''),
(18818,'资产','1012','其他货币资金','qthbzj','借',b'1',0,1,b'1',114,null,'',''),
(18819,'资产','1101','短期投资','dqtz','借',b'1',0,1,b'1',114,null,'',''),
(18820,'资产','110101','股票','dqtz_gp','借',b'1',18819,2,b'1',114,null,'',''),
(18821,'资产','110102','债券','dqtz_zq','借',b'1',18819,2,b'1',114,null,'',''),
(18822,'资产','110103','基金','dqtz_jj','借',b'1',18819,2,b'1',114,null,'',''),
(18823,'资产','1121','应收票据','yspj','借',b'1',0,1,b'1',114,null,'',''),
(18824,'资产','1122','应收账款','yszk','借',b'1',0,1,b'1',114,null,'',''),
(18825,'资产','1123','预付账款','yfzk','借',b'1',0,1,b'1',114,null,'',''),
(18826,'资产','1131','应收股利','ysgl','借',b'1',0,1,b'1',114,null,'',''),
(18827,'资产','1132','应收利息','yslx','借',b'1',0,1,b'1',114,null,'',''),
(18828,'资产','1221','其他应收款','qtysk','借',b'1',0,1,b'1',114,null,'',''),
(18829,'资产','1401','材料采购','clcg','借',b'1',0,1,b'1',114,null,'',''),
(18830,'资产','1402','在途物资','ztwz','借',b'1',0,1,b'1',114,null,'',''),
(18831,'资产','1403','原材料','ycl','借',b'1',0,1,b'1',114,null,'',''),
(18832,'资产','1404','材料成本差异','clcbcy','借',b'1',0,1,b'1',114,null,'',''),
(18833,'资产','1405','库存商品','kcsp','借',b'1',0,1,b'1',114,null,'',''),
(18834,'资产','1407','商品进销差价','spjxcj','借',b'1',0,1,b'1',114,null,'',''),
(18835,'资产','1408','委托加工物资','wtjgwz','借',b'1',0,1,b'1',114,null,'',''),
(18836,'资产','1411','周转材料','zzcl','借',b'1',0,1,b'1',114,null,'',''),
(18837,'资产','1421','消耗性生物资产','xhxswzc','借',b'1',0,1,b'1',114,null,'',''),
(18838,'资产','1501','长期债券投资','cqzqtz','借',b'1',0,1,b'1',114,null,'',''),
(18839,'资产','1511','长期股权投资','cqgqtz','借',b'1',0,1,b'1',114,null,'',''),
(18840,'资产','1601','固定资产','gdzc','借',b'1',0,1,b'1',114,null,'',''),
(18841,'资产','1602','累计折旧','ljzj','贷',b'1',0,1,b'1',114,null,'',''),
(18842,'资产','1604','在建工程','zjgc','借',b'1',0,1,b'1',114,null,'',''),
(18843,'资产','1605','工程物资','gcwz','借',b'1',0,1,b'1',114,null,'',''),
(18844,'资产','1606','固定资产清理','gdzcql','借',b'1',0,1,b'1',114,null,'',''),
(18845,'资产','1621','生产性生物资产','scxswzc','借',b'1',0,1,b'1',114,null,'',''),
(18846,'资产','1622','生产性生物资产累计折旧','scxswzcljzj','借',b'1',0,1,b'1',114,null,'',''),
(18847,'资产','1701','无形资产','wxzc','借',b'1',0,1,b'1',114,null,'',''),
(18848,'资产','1702','累计摊销','ljtx','借',b'1',0,1,b'1',114,null,'',''),
(18849,'资产','1801','长期待摊费用','cqdtfy','借',b'1',0,1,b'1',114,null,'',''),
(18850,'资产','1901','待处理财产损溢','dclccsy','借',b'1',0,1,b'1',114,null,'',''),
(18851,'负债','2001','短期借款','dqjk','贷',b'1',0,1,b'1',114,null,'',''),
(18852,'负债','2201','应付票据','yfpj','贷',b'1',0,1,b'1',114,null,'',''),
(18853,'负债','2202','应付账款','yfzk','贷',b'1',0,1,b'1',114,null,'',''),
(18854,'负债','2203','预收账款','yszk','贷',b'1',0,1,b'1',114,null,'',''),
(18855,'负债','2211','应付职工薪酬','yfzgxc','贷',b'1',0,1,b'1',114,null,'',''),
(18856,'负债','2221','应交税费','yjsf','贷',b'1',0,1,b'1',114,null,'',''),
(18857,'负债','222101','应交增值税','yjsf_yjzzs','贷',b'1',18856,2,b'1',114,null,'',''),
(18858,'负债','22210101','进项税额','yjsf_yjzzs_jxse','贷',b'1',18857,3,b'1',114,null,'',''),
(18859,'负债','22210102','已交税金','yjsf_yjzzs_yjsj','贷',b'1',18857,3,b'1',114,null,'',''),
(18860,'负债','22210103','转出未交增值税','yjsf_yjzzs_zcwjzzs','贷',b'1',18857,3,b'1',114,null,'',''),
(18861,'负债','22210104','减免税款','yjsf_yjzzs_jmsk','贷',b'1',18857,3,b'1',114,null,'',''),
(18862,'负债','22210105','销项税额','yjsf_yjzzs_xxse','贷',b'1',18857,3,b'1',114,null,'',''),
(18863,'负债','22210106','出口退税','yjsf_yjzzs_ckts','贷',b'1',18857,3,b'1',114,null,'',''),
(18864,'负债','22210107','进项税额转出','yjsf_yjzzs_jxsezc','贷',b'1',18857,3,b'1',114,null,'',''),
(18865,'负债','22210108','出口抵减内销产品应纳税额','yjsf_yjzzs_ckdjnxcpynse','贷',b'1',18857,3,b'1',114,null,'',''),
(18866,'负债','22210109','转出多交增值税','yjsf_yjzzs_zcdjzzs','贷',b'1',18857,3,b'1',114,null,'',''),
(18867,'负债','22210110','销项税额抵减','yjsf_yjzzs_xxsedj','贷',b'1',18857,3,b'1',114,null,'',''),
(18868,'负债','222102','未交增值税','yjsf_wjzzs','贷',b'1',18856,2,b'1',114,null,'',''),
(18869,'负债','222103','应交消费税','yjsf_yjxfs','贷',b'1',18856,2,b'1',114,null,'',''),
(18870,'负债','222104','应交营业税','yjsf_yjyys','贷',b'1',18856,2,b'1',114,null,'',''),
(18871,'负债','222105','应交资源税','yjsf_yjzys','贷',b'1',18856,2,b'1',114,null,'',''),
(18872,'负债','222106','应交所得税','yjsf_yjsds','贷',b'1',18856,2,b'1',114,null,'',''),
(18873,'负债','222107','应交土地增值税','yjsf_yjtdzzs','贷',b'1',18856,2,b'1',114,null,'',''),
(18874,'负债','222108','应交城市维护建设税','yjsf_yjcswhjss','贷',b'1',18856,2,b'1',114,null,'',''),
(18875,'负债','222109','应交房产税','yjsf_yjfcs','贷',b'1',18856,2,b'1',114,null,'',''),
(18876,'负债','222110','应交城镇土地使用税','yjsf_yjcztdsys','贷',b'1',18856,2,b'1',114,null,'',''),
(18877,'负债','222111','应交车船使用税','yjsf_yjccsys','贷',b'1',18856,2,b'1',114,null,'',''),
(18878,'负债','222112','应交个人所得税','yjsf_yjgrsds','贷',b'1',18856,2,b'1',114,null,'',''),
(18879,'负债','222113','教育费附加','yjsf_jyffj','贷',b'1',18856,2,b'1',114,null,'',''),
(18880,'负债','222114','地方教育费附加','yjsf_dfjyffj','贷',b'1',18856,2,b'1',114,null,'',''),
(18881,'负债','222115','矿产资源补偿费','yjsf_kczybcf','贷',b'1',18856,2,b'1',114,null,'',''),
(18882,'负债','222116','排污费','yjsf_pwf','贷',b'1',18856,2,b'1',114,null,'',''),
(18883,'负债','222117','印花税','yjsf_yhs','贷',b'1',18856,2,b'1',114,null,'',''),
(18884,'负债','222118','预交增值税','yjsf_yjzzs','贷',b'1',18856,2,b'1',114,null,'',''),
(18885,'负债','222119','待抵扣进项税额','yjsf_ddkjxse','贷',b'1',18856,2,b'1',114,null,'',''),
(18886,'负债','222120','待认证进项税额','yjsf_drzjxse','贷',b'1',18856,2,b'1',114,null,'',''),
(18887,'负债','222121','待转销项税额','yjsf_dzxxse','贷',b'1',18856,2,b'1',114,null,'',''),
(18888,'负债','222122','增值税留抵税额','yjsf_zzsldse','贷',b'1',18856,2,b'1',114,null,'',''),
(18889,'负债','222123','简易计税','yjsf_jyjs','贷',b'1',18856,2,b'1',114,null,'',''),
(18890,'负债','222124','转让金融商品应交增值税','yjsf_zrjrspyjzzs','贷',b'1',18856,2,b'1',114,null,'',''),
(18891,'负债','222125','代扣代交增值税','yjsf_dkdjzzs','贷',b'1',18856,2,b'1',114,null,'',''),
(18892,'负债','222126','应交增值税（小规模纳税人专用）','yjsf_yjzzs（xgmnsrzy）','贷',b'1',18856,2,b'1',114,null,'',''),
(18893,'负债','2231','应付利息','yflx','贷',b'1',0,1,b'1',114,null,'',''),
(18894,'负债','2232','应付利润','yflr','贷',b'1',0,1,b'1',114,null,'',''),
(18895,'负债','2241','其他应付款','qtyfk','贷',b'1',0,1,b'1',114,null,'',''),
(18896,'负债','2401','递延收益','dysy','贷',b'1',0,1,b'1',114,null,'',''),
(18897,'负债','2501','长期借款','cqjk','贷',b'1',0,1,b'1',114,null,'',''),
(18898,'负债','2701','长期应付款','cqyfk','贷',b'1',0,1,b'1',114,null,'',''),
(18899,'权益','3001','实收资本','sszb','贷',b'1',0,1,b'1',114,null,'',''),
(18900,'权益','3002','资本公积','zbgj','贷',b'1',0,1,b'1',114,null,'',''),
(18901,'权益','3101','盈余公积','yygj','贷',b'1',0,1,b'1',114,null,'',''),
(18902,'权益','310101','法定盈余公积','yygj_fdyygj','贷',b'1',18901,2,b'1',114,null,'',''),
(18903,'权益','310102','任意盈余公积','yygj_ryyygj','贷',b'1',18901,2,b'1',114,null,'',''),
(18904,'权益','310103','法定公益金','yygj_fdgyj','贷',b'1',18901,2,b'1',114,null,'',''),
(18905,'权益','3103','本年利润','bnlr','贷',b'1',0,1,b'1',114,null,'',''),
(18906,'权益','3104','利润分配','lrfp','贷',b'1',0,1,b'1',114,null,'',''),
(18907,'权益','310401','其他转入','lrfp_qtzr','贷',b'1',18906,2,b'1',114,null,'',''),
(18908,'权益','310402','提取法定盈余公积','lrfp_tqfdyygj','贷',b'1',18906,2,b'1',114,null,'',''),
(18909,'权益','310403','提取法定公益金','lrfp_tqfdgyj','贷',b'1',18906,2,b'1',114,null,'',''),
(18910,'权益','310404','提取任意盈余公积','lrfp_tqryyygj','贷',b'1',18906,2,b'1',114,null,'',''),
(18911,'权益','310405','应付利润','lrfp_yflr','贷',b'1',18906,2,b'1',114,null,'',''),
(18912,'权益','310406','未分配利润','lrfp_wfplr','贷',b'1',18906,2,b'1',114,null,'',''),
(18913,'成本','4001','生产成本','sccb','借',b'1',0,1,b'1',114,null,'',''),
(18914,'成本','4101','制造费用','zzfy','借',b'1',0,1,b'1',114,null,'',''),
(18915,'成本','4301','研发支出','yfzc','借',b'1',0,1,b'1',114,null,'',''),
(18916,'成本','4401','工程施工','gcsg','借',b'1',0,1,b'1',114,null,'',''),
(18917,'成本','4403','机械作业','jxzy','借',b'1',0,1,b'1',114,null,'',''),
(18918,'损益','5001','主营业务收入','zyywsr','贷',b'1',0,1,b'1',114,null,'',''),
(18919,'损益','5051','其他业务收入','qtywsr','贷',b'1',0,1,b'1',114,null,'',''),
(18920,'损益','5111','投资收益','tzsy','贷',b'1',0,1,b'1',114,null,'',''),
(18921,'损益','5301','营业外收入','yywsr','贷',b'1',0,1,b'1',114,null,'',''),
(18922,'损益','530101','非流动资产处置净收益','yywsr_fldzcczjsy','贷',b'1',18921,2,b'1',114,null,'',''),
(18923,'损益','530102','政府补助','yywsr_zfbz','贷',b'1',18921,2,b'1',114,null,'',''),
(18924,'损益','530103','捐赠收益','yywsr_jzsy','贷',b'1',18921,2,b'1',114,null,'',''),
(18925,'损益','530104','盘盈收益','yywsr_pysy','贷',b'1',18921,2,b'1',114,null,'',''),
(18926,'损益','5401','主营业务成本','zyywcb','借',b'1',0,1,b'1',114,null,'',''),
(18927,'损益','5402','其他业务成本','qtywcb','借',b'1',0,1,b'1',114,null,'',''),
(18928,'损益','5403','税金及附加','sjjfj','借',b'1',0,1,b'1',114,null,'',''),
(18929,'损益','5601','销售费用','xsfy','借',b'1',0,1,b'1',114,null,'',''),
(18930,'损益','560101','销售人员职工薪酬','xsfy_xsryzgxc','借',b'1',18929,2,b'1',114,null,'',''),
(18931,'损益','560102','业务招待费','xsfy_ywzdf','借',b'1',18929,2,b'1',114,null,'',''),
(18932,'损益','560103','修理费','xsfy_xlf','借',b'1',18929,2,b'1',114,null,'',''),
(18933,'损益','560104','办公费','xsfy_bgf','借',b'1',18929,2,b'1',114,null,'',''),
(18934,'损益','560105','水电费','xsfy_sdf','借',b'1',18929,2,b'1',114,null,'',''),
(18935,'损益','560106','差旅费','xsfy_clf','借',b'1',18929,2,b'1',114,null,'',''),
(18936,'损益','560107','折旧费','xsfy_zjf','借',b'1',18929,2,b'1',114,null,'',''),
(18937,'损益','560108','摊销费','xsfy_txf','借',b'1',18929,2,b'1',114,null,'',''),
(18938,'损益','560109','展览费','xsfy_zlf','借',b'1',18929,2,b'1',114,null,'',''),
(18939,'损益','560110','商品维修费','xsfy_spwxf','借',b'1',18929,2,b'1',114,null,'',''),
(18940,'损益','560111','运输费','xsfy_ysf','借',b'1',18929,2,b'1',114,null,'',''),
(18941,'损益','560112','装卸费','xsfy_zxf','借',b'1',18929,2,b'1',114,null,'',''),
(18942,'损益','560113','包装费','xsfy_bzf','借',b'1',18929,2,b'1',114,null,'',''),
(18943,'损益','560114','保险费','xsfy_bxf','借',b'1',18929,2,b'1',114,null,'',''),
(18944,'损益','560115','广告费','xsfy_ggf','借',b'1',18929,2,b'1',114,null,'',''),
(18945,'损益','560116','业务宣传费','xsfy_ywxcf','借',b'1',18929,2,b'1',114,null,'',''),
(18946,'损益','5602','管理费用','glfy','借',b'1',0,1,b'1',114,null,'',''),
(18947,'损益','560201','管理人员职工薪酬','glfy_glryzgxc','借',b'1',18946,2,b'1',114,null,'',''),
(18948,'损益','560202','业务招待费','glfy_ywzdf','借',b'1',18946,2,b'1',114,null,'',''),
(18949,'损益','560203','修理费','glfy_xlf','借',b'1',18946,2,b'1',114,null,'',''),
(18950,'损益','560204','办公费','glfy_bgf','借',b'1',18946,2,b'1',114,null,'',''),
(18951,'损益','560205','水电费','glfy_sdf','借',b'1',18946,2,b'1',114,null,'',''),
(18952,'损益','560206','差旅费','glfy_clf','借',b'1',18946,2,b'1',114,null,'',''),
(18953,'损益','560207','折旧费','glfy_zjf','借',b'1',18946,2,b'1',114,null,'',''),
(18954,'损益','560208','摊销费','glfy_txf','借',b'1',18946,2,b'1',114,null,'',''),
(18955,'损益','560209','开办费','glfy_kbf','借',b'1',18946,2,b'1',114,null,'',''),
(18956,'损益','560210','研究费用','glfy_yjfy','借',b'1',18946,2,b'1',114,null,'',''),
(18957,'损益','560211','咨询费','glfy_zxf','借',b'1',18946,2,b'1',114,null,'',''),
(18958,'损益','560212','长期待摊费用摊销','glfy_cqdtfytx','借',b'1',18946,2,b'1',114,null,'',''),
(18959,'损益','5603','财务费用','cwfy','借',b'1',0,1,b'1',114,null,'',''),
(18960,'损益','560301','利息费用','cwfy_lxfy','借',b'1',18959,2,b'1',114,null,'',''),
(18961,'损益','560302','手续费','cwfy_sxf','借',b'1',18959,2,b'1',114,null,'',''),
(18962,'损益','560303','汇兑损益','cwfy_hdsy','借',b'1',18959,2,b'1',114,null,'',''),
(18963,'损益','560304','现金折扣','cwfy_xjzk','借',b'1',18959,2,b'1',114,null,'',''),
(18964,'损益','5711','营业外支出','yywzc','借',b'1',0,1,b'1',114,null,'',''),
(18965,'损益','571101','非流动资产处置净损失','yywzc_fldzcczjss','借',b'1',18964,2,b'1',114,null,'',''),
(18966,'损益','571102','赞助支出','yywzc_zzzc','借',b'1',18964,2,b'1',114,null,'',''),
(18967,'损益','571103','捐赠支出','yywzc_jzzc','借',b'1',18964,2,b'1',114,null,'',''),
(18968,'损益','571104','盘亏损失','yywzc_pkss','借',b'1',18964,2,b'1',114,null,'',''),
(18969,'损益','571105','坏账损失','yywzc_hzss','借',b'1',18964,2,b'1',114,null,'',''),
(18970,'损益','571106','存货毁损报废损失','yywzc_chhsbfss','借',b'1',18964,2,b'1',114,null,'',''),
(18971,'损益','571107','无法收回的长期债券投资损失','yywzc_wfshdcqzqtzss','借',b'1',18964,2,b'1',114,null,'',''),
(18972,'损益','571108','无法收回的长期股权投资损失','yywzc_wfshdcqgqtzss','借',b'1',18964,2,b'1',114,null,'',''),
(18973,'损益','571109','自然灾害等不可抗力因素造成的损失','yywzc_zrzhdbkklyszcdss','借',b'1',18964,2,b'1',114,null,'',''),
(18974,'损益','571110','税收滞纳金','yywzc_ssznj','借',b'1',18964,2,b'1',114,null,'',''),
(18975,'损益','571111','罚款支出','yywzc_fkzc','借',b'1',18964,2,b'1',114,null,'',''),
(18976,'损益','5801','所得税费用','sdsfy','借',b'1',0,1,b'1',114,null,'','');
DROP TABLE IF EXISTS  `fxy_financial_user`;
CREATE TABLE `fxy_financial_user` (
  `id` int(11) NOT NULL AUTO_INCREMENT,
  `mobile` varchar(16) COLLATE utf8mb4_bin DEFAULT NULL COMMENT '电话',
  `password` varchar(128) COLLATE utf8mb4_bin DEFAULT NULL COMMENT '密码',
  `union_id` varchar(64) COLLATE utf8mb4_bin DEFAULT NULL COMMENT '微信 unionId',
  `open_id` varchar(64) COLLATE utf8mb4_bin DEFAULT NULL COMMENT '微信 openId',
  `nickname` varchar(128) COLLATE utf8mb4_bin DEFAULT NULL COMMENT '昵称',
  `avatar_url` varchar(256) COLLATE utf8mb4_bin DEFAULT NULL COMMENT '头像',
  `real_name` varchar(64) COLLATE utf8mb4_bin DEFAULT NULL COMMENT '真实姓名',
  `account_sets_id` int(11) DEFAULT NULL,
  `create_date` timestamp NOT NULL DEFAULT CURRENT_TIMESTAMP,
  `init_password` varchar(128) COLLATE utf8mb4_bin DEFAULT NULL COMMENT '默认密码',
  `email` varchar(128) COLLATE utf8mb4_bin DEFAULT NULL COMMENT '邮箱',
  PRIMARY KEY (`id`) USING BTREE,
  UNIQUE KEY `fxy_financial_user_mobile_uindex` (`mobile`) USING BTREE,
  UNIQUE KEY `fxy_financial_user_open_id_uindex` (`open_id`) USING BTREE,
  UNIQUE KEY `fxy_financial_user_union_id_uindex` (`union_id`) USING BTREE,
  KEY `fxy_financial_user_fxy_financial_account_sets_id_fk` (`account_sets_id`) USING BTREE
) ENGINE=InnoDB AUTO_INCREMENT=24 DEFAULT CHARSET=utf8mb4 COLLATE=utf8mb4_bin COMMENT='用户';

insert into `fxy_financial_user`(`id`,`mobile`,`password`,`union_id`,`open_id`,`nickname`,`avatar_url`,`real_name`,`account_sets_id`,`create_date`,`init_password`,`email`) values
(17,'18676037292','8d969eef6ecad3c29a3a629280e686cf0c3f5d5a86aff3ca12020c923adc6c92',null,null,null,null,'夏悸',92,'2020-02-12 00:00:00','','geek@gson.cn'),
(18,'18692626866','51985ee0119707a2985ec9adcf68731d7ccd02b0039cc712879bd5537acaf693',null,null,null,null,'18692626866',null,'2020-02-12 16:07:39','131810',null),
(19,'13456781004','d9e3971970cf9fd2da63593fc70a55b82aaa9928b67fcc41f522402691c17459',null,null,null,null,'13456781004',94,'2020-02-12 00:00:00','',null),
(20,'13894339200','8d969eef6ecad3c29a3a629280e686cf0c3f5d5a86aff3ca12020c923adc6c92',null,null,null,null,'13894339200',93,'2020-02-26 17:03:39','',null),
(21,'13944878765','6bf5f714ee7569a26c8d1d89d1593b940530c92e459b4dfde39860dd0651b987',null,null,null,null,'13944878765',null,'2022-02-07 09:50:47','224215',null),
(22,'18724247352','8d969eef6ecad3c29a3a629280e686cf0c3f5d5a86aff3ca12020c923adc6c92',null,null,null,null,'18724247352',98,'2022-02-19 00:00:00','',null),
(23,'13456784500','4f683c727b6159bece2695b6caf6e6ceded8b40cbb5b21abad1391617e2631d0',null,null,null,null,'13456784500',null,'2022-03-10 21:35:34','381660',null);
DROP TABLE IF EXISTS  `fxy_financial_user_account_sets`;
CREATE TABLE `fxy_financial_user_account_sets` (
  `account_sets_id` int(11) NOT NULL,
  `user_id` int(11) NOT NULL,
  `role_type` varchar(64) COLLATE utf8mb4_bin NOT NULL COMMENT '账套角色',
  UNIQUE KEY `fxy_financial_user_uix` (`account_sets_id`,`user_id`) USING BTREE,
  KEY `fxy_financial_user_account_sets_fxy_financial_user_id_fk` (`user_id`) USING BTREE
) ENGINE=InnoDB DEFAULT CHARSET=utf8mb4 COLLATE=utf8mb4_bin COMMENT='用户关联的账套';

insert into `fxy_financial_user_account_sets`(`account_sets_id`,`user_id`,`role_type`) values
(92,17,'Manager'),
(93,20,'Manager'),
(94,19,'Manager'),
(95,19,'Manager'),
(96,19,'Manager'),
(97,19,'Manager'),
(98,22,'Manager'),
(110,19,'Manager'),
(111,19,'Manager'),
(112,23,'Manager'),
(113,17,'Manager'),
(114,19,'Manager');
DROP TABLE IF EXISTS  `fxy_financial_voucher`;
CREATE TABLE `fxy_financial_voucher` (
  `id` int(11) NOT NULL AUTO_INCREMENT,
  `word` varchar(64) COLLATE utf8mb4_bin NOT NULL COMMENT '凭证字',
  `code` int(11) NOT NULL,
  `remark` varchar(128) COLLATE utf8mb4_bin DEFAULT NULL COMMENT '备注',
  `receipt_num` int(11) NOT NULL DEFAULT '0' COMMENT '附单据数量',
  `create_member` int(11) NOT NULL COMMENT '制单人',
  `create_date` timestamp NOT NULL DEFAULT CURRENT_TIMESTAMP,
  `debit_amount` double DEFAULT '0' COMMENT '借方总金额',
  `credit_amount` double DEFAULT '0' COMMENT '贷方总金额',
  `account_sets_id` int(11) DEFAULT NULL,
  `voucher_year` int(11) DEFAULT NULL,
  `voucher_month` int(11) DEFAULT NULL,
  `voucher_date` date NOT NULL,
  `audit_member_id` int(11) DEFAULT NULL COMMENT '审核人 ID',
  `audit_member_name` varchar(64) COLLATE utf8mb4_bin DEFAULT NULL COMMENT '审核人姓名',
  `audit_date` datetime DEFAULT NULL COMMENT '审核时间',
  `carry_forward` bit(1) NOT NULL DEFAULT b'0' COMMENT '是否结转损益',
  `org_id` int(11) NOT NULL COMMENT '机构ID',
  PRIMARY KEY (`id`) USING BTREE
) ENGINE=InnoDB AUTO_INCREMENT=3832 DEFAULT CHARSET=utf8mb4 COLLATE=utf8mb4_bin COMMENT='凭证';

insert into `fxy_financial_voucher`(`id`,`word`,`code`,`remark`,`receipt_num`,`create_member`,`create_date`,`debit_amount`,`credit_amount`,`account_sets_id`,`voucher_year`,`voucher_month`,`voucher_date`,`audit_member_id`,`audit_member_name`,`audit_date`,`carry_forward`,`org_id`) values
(3798,'记',1,'',0,19,'2022-01-23 10:28:42',100,100,94,2020,1,'2020-01-31',null,null,null,b'0',10644),
(3799,'记',2,'',0,19,'2022-01-23 10:36:19',120,120,94,2020,1,'2020-01-31',null,null,null,b'0',10645),
(3800,'记',1,'',0,19,'2022-02-18 20:57:18',22,22,94,2020,2,'2020-02-29',19,'13456781004','2022-02-18 20:58:31',b'0',10644),
(3801,'记',1,'',0,19,'2022-02-18 22:41:01',6789,6789,97,2022,2,'2022-02-28',null,null,null,b'0',10652),
(3802,'记',2,'',0,19,'2022-02-19 11:55:58',1210,1210,97,2022,2,'2022-02-28',null,null,null,b'0',10652),
(3803,'记',3,'',0,19,'2022-02-19 11:57:00',15000,15000,97,2022,2,'2022-02-28',null,null,null,b'0',10652),
(3804,'记',1,'',0,19,'2022-02-28 11:32:18',2222,2222,94,2020,3,'2020-03-31',19,'13456781004','2022-02-28 11:32:21',b'0',10644),
(3805,'记',1,'',0,19,'2022-03-02 22:35:11',100000,100000,110,2022,1,'2022-01-31',null,null,null,b'0',10665),
(3806,'记',2,'',0,19,'2022-03-02 22:35:48',20000,20000,110,2022,1,'2022-01-31',null,null,null,b'0',10665),
(3807,'记',3,'',0,19,'2022-03-02 22:36:21',500,500,110,2022,1,'2022-01-31',null,null,null,b'0',10665),
(3808,'记',4,'',0,19,'2022-03-02 22:37:56',110.2,110.2,110,2022,1,'2022-01-31',null,null,null,b'0',10665),
(3809,'记',5,'',0,19,'2022-03-02 22:38:42',15000,15000,110,2022,1,'2022-01-31',null,null,null,b'0',10665),
(3810,'记',6,'',0,19,'2022-03-02 22:42:49',15000,15000,110,2022,2,'2022-02-28',null,null,null,b'0',10665),
(3811,'记',6,'',0,19,'2022-03-02 22:47:23',2600,2600,110,2022,1,'2022-01-31',null,null,null,b'0',10665),
(3812,'记',7,'',0,19,'2022-03-02 22:48:14',12000,12000,110,2022,1,'2022-01-31',null,null,null,b'0',10665),
(3813,'记',8,'',0,19,'2022-03-02 22:49:32',3000,3000,110,2022,1,'2022-01-31',null,null,null,b'0',10665),
(3814,'记',4,'',0,19,'2022-03-02 22:52:50',5000,5000,97,2022,2,'2022-02-28',null,null,null,b'0',10652),
(3815,'记',5,'',0,19,'2022-03-02 22:54:12',5000,5000,97,2022,2,'2022-02-28',null,null,null,b'0',10652),
(3816,'记',6,'',0,19,'2022-03-02 22:58:29',10900,10900,97,2022,2,'2022-02-28',null,null,null,b'0',10652),
(3817,'记',7,'',0,19,'2022-03-02 22:59:06',800,800,97,2022,2,'2022-02-28',null,null,null,b'0',10652),
(3818,'记',8,'',0,19,'2022-03-02 22:59:42',20000,20000,97,2022,2,'2022-02-28',null,null,null,b'0',10652),
(3819,'记',10,'',0,19,'2022-03-02 23:00:50',15000,15000,110,2022,1,'2022-01-31',null,null,null,b'0',10665),
(3820,'记',7,'',0,19,'2022-03-02 23:02:29',15000,15000,110,2022,2,'2022-02-28',null,null,null,b'0',10665),
(3821,'记',8,'',0,19,'2022-03-02 23:03:12',5890,5890,110,2022,2,'2022-02-28',null,null,null,b'0',10665),
(3822,'记',9,'',0,19,'2022-03-02 23:03:33',20,20,110,2022,2,'2022-02-28',null,null,null,b'0',10665),
(3823,'记',11,'',0,19,'2022-03-02 23:05:59',40000,40000,110,2022,1,'2022-01-31',null,null,null,b'0',10665),
(3824,'记',1,'',0,19,'2022-03-02 23:13:52',100000,100000,111,2022,1,'2022-01-31',null,null,null,b'0',10666),
(3825,'记',2,'',0,19,'2022-03-02 23:18:40',50000,50000,111,2022,1,'2022-01-31',null,null,null,b'0',10666),
(3826,'记',3,'',0,19,'2022-03-02 23:19:23',1000,1000,111,2022,1,'2022-01-31',null,null,null,b'0',10666),
(3827,'记',4,'',0,19,'2022-03-02 23:19:51',200,200,111,2022,1,'2022-01-31',null,null,null,b'0',10666),
(3828,'记',5,'',0,19,'2022-03-02 23:20:22',20000,20000,111,2022,1,'2022-01-31',null,null,null,b'0',10666),
(3829,'记',6,'',0,19,'2022-03-02 23:21:05',400,400,111,2022,1,'2022-01-31',null,null,null,b'0',10666),
(3830,'记',7,'',0,19,'2022-03-02 23:21:47',500,500,111,2022,1,'2022-01-31',null,null,null,b'0',10666),
(3831,'记',8,'',0,19,'2022-03-02 23:22:44',0,0,111,2022,1,'2022-01-31',null,null,null,b'0',10666);
DROP TABLE IF EXISTS  `fxy_financial_voucher_details`;
CREATE TABLE `fxy_financial_voucher_details` (
  `id` int(11) NOT NULL AUTO_INCREMENT,
  `voucher_id` int(11) DEFAULT NULL,
  `summary` varchar(64) COLLATE utf8mb4_bin NOT NULL COMMENT '摘要',
  `subject_id` int(11) NOT NULL,
  `subject_name` varchar(256) COLLATE utf8mb4_bin DEFAULT NULL,
  `subject_code` varchar(56) COLLATE utf8mb4_bin DEFAULT NULL,
  `debit_amount` double DEFAULT NULL COMMENT '借方金额',
  `credit_amount` double DEFAULT NULL COMMENT '贷方金额',
  `auxiliary_title` varchar(512) COLLATE utf8mb4_bin DEFAULT NULL COMMENT '辅助名称',
  `num` double DEFAULT NULL COMMENT '数量',
  `price` double DEFAULT NULL COMMENT '单价',
  `account_sets_id` int(11) DEFAULT NULL,
  `cumulative_debit` double DEFAULT NULL COMMENT '期初累计借方',
  `cumulative_credit` double DEFAULT NULL COMMENT '期初累计贷方',
  `cumulative_debit_num` double DEFAULT NULL,
  `cumulative_credit_num` double DEFAULT NULL,
  `carry_forward` bit(1) NOT NULL DEFAULT b'0' COMMENT '结转损益',
  PRIMARY KEY (`id`) USING BTREE,
  KEY `fxy_financial_voucher_details_fxy_financial_subject_id_fk` (`subject_id`) USING BTREE,
  KEY `fxy_financial_voucher_details_fxy_financial_voucher_id_fk` (`voucher_id`) USING BTREE
) ENGINE=InnoDB AUTO_INCREMENT=19128 DEFAULT CHARSET=utf8mb4 COLLATE=utf8mb4_bin COMMENT='凭证';

insert into `fxy_financial_voucher_details`(`id`,`voucher_id`,`summary`,`subject_id`,`subject_name`,`subject_code`,`debit_amount`,`credit_amount`,`auxiliary_title`,`num`,`price`,`account_sets_id`,`cumulative_debit`,`cumulative_credit`,`cumulative_debit_num`,`cumulative_credit_num`,`carry_forward`) values
(19027,3798,'提现',15749,'1001-库存现金','1001',100,null,'',null,null,94,null,null,null,null,b'0'),
(19028,3798,'支付货款',15749,'1001-库存现金','1001',null,100,'',null,null,94,null,null,null,null,b'0'),
(19029,3799,'提现',15749,'1001-库存现金','1001',120,null,'',null,null,94,null,null,null,null,b'0'),
(19030,3799,'支付货款',15750,'1002-银行存款','1002',null,120,'',null,null,94,null,null,null,null,b'0'),
(19031,3800,'支付货款',15751,'1012-其他货币资金','1012',22,null,'',null,null,94,null,null,null,null,b'0'),
(19032,3800,'利息收入',15753,'110101-短期投资-股票','110101',null,22,'',null,null,94,null,null,null,null,b'0'),
(19033,3801,'采购水果',16247,'1403-原材料','1403',6789,null,'',null,null,97,null,null,null,null,b'0'),
(19034,3801,'采购水果',16233,'1002-银行存款','1002',null,6789,'',null,null,97,null,null,null,null,b'0'),
(19035,3802,'报销门店日常费用',16349,'560104-销售费用-办公费','560104',10,null,'',null,null,97,null,null,null,null,b'0'),
(19036,3802,'报销门店日常费用',16350,'560105-销售费用-水电费','560105',500,null,'',null,null,97,null,null,null,null,b'0'),
(19037,3802,'报销门店日常费用',16360,'560115-销售费用-广告费','560115',100,null,'',null,null,97,null,null,null,null,b'0'),
(19038,3802,'报销门店日常费用-兼职工资',16363,'560201-管理费用-管理人员职工薪酬','560201',600,null,'',null,null,97,null,null,null,null,b'0'),
(19039,3802,'报销门店日常费用',16233,'1002-银行存款','1002',null,500,'',null,null,97,null,null,null,null,b'0'),
(19040,3802,'报销门店日常费用',16244,'1221-其他应收款','1221',null,710,'',null,null,97,null,null,null,null,b'0'),
(19043,3804,'支付货款',15750,'1002-银行存款','1002',2222,null,'',null,null,94,null,null,null,null,b'0'),
(19044,3804,'支付货款',15761,'1221-其他应收款','1221',null,2222,'',null,null,94,null,null,null,null,b'0'),
(19045,3805,'收到股东投资款',18166,'1002-银行存款','1002',100000,null,'',null,null,110,null,null,null,null,b'0'),
(19046,3805,'收到股东投资款',18248,'3001-实收资本','3001',null,100000,'',null,null,110,null,null,null,null,b'0'),
(19047,3806,'支付装修款',18304,'560209-管理费用-开办费','560209',20000,null,'',null,null,110,null,null,null,null,b'0'),
(19048,3806,'支付装修款',18166,'1002-银行存款','1002',null,20000,'',null,null,110,null,null,null,null,b'0'),
(19049,3807,'支付办公费',18282,'560104-销售费用-办公费','560104',500,null,'',null,null,110,null,null,null,null,b'0'),
(19050,3807,'支付办公费',18166,'1002-银行存款','1002',null,500,'',null,null,110,null,null,null,null,b'0'),
(19051,3808,'采购蔬菜',18180,'1403-原材料','1403',110.2,null,'',null,null,110,null,null,null,null,b'0'),
(19052,3808,'采购蔬菜',18166,'1002-银行存款','1002',null,110.2,'',null,null,110,null,null,null,null,b'0'),
(19055,3809,'支付货款',18326,'224101-其他应付款-啊龙调料','224101',15000,null,'',null,null,110,null,null,null,null,b'0'),
(19056,3809,'支付货款',18166,'1002-银行存款','1002',null,15000,'',null,null,110,null,null,null,null,b'0'),
(19057,3810,'采购调料',18180,'1403-原材料','1403',15000,null,'',null,null,110,null,null,null,null,b'0'),
(19058,3810,'采购调料',18326,'224101-其他应付款-啊龙调料','224101',null,15000,'',null,null,110,null,null,null,null,b'0'),
(19059,3811,'收到1月现金收入',18166,'1002-银行存款','1002',500,null,'',null,null,110,null,null,null,null,b'0'),
(19060,3811,'收到1月现金收入',18267,'5001-主营业务收入','5001',null,500,'',null,null,110,null,null,null,null,b'0'),
(19061,3811,'收到1月微信支付收入',18166,'1002-银行存款','1002',1500,null,'',null,null,110,null,null,null,null,b'0'),
(19062,3811,'收到1月微信支付收入',18267,'5001-主营业务收入','5001',null,1500,'',null,null,110,null,null,null,null,b'0'),
(19063,3811,'会员充值',18166,'1002-银行存款','1002',200,null,'',null,null,110,null,null,null,null,b'0'),
(19064,3811,'会员充值',18203,'2203-预收账款','2203',null,200,'',null,null,110,null,null,null,null,b'0'),
(19065,3811,'会员消费',18203,'2203-预收账款','2203',100,null,'',null,null,110,null,null,null,null,b'0'),
(19066,3811,'会员消费',18267,'5001-主营业务收入','5001',null,100,'',null,null,110,null,null,null,null,b'0'),
(19067,3811,'收入待入账',18177,'1221-其他应收款','1221',300,null,'',null,null,110,null,null,null,null,b'0'),
(19068,3811,'收入待入账',18267,'5001-主营业务收入','5001',null,300,'',null,null,110,null,null,null,null,b'0'),
(19069,3812,'结转成本',18275,'5401-主营业务成本','5401',12000,null,'',null,null,110,null,null,null,null,b'0'),
(19070,3812,'结转成本',18180,'1403-原材料','1403',null,12000,'',null,null,110,null,null,null,null,b'0'),
(19071,3813,'支付水电',18300,'560205-管理费用-水电费','560205',3000,null,'',null,null,110,null,null,null,null,b'0'),
(19072,3813,'支付水电',18166,'1002-银行存款','1002',null,3000,'',null,null,110,null,null,null,null,b'0'),
(19075,3814,'摊销本月房租',16370,'560208-管理费用-摊销费','560208',5000,null,'',null,null,97,null,null,null,null,b'0'),
(19076,3814,'摊销本月房租',18327,'112301-预付账款-房租','112301',null,5000,'',null,null,97,null,null,null,null,b'0'),
(19077,3803,'支付商场费用',18327,'112301-预付账款-房租','112301',15000,null,'',null,null,97,null,null,null,null,b'0'),
(19078,3803,'支付商场费用',16233,'1002-银行存款','1002',0,15000,'',null,null,97,null,null,null,null,b'0'),
(19079,3815,'采购原材料',16247,'1403-原材料','1403',5000,null,'',null,null,97,null,null,null,null,b'0'),
(19080,3815,'采购原材料',16311,'2241-其他应付款','2241',null,5000,'',null,null,97,null,null,null,null,b'0'),
(19081,3816,'确认收入-会员消费',16270,'2203-预收账款','2203',200,null,'',null,null,97,null,null,null,null,b'0'),
(19082,3816,'确认收入-现金',16233,'1002-银行存款','1002',500,null,'',null,null,97,null,null,null,null,b'0'),
(19083,3816,'确认收入-微信支付宝',16233,'1002-银行存款','1002',10000,null,'',null,null,97,null,null,null,null,b'0'),
(19084,3816,'确认收入-手续费',16377,'560302-财务费用-手续费','560302',200,null,'',null,null,97,null,null,null,null,b'0'),
(19085,3816,'确认收入',16334,'5001-主营业务收入','5001',null,10900,'',null,null,97,null,null,null,null,b'0'),
(19086,3817,'结转成本',16342,'5401-主营业务成本','5401',800,null,'',null,null,97,null,null,null,null,b'0'),
(19087,3817,'结转成本',16247,'1403-原材料','1403',null,800,'',null,null,97,null,null,null,null,b'0'),
(19088,3818,'计提工资',16363,'560201-管理费用-管理人员职工薪酬','560201',20000,null,'',null,null,97,null,null,null,null,b'0'),
(19089,3818,'计提工资',16271,'2211-应付职工薪酬','2211',null,20000,'',null,null,97,null,null,null,null,b'0'),
(19092,3819,'计提工资',18296,'560201-管理费用-管理人员职工薪酬','560201',15000,null,'',null,null,110,null,null,null,null,b'0'),
(19093,3819,'计提工资',18204,'2211-应付职工薪酬','2211',null,15000,'',null,null,110,null,null,null,null,b'0'),
(19094,3820,'发放工资',18204,'2211-应付职工薪酬','2211',15000,null,'',null,null,110,null,null,null,null,b'0'),
(19095,3820,'发放工资',18166,'1002-银行存款','1002',null,15000,'',null,null,110,null,null,null,null,b'0'),
(19096,3821,'采购原材料',18180,'1403-原材料','1403',5890,null,'',null,null,110,null,null,null,null,b'0'),
(19097,3821,'采购原材料',18166,'1002-银行存款','1002',null,5890,'',null,null,110,null,null,null,null,b'0'),
(19098,3822,'支付银行手续费',18310,'560302-财务费用-手续费','560302',20,null,'',null,null,110,null,null,null,null,b'0'),
(19099,3822,'支付银行手续费',18166,'1002-银行存款','1002',null,20,'',null,null,110,null,null,null,null,b'0'),
(19102,3823,'支付商场费用',18328,'112301-预付账款-房租','112301',30000,null,'',null,null,110,null,null,null,null,b'0'),
(19103,3823,'支付商场费用',18166,'1002-银行存款','1002',null,30000,'',null,null,110,null,null,null,null,b'0'),
(19104,3823,'摊销本月房租',18329,'560213-管理费用-房租','560213',10000,null,'',null,null,110,null,null,null,null,b'0'),
(19105,3823,'摊销本月房租',18328,'112301-预付账款-房租','112301',null,10000,'',null,null,110,null,null,null,null,b'0'),
(19106,3824,'收股东借款',18331,'1002-银行存款','1002',100000,null,'',null,null,111,null,null,null,null,b'0'),
(19107,3824,'收股东借款',18491,'224101-其他应付款-个人','224101',null,100000,'',null,null,111,null,null,null,null,b'0'),
(19108,3825,'支付装修款',18469,'560209-管理费用-开办费','560209',50000,null,'',null,null,111,null,null,null,null,b'0'),
(19109,3825,'支付装修款',18331,'1002-银行存款','1002',null,10000,'',null,null,111,null,null,null,null,b'0'),
(19110,3825,'支付装修款',18493,'224103-其他应付款-尾款','224103',null,40000,'',null,null,111,null,null,null,null,b'0'),
(19111,3826,'采购原材料',18345,'1403-原材料','1403',1000,null,'',null,null,111,null,null,null,null,b'0'),
(19112,3826,'采购原材料',18331,'1002-银行存款','1002',null,1000,'',null,null,111,null,null,null,null,b'0'),
(19113,3827,'门店报销',18447,'560104-销售费用-办公费','560104',200,null,'',null,null,111,null,null,null,null,b'0'),
(19114,3827,'门店报销',18331,'1002-银行存款','1002',null,200,'',null,null,111,null,null,null,null,b'0'),
(19115,3828,'计提1月工资',18461,'560201-管理费用-管理人员职工薪酬','560201',20000,null,'',null,null,111,null,null,null,null,b'0'),
(19116,3828,'计提1月工资',18369,'2211-应付职工薪酬','2211',null,20000,'',null,null,111,null,null,null,null,b'0'),
(19117,3829,'确认收入',18331,'1002-银行存款','1002',200,null,'',null,null,111,null,null,null,null,b'0'),
(19118,3829,'确认收入',18368,'2203-预收账款','2203',200,null,'',null,null,111,null,null,null,null,b'0'),
(19119,3829,'确认收入',18432,'5001-主营业务收入','5001',null,400,'',null,null,111,null,null,null,null,b'0'),
(19120,3830,'结转成本',18440,'5401-主营业务成本','5401',500,null,'',null,null,111,null,null,null,null,b'0'),
(19121,3830,'结转成本',18345,'1403-原材料','1403',null,500,'',null,null,111,null,null,null,null,b'0'),
(19122,3831,'结息',18331,'1002-银行存款','1002',20,null,'',null,null,111,null,null,null,null,b'0'),
(19123,3831,'结息',18474,'560301-财务费用-利息费用','560301',-20,null,'',null,null,111,null,null,null,null,b'0'),
(19124,null,'期初',15753,'110101-股票','110101',999,null,null,null,null,94,null,null,null,null,b'0'),
(19125,null,'期初',15749,'1001-库存现金','1001',99,null,null,null,null,94,null,null,null,null,b'0'),
(19126,null,'期初',15750,'1002-银行存款','1002',200,null,null,null,null,94,null,null,null,null,b'0'),
(19127,null,'期初',15751,'1012-其他货币资金','1012',12,null,null,null,null,94,null,null,null,null,b'0');
DROP TABLE IF EXISTS  `fxy_financial_voucher_details_auxiliary`;
CREATE TABLE `fxy_financial_voucher_details_auxiliary` (
  `id` int(11) NOT NULL AUTO_INCREMENT,
  `voucher_details_id` int(11) DEFAULT NULL COMMENT '凭证明细 Id',
  `accounting_category_id` int(11) DEFAULT NULL COMMENT '辅助类型 id',
  `accounting_category_details_id` int(11) DEFAULT NULL COMMENT '辅助项值 Id',
  PRIMARY KEY (`id`) USING BTREE,
  KEY `accounting_category_id_fk` (`accounting_category_id`) USING BTREE,
  KEY `details_id_fk` (`accounting_category_details_id`) USING BTREE,
  KEY `voucher_details_id_fk` (`voucher_details_id`) USING BTREE
) ENGINE=InnoDB DEFAULT CHARSET=utf8mb4 COLLATE=utf8mb4_bin COMMENT='凭证辅助项关联';

DROP TABLE IF EXISTS  `fxy_financial_voucher_template`;
CREATE TABLE `fxy_financial_voucher_template` (
  `id` int(11) NOT NULL AUTO_INCREMENT,
  `name` varchar(64) COLLATE utf8mb4_bin DEFAULT NULL COMMENT '模板名称',
  `type` tinyint(4) NOT NULL,
  `account_sets_id` int(11) NOT NULL,
  `debit_amount` double DEFAULT '0',
  `credit_amount` double DEFAULT '0',
  `is_default` bit(1) DEFAULT b'0',
  PRIMARY KEY (`id`) USING BTREE,
  KEY `faas_sss` (`account_sets_id`) USING BTREE
) ENGINE=InnoDB DEFAULT CHARSET=utf8mb4 COLLATE=utf8mb4_bin COMMENT='凭证模板';

DROP TABLE IF EXISTS  `fxy_financial_voucher_template_details`;
CREATE TABLE `fxy_financial_voucher_template_details` (
  `id` int(11) NOT NULL AUTO_INCREMENT,
  `voucher_template_id` int(11) NOT NULL,
  `summary` varchar(64) COLLATE utf8mb4_bin NOT NULL COMMENT '摘要',
  `subject_id` int(11) DEFAULT NULL,
  `subject_name` varchar(256) COLLATE utf8mb4_bin DEFAULT NULL COMMENT '科目名称',
  `debit_amount` double DEFAULT NULL COMMENT '借方金额',
  `credit_amount` double DEFAULT NULL COMMENT '贷方金额',
  `account_sets_id` int(11) DEFAULT NULL,
  `subject_code` varchar(128) COLLATE utf8mb4_bin DEFAULT NULL,
  `auxiliary_title` varchar(256) COLLATE utf8mb4_bin DEFAULT NULL,
  PRIMARY KEY (`id`) USING BTREE,
  KEY `fxy_financial_voucher_details_subject_id_fk` (`subject_id`) USING BTREE,
  KEY `fxy_financial_voucher_details_voucher_template_id_fk` (`voucher_template_id`) USING BTREE,
  KEY `fxy_financial_vouchnt_sets_id_fk` (`account_sets_id`) USING BTREE
) ENGINE=InnoDB DEFAULT CHARSET=utf8mb4 COLLATE=utf8mb4_bin COMMENT='凭证模板明细';

DROP TABLE IF EXISTS  `fxy_financial_voucher_word`;
CREATE TABLE `fxy_financial_voucher_word` (
  `id` int(11) NOT NULL AUTO_INCREMENT,
  `word` varchar(16) COLLATE utf8mb4_bin NOT NULL COMMENT '凭证字',
  `print_title` varchar(64) COLLATE utf8mb4_bin NOT NULL COMMENT '打印标题',
  `is_default` bit(1) NOT NULL DEFAULT b'0' COMMENT '是否默认',
  `account_sets_id` int(11) NOT NULL,
  PRIMARY KEY (`id`) USING BTREE,
  UNIQUE KEY `fxy_financial_voucher_word_word_account_sets_id_uindex` (`word`,`account_sets_id`) USING BTREE,
  KEY `fxy_financial_voucher_word_fxy_financial_account_sets_id_fk` (`account_sets_id`) USING BTREE
) ENGINE=InnoDB AUTO_INCREMENT=431 DEFAULT CHARSET=utf8mb4 COLLATE=utf8mb4_bin COMMENT='凭证字';

insert into `fxy_financial_voucher_word`(`id`,`word`,`print_title`,`is_default`,`account_sets_id`) values
(343,'记','记账凭证',b'1',92),
(344,'收','收款凭证',b'0',92),
(345,'付','付款凭证',b'0',92),
(346,'转','转账凭证',b'0',92),
(347,'记','记账凭证',b'1',93),
(348,'收','收款凭证',b'0',93),
(349,'付','付款凭证',b'0',93),
(350,'转','转账凭证',b'0',93),
(351,'记','记账凭证',b'1',94),
(352,'收','收款凭证',b'0',94),
(353,'付','付款凭证',b'0',94),
(354,'转','转账凭证',b'0',94),
(355,'记','记账凭证',b'1',95),
(356,'收','收款凭证',b'0',95),
(357,'付','付款凭证',b'0',95),
(358,'转','转账凭证',b'0',95),
(359,'记','记账凭证',b'1',96),
(360,'收','收款凭证',b'0',96),
(361,'付','付款凭证',b'0',96),
(362,'转','转账凭证',b'0',96),
(363,'记','记账凭证',b'1',97),
(364,'收','收款凭证',b'0',97),
(365,'付','付款凭证',b'0',97),
(366,'转','转账凭证',b'0',97),
(367,'记','记账凭证',b'1',98),
(368,'收','收款凭证',b'0',98),
(369,'付','付款凭证',b'0',98),
(370,'转','转账凭证',b'0',98),
(371,'记','记账凭证',b'1',99),
(372,'收','收款凭证',b'0',99),
(373,'付','付款凭证',b'0',99),
(374,'转','转账凭证',b'0',99),
(375,'记','记账凭证',b'1',100),
(376,'收','收款凭证',b'0',100),
(377,'付','付款凭证',b'0',100),
(378,'转','转账凭证',b'0',100),
(407,'记','记账凭证',b'1',109),
(408,'收','收款凭证',b'0',109),
(409,'付','付款凭证',b'0',109),
(410,'转','转账凭证',b'0',109),
(411,'记','记账凭证',b'1',110),
(412,'收','收款凭证',b'0',110),
(413,'付','付款凭证',b'0',110),
(414,'转','转账凭证',b'0',110),
(415,'记','记账凭证',b'1',111),
(416,'收','收款凭证',b'0',111),
(417,'付','付款凭证',b'0',111),
(418,'转','转账凭证',b'0',111),
(419,'记','记账凭证',b'1',112),
(420,'收','收款凭证',b'0',112),
(421,'付','付款凭证',b'0',112),
(422,'转','转账凭证',b'0',112),
(423,'记','记账凭证',b'1',113),
(424,'收','收款凭证',b'0',113),
(425,'付','付款凭证',b'0',113),
(426,'转','转账凭证',b'0',113),
(427,'记','记账凭证',b'1',114),
(428,'收','收款凭证',b'0',114),
(429,'付','付款凭证',b'0',114),
(430,'转','转账凭证',b'0',114);
SET FOREIGN_KEY_CHECKS = 1;

